time[s],thrust[N]
0,27.23564561
0.0002,27.17498661
0.0004,27.35696361
0.0006,27.41762261
0.0008,27.35696361
0.001,27.66025861
0.0012,27.8422356
0.0014,27.8422356
0.0016,28.0848716
0.0018,28.3881666
0.002,28.5701436
0.0022,28.63080259
0.0024,28.75212059
0.0026,28.93409759
0.0028,29.11607459
0.003,29.11607459
0.0032,29.35871059
0.0034,29.29805159
0.0036,29.54068758
0.0038,29.72266458
0.004,29.48002858
0.0042,29.84398258
0.0044,29.96530058
0.0046,30.02595958
0.0048,30.14727758
0.005,30.26859557
0.0052,30.51123157
0.0054,30.69320857
0.0056,30.81452657
0.0058,31.05716256
0.006,31.11782156
0.0062,30.93584457
0.0064,31.11782156
0.0066,31.17848056
0.0068,31.29979856
0.007,31.17848056
0.0072,31.11782156
0.0074,31.05716256
0.0076,31.05716256
0.0078,31.17848056
0.008,31.05716256
0.0082,31.23913956
0.0084,30.93584457
0.0086,31.29979856
0.0088,31.17848056
0.009,31.36045756
0.0092,31.54243456
0.0094,31.54243456
0.0096,31.48177556
0.0098,31.60309356
0.01,31.60309356
0.0102,31.66375256
0.0104,31.60309356
0.0106,31.72441156
0.0108,31.96704755
0.011,31.78507056
0.0112,31.90638855
0.0114,31.72441156
0.0116,31.60309356
0.0118,31.78507056
0.012,31.54243456
0.0122,31.60309356
0.0124,31.60309356
0.0126,31.48177556
0.0128,31.42111656
0.013,31.48177556
0.0132,31.48177556
0.0134,31.42111656
0.0136,31.23913956
0.0138,31.29979856
0.014,31.23913956
0.0142,31.48177556
0.0144,31.05716256
0.0146,30.81452657
0.0148,31.05716256
0.015,31.05716256
0.0152,30.75386757
0.0154,30.81452657
0.0156,30.93584457
0.0158,30.93584457
0.016,30.69320857
0.0162,30.69320857
0.0164,30.81452657
0.0166,30.57189057
0.0168,31.05716256
0.017,30.57189057
0.0172,30.69320857
0.0174,30.69320857
0.0176,30.38991357
0.0178,30.20793657
0.018,30.26859557
0.0182,30.14727758
0.0184,29.84398258
0.0186,29.60134658
0.0188,29.66200558
0.019,29.66200558
0.0192,29.48002858
0.0194,29.29805159
0.0196,29.35871059
0.0198,29.54068758
0.02,29.29805159
0.0202,29.29805159
0.0204,29.35871059
0.0206,29.35871059
0.0208,29.41936958
0.021,29.23739259
0.0212,29.17673359
0.0214,29.23739259
0.0216,29.05541559
0.0218,28.87343859
0.022,28.87343859
0.0222,28.75212059
0.0224,29.29805159
0.0226,28.5094846
0.0228,28.5701436
0.023,28.87343859
0.0232,28.87343859
0.0234,28.81277959
0.0236,28.81277959
0.0238,28.99475659
0.024,29.17673359
0.0242,28.99475659
0.0244,29.29805159
0.0246,29.35871059
0.0248,29.41936958
0.025,29.41936958
0.0252,29.66200558
0.0254,29.84398258
0.0256,29.48002858
0.0258,29.54068758
0.026,29.72266458
0.0262,29.78332358
0.0264,29.78332358
0.0266,29.54068758
0.0268,29.72266458
0.027,29.84398258
0.0272,29.90464158
0.0274,29.90464158
0.0276,30.14727758
0.0278,30.26859557
0.028,30.81452657
0.0282,30.32925457
0.0284,30.69320857
0.0286,30.93584457
0.0288,30.93584457
0.029,30.81452657
0.0292,31.11782156
0.0294,31.23913956
0.0296,31.17848056
0.0298,30.99650357
0.03,31.17848056
0.0302,31.29979856
0.0304,31.54243456
0.0306,30.99650357
0.0308,31.23913956
0.031,31.42111656
0.0312,31.42111656
0.0314,31.42111656
0.0316,31.48177556
0.0318,31.84572955
0.032,32.45231955
0.0322,32.20968355
0.0324,32.69495554
0.0326,33.05890954
0.0328,33.24088654
0.033,33.54418153
0.0332,33.84747653
0.0334,34.15077153
0.0336,34.51472552
0.0338,34.21143053
0.034,34.45406652
0.0342,34.39340752
0.0344,34.75736152
0.0346,34.69670252
0.0348,34.99999752
0.035,35.60658751
0.0352,35.78856451
0.0354,35.9705415
0.0356,36.4558135
0.0358,36.81976749
0.036,37.30503949
0.0362,37.30503949
0.0364,37.97228848
0.0366,38.15426548
0.0368,38.57887847
0.037,38.88217347
0.0372,39.42810446
0.0374,39.91337646
0.0376,39.97403545
0.0378,40.64128445
0.038,40.88392044
0.0382,41.30853344
0.0384,41.67248743
0.0386,41.79380543
0.0388,42.27907743
0.039,42.70369042
0.0392,43.18896241
0.0394,43.24962141
0.0396,43.55291641
0.0398,44.0381884
0.04,44.3414834
0.0402,44.5841194
0.0404,45.25136839
0.0406,45.79729938
0.0408,46.03993538
0.041,46.76784337
0.0412,47.25311536
0.0414,47.73838736
0.0416,48.16300035
0.0418,48.70893135
0.042,49.25486234
0.0422,49.67947533
0.0424,50.10408833
0.0426,50.46804232
0.0428,51.25660932
0.043,51.68122231
0.0432,51.92385831
0.0434,52.6517663
0.0436,53.44033329
0.0438,54.04692328
0.044,55.01746727
0.0442,55.62405726
0.0444,56.71591925
0.0446,57.26185024
0.0448,58.89964322
0.045,59.38491521
0.0452,60.4767772
0.0454,61.50798019
0.0456,62.59984218
0.0458,63.75236316
0.046,64.90488415
0.0462,65.81476914
0.0464,67.33124412
0.0466,68.18047011
0.0468,69.45430909
0.047,70.78880707
0.0472,71.69869206
0.0474,72.97253105
0.0476,73.94307504
0.0478,75.27757302
0.048,76.36943501
0.0482,77.27931999
0.0484,78.67447698
0.0486,79.76633896
0.0488,81.04017795
0.049,82.19269893
0.0492,83.40587892
0.0494,84.9223539
0.0496,86.01421589
0.0498,87.34871387
0.05,88.62255285
0.0502,90.01770984
0.0504,91.71616182
0.0506,92.38341081
0.0508,93.59659079
0.051,95.05240677
0.0512,96.26558676
0.0514,97.23613075
0.0516,98.38865173
0.0518,99.78380872
0.052,101.1789657
0.0522,102.0888507
0.0524,103.4840077
0.0526,104.6365287
0.0528,106.1530036
0.053,107.3661836
0.0532,108.5187046
0.0534,110.0351796
0.0536,111.6729726
0.0538,113.0681296
0.054,114.4632865
0.0542,115.5551485
0.0544,117.4355775
0.0546,118.5274395
0.0548,120.2258915
0.055,121.4390714
0.0552,123.0162054
0.0554,124.5933394
0.0556,125.8065194
0.0558,127.3836534
0.056,129.2640824
0.0562,130.5379213
0.0564,131.9937373
0.0566,133.5708713
0.0568,135.6332773
0.057,137.2710703
0.0572,138.9088632
0.0574,140.5466562
0.0576,142.8516982
0.0578,144.3075142
0.058,146.1879431
0.0582,148.0077131
0.0584,149.9488011
0.0586,151.4046171
0.0588,153.1030691
0.059,154.983498
0.0592,156.68195
0.0594,158.805015
0.0596,160.746103
0.0598,162.3232369
0.06,164.5676199
0.0602,166.2660719
0.0604,168.2071599
0.0606,170.3302248
0.0608,172.3926308
0.061,174.5156958
0.0612,176.5781018
0.0614,178.7618257
0.0616,181.3095037
0.0618,183.1292737
0.062,185.3736567
0.0622,187.3754036
0.0624,189.9837406
0.0626,191.9854876
0.0628,194.5938245
0.063,196.7775485
0.0632,199.3252265
0.0634,201.5089505
0.0636,204.0566284
0.0638,206.3616704
0.064,208.9700074
0.0642,211.3357083
0.0644,213.8227273
0.0646,216.2490873
0.0648,218.9180832
0.065,221.3444432
0.0652,224.0134392
0.0654,226.6824352
0.0656,229.2301131
0.0658,231.8991091
0.066,234.5074461
0.0662,237.055124
0.0664,239.845438
0.0666,242.696411
0.0668,245.3654069
0.067,248.1557209
0.0672,250.8853759
0.0674,253.5543718
0.0676,256.5266628
0.0678,259.2563177
0.068,262.2892677
0.0682,265.3222177
0.0684,268.5371446
0.0686,271.5094356
0.0688,274.7243626
0.069,277.8179715
0.0692,281.0328985
0.0694,284.3691434
0.0696,287.6447294
0.0698,290.7383384
0.07,293.3466753
0.0702,296.9862153
0.0704,300.2618012
0.0706,303.5373872
0.0708,306.8736322
0.071,310.4525131
0.0712,314.0920531
0.0714,317.792252
0.0716,321.674428
0.0718,326.0418759
0.072,330.1666879
0.0722,333.8668868
0.0724,337.2637908
0.0726,340.4180587
0.0728,343.5723267
0.073,346.6659357
0.0732,350.0021806
0.0734,353.2777666
0.0736,356.4320346
0.0738,359.3436665
0.074,362.3159575
0.0742,364.6816584
0.0744,367.6539494
0.0746,370.3229454
0.0748,373.1132593
0.075,375.9642323
0.0752,378.3299333
0.0754,380.8169522
0.0756,379.7857493
0.0758,385.6696722
0.076,387.9747142
0.0762,390.1584381
0.0764,392.7061161
0.0766,394.8898401
0.0768,396.9522461
0.077,398.953993
0.0772,401.016399
0.0774,402.957487
0.0776,404.837916
0.0778,406.7790039
0.078,408.5381149
0.0782,410.2365669
0.0784,412.1169959
0.0786,413.3908348
0.0788,415.1499458
0.079,416.6057618
0.0792,417.8796008
0.0794,419.1534398
0.0796,420.3666198
0.0798,421.3978227
0.08,422.4896847
0.0802,423.7635237
0.0804,424.4307727
0.0806,425.1586807
0.0808,425.8865887
0.081,426.4931787
0.0812,426.0685657
0.0814,427.8276767
0.0816,428.3129487
0.0818,428.6769027
0.082,429.2228337
0.0822,429.5867876
0.0824,430.4360136
0.0826,431.4065576
0.0828,432.1951246
0.083,432.7410556
0.0832,433.5902816
0.0834,434.3181896
0.0836,435.3493926
0.0838,436.0773006
0.084,436.9871856
0.0842,437.4117986
0.0844,438.3216835
0.0846,439.0495915
0.0848,439.5955225
0.085,440.2627715
0.0852,440.9906795
0.0854,441.3546335
0.0856,441.9005645
0.0858,441.9612235
0.086,442.6891315
0.0862,442.9317675
0.0864,443.1744035
0.0866,443.0530855
0.0868,439.3528865
0.087,443.5383575
0.0872,443.4170395
0.0874,443.2957215
0.0876,443.3563805
0.0878,443.4170395
0.088,443.1744035
0.0882,443.1744035
0.0884,442.8104495
0.0886,443.0530855
0.0888,442.8711085
0.089,442.6891315
0.0892,442.8711085
0.0894,442.5071545
0.0896,442.5678135
0.0898,442.0218825
0.09,441.9005645
0.0902,441.9005645
0.0904,441.7792465
0.0906,441.4152925
0.0908,441.1726565
0.091,440.9906795
0.0912,440.6873845
0.0914,440.5054075
0.0916,440.2627715
0.0918,439.9594765
0.092,439.9594765
0.0922,439.6561815
0.0924,436.3805956
0.0926,439.3528865
0.0928,439.1709095
0.093,439.0495915
0.0932,439.0495915
0.0934,438.9282735
0.0936,438.8676145
0.0938,438.5643195
0.094,438.5036605
0.0942,438.3216835
0.0944,438.3216835
0.0946,438.2003655
0.0948,438.0790475
0.095,437.9577295
0.0952,437.9577295
0.0954,437.8970705
0.0956,437.7150935
0.0958,437.4724576
0.096,437.5331166
0.0962,437.6544345
0.0964,437.4117986
0.0966,437.6544345
0.0968,437.4117986
0.097,437.7757525
0.0972,437.8970705
0.0974,438.0790475
0.0976,438.3216835
0.0978,438.4430015
0.098,435.2280746
0.0982,439.1709095
0.0984,439.3528865
0.0986,439.5955225
0.0988,439.7774995
0.099,440.1414535
0.0992,440.3840895
0.0994,440.9300205
0.0996,441.4759515
0.0998,441.7792465
0.1,470.5551533
0.1002,470.9191073
0.1004,470.9918981
0.1006,471.6470153
0.1008,472.1565509
0.101,472.4477141
0.1012,473.1028313
0.1014,472.9572497
0.1016,473.2484129
0.1018,473.4667853
0.102,473.8307393
0.1022,474.7770197
0.1024,474.8498105
0.1026,475.1409737
0.1028,475.2137645
0.103,475.7233001
0.1032,476.1600449
0.1034,476.451208
0.1036,474.7770197
0.1038,477.1063252
0.104,477.3246976
0.1042,477.7614424
0.1044,477.907024
0.1046,478.4165596
0.1048,478.3437688
0.105,478.7805136
0.1052,478.998886
0.1054,479.0716768
0.1056,479.2172584
0.1058,479.0716768
0.106,478.998886
0.1062,478.9260952
0.1064,478.9260952
0.1066,479.0716768
0.1068,479.2172584
0.107,479.0716768
0.1072,479.0716768
0.1074,478.9260952
0.1076,479.4356308
0.1078,479.5812124
0.108,479.5812124
0.1082,479.6540032
0.1084,479.6540032
0.1086,479.5084216
0.1088,479.5084216
0.109,479.9451664
0.1092,479.5084216
0.1094,480.0179572
0.1096,480.090748
0.1098,479.9451664
0.11,480.1635388
0.1102,480.6730744
0.1104,480.454702
0.1106,480.6730744
0.1108,480.3091204
0.111,480.3819112
0.1112,480.3091204
0.1114,480.454702
0.1116,480.6730744
0.1118,480.9642376
0.112,481.4009824
0.1122,481.6921456
0.1124,481.8377272
0.1126,482.4200536
0.1128,482.7112168
0.113,483.0751708
0.1132,483.4391248
0.1134,483.730288
0.1136,484.2398236
0.1138,483.8030788
0.114,483.9486604
0.1142,484.3126144
0.1144,484.1670328
0.1146,484.5309868
0.1148,484.1670328
0.115,484.2398236
0.1152,484.1670328
0.1154,484.0214512
0.1156,484.094242
0.1158,483.9486604
0.116,484.1670328
0.1162,484.3126144
0.1164,484.1670328
0.1166,484.458196
0.1168,484.5309868
0.117,484.7493591
0.1172,484.8949407
0.1174,484.9677315
0.1176,485.3316855
0.1178,485.2588947
0.118,485.6956395
0.1182,485.9868027
0.1184,486.0595935
0.1186,486.2779659
0.1188,486.4235475
0.119,486.7147107
0.1192,487.2242463
0.1194,487.9521543
0.1196,488.0249451
0.1198,487.9521543
0.12,488.1705267
0.1202,488.3161083
0.1204,488.3888991
0.1206,488.2433175
0.1208,488.6072715
0.121,488.6072715
0.1212,488.7528531
0.1214,489.1168071
0.1216,489.9175059
0.1218,490.1358783
0.122,489.7719243
0.1222,489.9175059
0.1224,489.9902967
0.1226,490.5726231
0.1228,490.4270415
0.123,489.9902967
0.1232,490.2086691
0.1234,489.9175059
0.1236,490.2086691
0.1238,490.4270415
0.124,490.7909955
0.1242,491.1549495
0.1244,491.5189035
0.1246,492.0284391
0.1248,492.2468115
0.125,492.6835562
0.1252,492.8291378
0.1254,492.9747194
0.1256,493.1930918
0.1258,493.3386734
0.126,493.7026274
0.1262,493.3386734
0.1264,493.1930918
0.1266,493.1930918
0.1268,493.120301
0.127,493.1930918
0.1272,493.1930918
0.1274,492.9019286
0.1276,493.0475102
0.1278,493.484255
0.128,493.848209
0.1282,494.212163
0.1284,494.5033262
0.1286,494.576117
0.1288,495.304025
0.129,495.5223974
0.1292,496.2503054
0.1294,496.5414686
0.1296,496.8326318
0.1298,496.395887
0.13,496.6142594
0.1302,496.9782134
0.1304,496.9782134
0.1306,497.6333306
0.1308,497.9972846
0.131,497.9972846
0.1312,498.7251926
0.1314,499.0163558
0.1316,500.035427
0.1318,500.1082178
0.132,500.2537994
0.1322,499.8898454
0.1324,499.5986822
0.1326,499.4531006
0.1328,499.0163558
0.133,498.7979834
0.1332,498.2884478
0.1334,497.7789122
0.1336,497.9244938
0.1338,498.215657
0.134,498.215657
0.1342,498.4340294
0.1344,498.4340294
0.1346,498.579611
0.1348,498.6524018
0.135,498.8707742
0.1352,498.7979834
0.1354,498.3612386
0.1356,498.7251926
0.1358,499.0163558
0.136,499.4531006
0.1362,499.8170546
0.1364,499.4531006
0.1366,500.035427
0.1368,500.5449626
0.137,501.1272889
0.1372,501.9279877
0.1374,501.6368245
0.1376,501.9279877
0.1378,501.7824061
0.138,502.1463601
0.1382,502.2191509
0.1384,502.0735693
0.1386,501.8551969
0.1388,501.2728705
0.139,500.8361257
0.1392,500.6905442
0.1394,500.5449626
0.1396,499.8898454
0.1398,499.7442638
0.14,500.035427
0.1402,500.1082178
0.1404,499.8170546
0.1406,499.7442638
0.1408,500.035427
0.141,500.1082178
0.1412,500.5449626
0.1414,500.399381
0.1416,500.6905442
0.1418,500.8361257
0.142,501.0544981
0.1422,501.9279877
0.1424,502.3647325
0.1426,502.8014773
0.1428,503.0198497
0.143,503.3110129
0.1432,503.9661301
0.1434,504.1845025
0.1436,504.2572933
0.1438,504.3300841
0.144,504.6940381
0.1442,505.1307829
0.1444,505.4219461
0.1446,505.7131093
0.1448,505.5675277
0.145,505.7131093
0.1452,505.4219461
0.1454,505.7131093
0.1456,505.7859001
0.1458,504.9852013
0.146,504.9124105
0.1462,504.6212473
0.1464,504.5484565
0.1466,504.5484565
0.1468,504.5484565
0.147,504.0389209
0.1472,504.0389209
0.1474,503.8933393
0.1476,503.6749669
0.1478,503.5293853
0.148,504.1117117
0.1482,503.9661301
0.1484,504.6940381
0.1486,504.8396197
0.1488,505.2763645
0.149,504.9852013
0.1492,505.3491553
0.1494,505.2763645
0.1496,505.7131093
0.1498,505.7131093
0.15,505.5675277
0.1502,505.5675277
0.1504,506.2954357
0.1506,506.9505529
0.1508,506.8777621
0.151,506.6593897
0.1512,506.8049713
0.1514,506.5138081
0.1516,506.5138081
0.1518,505.9314817
0.152,505.9314817
0.1522,505.3491553
0.1524,505.1307829
0.1526,504.8396197
0.1528,504.8396197
0.153,504.4028749
0.1532,503.9661301
0.1534,503.6749669
0.1536,503.6021761
0.1538,503.6749669
0.154,503.2382221
0.1542,503.6749669
0.1544,503.8205485
0.1546,504.0389209
0.1548,504.2572933
0.155,504.7668289
0.1552,504.7668289
0.1554,505.0579921
0.1556,505.1307829
0.1558,505.3491553
0.156,505.4947369
0.1562,505.7131093
0.1564,505.7859001
0.1566,506.4410173
0.1568,506.9505529
0.157,507.1689253
0.1572,507.3145069
0.1574,507.3145069
0.1576,507.3145069
0.1578,506.7321805
0.158,506.8049713
0.1582,506.6593897
0.1584,506.2226449
0.1586,505.9314817
0.1588,505.2763645
0.159,505.1307829
0.1592,504.8396197
0.1594,504.1845025
0.1596,503.6021761
0.1598,503.1654313
0.16,502.2919417
0.1602,501.3456613
0.1604,500.763335
0.1606,500.5449626
0.1608,500.6905442
0.161,501.2000797
0.1612,501.7824061
0.1614,503.0926405
0.1616,503.7477577
0.1618,504.9124105
0.162,505.7859001
0.1622,506.6593897
0.1624,507.3145069
0.1626,507.6784609
0.1628,508.1879965
0.163,508.3335781
0.1632,508.5519505
0.1634,508.7703229
0.1636,508.9886952
0.1638,508.9886952
0.164,508.6975321
0.1642,508.4791597
0.1644,508.1879965
0.1646,507.7512517
0.1648,507.1689253
0.165,506.8049713
0.1652,506.2226449
0.1654,505.7859001
0.1656,504.9852013
0.1658,504.4028749
0.166,503.8933393
0.1662,503.8933393
0.1664,503.6749669
0.1666,503.3110129
0.1668,503.8205485
0.167,503.3838037
0.1672,503.3110129
0.1674,503.7477577
0.1676,504.2572933
0.1678,504.5484565
0.168,505.2763645
0.1682,505.5675277
0.1684,505.7859001
0.1686,506.5865989
0.1688,506.9505529
0.169,507.6056701
0.1692,508.1152057
0.1694,508.8431137
0.1696,509.42544
0.1698,510.0077664
0.17,509.7166032
0.1702,509.4982308
0.1704,509.6438124
0.1706,509.42544
0.1708,508.9159044
0.171,508.3335781
0.1712,507.3872977
0.1714,506.8049713
0.1716,505.7131093
0.1718,505.4219461
0.172,504.5484565
0.1722,503.6749669
0.1724,502.8014773
0.1726,502.2191509
0.1728,501.6368245
0.173,501.0544981
0.1732,500.6905442
0.1734,500.8361257
0.1736,501.1272889
0.1738,501.4912429
0.174,501.9279877
0.1742,502.5103141
0.1744,503.3110129
0.1746,504.3300841
0.1748,505.4219461
0.175,506.0042725
0.1752,506.5138081
0.1754,507.0233437
0.1756,507.3872977
0.1758,508.4063689
0.176,508.9886952
0.1762,509.2070676
0.1764,509.3526492
0.1766,509.9349756
0.1768,510.5900928
0.177,510.2989296
0.1772,510.0805572
0.1774,509.4982308
0.1776,508.9886952
0.1778,508.4063689
0.178,507.8968333
0.1782,507.0961345
0.1784,505.7131093
0.1786,504.6940381
0.1788,503.8933393
0.179,502.8014773
0.1792,502.0735693
0.1794,500.763335
0.1796,499.5986822
0.1798,498.8707742
0.18,498.5068202
0.1802,498.3612386
0.1804,498.3612386
0.1806,498.3612386
0.1808,498.8707742
0.181,499.8898454
0.1812,500.6177534
0.1814,501.8551969
0.1816,502.3647325
0.1818,503.6749669
0.182,504.6940381
0.1822,505.7131093
0.1824,506.6593897
0.1826,507.1689253
0.1828,507.8968333
0.183,508.4063689
0.1832,508.9886952
0.1834,509.2070676
0.1836,509.2070676
0.1838,508.9886952
0.184,508.1879965
0.1842,508.2607873
0.1844,507.3145069
0.1846,506.5865989
0.1848,505.7859001
0.185,504.6212473
0.1852,503.6021761
0.1854,502.8014773
0.1856,501.7824061
0.1858,500.9817073
0.186,499.8898454
0.1862,498.7979834
0.1864,497.9244938
0.1866,496.9782134
0.1868,496.2503054
0.187,495.4496066
0.1872,495.304025
0.1874,495.5951882
0.1876,495.5951882
0.1878,496.1775146
0.188,496.9782134
0.1882,498.0700754
0.1884,499.3803098
0.1886,500.1082178
0.1888,501.4912429
0.189,502.8014773
0.1892,503.7477577
0.1894,504.6940381
0.1896,505.7131093
0.1898,506.5865989
0.19,507.3145069
0.1902,507.7512517
0.1904,508.6975321
0.1906,508.4063689
0.1908,508.1879965
0.191,507.8968333
0.1912,507.2417161
0.1914,506.3682265
0.1916,505.3491553
0.1918,504.1845025
0.192,503.0926405
0.1922,501.8551969
0.1924,500.763335
0.1926,499.3803098
0.1928,498.215657
0.193,496.5414686
0.1932,494.8672802
0.1934,493.7754182
0.1936,492.6107655
0.1938,491.5189035
0.194,490.7182047
0.1942,490.2814599
0.1944,490.3542507
0.1946,490.8637863
0.1948,491.6644851
0.195,492.9019286
0.1952,494.212163
0.1954,495.8135606
0.1956,497.4149582
0.1958,499.0163558
0.196,501.0544981
0.1962,501.6368245
0.1964,503.3110129
0.1966,503.9661301
0.1968,505.4219461
0.197,506.2226449
0.1972,506.5865989
0.1974,507.3145069
0.1976,507.5328793
0.1978,507.8968333
0.198,507.5328793
0.1982,507.2417161
0.1984,506.3682265
0.1986,505.6403185
0.1988,504.8396197
0.199,503.3838037
0.1992,502.1463601
0.1994,500.9817073
0.1996,499.9626362
0.1998,498.943565
0.2,497.7789122
0.2002,496.9054226
0.2004,495.8863514
0.2006,494.7216986
0.2008,494.4305354
0.201,494.0665814
0.2012,493.6298366
0.2014,493.9209998
0.2016,493.7026274
0.2018,495.0128618
0.202,496.031933
0.2022,497.3421674
0.2024,499.0163558
0.2026,500.2537994
0.2028,502.0007785
0.203,503.3110129
0.2032,504.5484565
0.2034,505.6403185
0.2036,506.5138081
0.2038,507.3872977
0.204,507.8968333
0.2042,508.4063689
0.2044,508.4791597
0.2046,508.8431137
0.2048,508.4063689
0.205,508.5519505
0.2052,507.9696241
0.2054,507.4600885
0.2056,506.2226449
0.2058,505.2035737
0.206,503.4565945
0.2062,502.1463601
0.2064,501.0544981
0.2066,499.5986822
0.2068,498.7979834
0.207,497.5605398
0.2072,497.0510042
0.2074,496.4686778
0.2076,496.1047238
0.2078,496.2503054
0.208,496.1047238
0.2082,496.9782134
0.2084,497.487749
0.2086,498.3612386
0.2088,499.307519
0.209,500.6177534
0.2092,501.7824061
0.2094,503.2382221
0.2096,504.5484565
0.2098,505.9314817
0.21,506.5865989
0.2102,507.7512517
0.2104,508.6975321
0.2106,509.5710216
0.2108,509.7166032
0.211,509.8621848
0.2112,510.0077664
0.2114,509.8621848
0.2116,509.3526492
0.2118,508.6975321
0.212,508.1152057
0.2122,507.0961345
0.2124,506.2226449
0.2126,504.6212473
0.2128,503.6021761
0.213,502.5103141
0.2132,501.0544981
0.2134,499.8898454
0.2136,498.7251926
0.2138,497.851703
0.214,497.2693766
0.2142,496.8326318
0.2144,496.9782134
0.2146,497.3421674
0.2148,498.4340294
0.215,499.2347282
0.2152,500.6905442
0.2154,501.7824061
0.2156,502.5103141
0.2158,504.2572933
0.216,505.2763645
0.2162,506.2226449
0.2164,507.1689253
0.2166,507.9696241
0.2168,508.6247413
0.217,509.8621848
0.2172,510.2261388
0.2174,510.517302
0.2176,510.6628836
0.2178,510.4445112
0.218,510.4445112
0.2182,509.8621848
0.2184,508.6975321
0.2186,507.9696241
0.2188,506.7321805
0.219,505.7131093
0.2192,504.6940381
0.2194,503.4565945
0.2196,502.1463601
0.2198,501.0544981
0.22,500.1082178
0.2202,499.3803098
0.2204,498.7979834
0.2206,498.3612386
0.2208,498.3612386
0.221,498.6524018
0.2212,498.8707742
0.2214,499.9626362
0.2216,500.6177534
0.2218,501.6368245
0.222,503.0198497
0.2222,504.0389209
0.2224,505.2763645
0.2226,506.3682265
0.2228,507.3145069
0.223,508.1152057
0.2232,508.9886952
0.2234,509.7166032
0.2236,510.0077664
0.2238,509.9349756
0.224,509.789394
0.2242,509.2070676
0.2244,508.7703229
0.2246,508.0424149
0.2248,506.8777621
0.225,505.7131093
0.2252,504.4028749
0.2254,503.2382221
0.2256,501.7824061
0.2258,500.5449626
0.226,499.4531006
0.2262,498.2884478
0.2264,497.3421674
0.2266,496.5414686
0.2268,496.3230962
0.227,496.395887
0.2272,496.4686778
0.2274,497.4149582
0.2276,498.3612386
0.2278,499.0163558
0.228,500.1810086
0.2282,501.2000797
0.2284,502.5831049
0.2286,503.6021761
0.2288,504.8396197
0.229,506.0770633
0.2292,506.7321805
0.2294,507.7512517
0.2296,507.8240425
0.2298,508.6975321
0.23,508.6975321
0.2302,508.9159044
0.2304,508.4791597
0.2306,508.3335781
0.2308,507.4600885
0.231,506.5865989
0.2312,505.5675277
0.2314,504.1845025
0.2316,502.5103141
0.2318,501.1272889
0.232,499.5986822
0.2322,497.9244938
0.2324,497.0510042
0.2326,496.1047238
0.2328,495.667979
0.233,495.5223974
0.2332,495.304025
0.2334,495.667979
0.2336,496.5414686
0.2338,497.5605398
0.234,498.5068202
0.2342,499.7442638
0.2344,500.8361257
0.2346,502.2919417
0.2348,503.4565945
0.235,504.8396197
0.2352,506.2954357
0.2354,507.3145069
0.2356,508.0424149
0.2358,508.5519505
0.236,509.1342768
0.2362,509.2798584
0.2364,509.2798584
0.2366,509.2070676
0.2368,508.5519505
0.237,508.4063689
0.2372,507.2417161
0.2374,506.3682265
0.2376,505.1307829
0.2378,503.6021761
0.238,502.7286865
0.2382,501.2728705
0.2384,499.9626362
0.2386,499.1619374
0.2388,498.5068202
0.239,497.7789122
0.2392,497.487749
0.2394,497.123795
0.2396,497.1965858
0.2398,497.487749
0.24,498.215657
0.2402,499.1619374
0.2404,500.1810086
0.2406,501.0544981
0.2408,502.0735693
0.241,503.6021761
0.2412,504.5484565
0.2414,505.7131093
0.2416,506.8049713
0.2418,507.6056701
0.242,508.5519505
0.2422,509.1342768
0.2424,509.5710216
0.2426,509.9349756
0.2428,509.5710216
0.243,509.789394
0.2432,509.42544
0.2434,508.9159044
0.2436,507.8968333
0.2438,506.6593897
0.244,505.5675277
0.2442,504.1845025
0.2444,502.8742681
0.2446,501.5640337
0.2448,500.1810086
0.245,499.3803098
0.2452,498.215657
0.2454,497.7789122
0.2456,497.1965858
0.2458,497.1965858
0.246,497.487749
0.2462,497.6333306
0.2464,498.5068202
0.2466,499.1619374
0.2468,500.1082178
0.247,500.9089165
0.2472,502.0735693
0.2474,503.0198497
0.2476,503.8933393
0.2478,504.6940381
0.248,505.4219461
0.2482,506.0770633
0.2484,506.8049713
0.2486,507.3145069
0.2488,507.6784609
0.249,507.7512517
0.2492,507.1689253
0.2494,506.9505529
0.2496,506.5138081
0.2498,505.9314817
0.25,504.9852013
0.2502,503.6021761
0.2504,502.2919417
0.2506,501.1272889
0.2508,499.8898454
0.251,498.579611
0.2512,497.4149582
0.2514,496.1047238
0.2516,495.667979
0.2518,495.1584434
0.252,495.304025
0.2522,495.2312342
0.2524,495.4496066
0.2526,496.1047238
0.2528,496.759841
0.253,497.9244938
0.2532,498.4340294
0.2534,499.307519
0.2536,500.6177534
0.2538,501.4912429
0.254,502.5831049
0.2542,503.3110129
0.2544,504.0389209
0.2546,504.6212473
0.2548,504.8396197
0.255,505.4947369
0.2552,505.5675277
0.2554,505.2763645
0.2556,504.8396197
0.2558,504.2572933
0.256,503.6749669
0.2562,502.8014773
0.2564,501.4912429
0.2566,500.6177534
0.2568,499.0163558
0.257,498.0700754
0.2572,496.8326318
0.2574,496.031933
0.2576,495.0856526
0.2578,494.212163
0.258,494.3577446
0.2582,493.9209998
0.2584,494.212163
0.2586,494.5033262
0.2588,494.576117
0.259,495.667979
0.2592,496.031933
0.2594,497.0510042
0.2596,497.6333306
0.2598,498.7251926
0.26,499.8170546
0.2602,500.763335
0.2604,501.7824061
0.2606,502.5103141
0.2608,502.8742681
0.261,503.6021761
0.2612,503.6749669
0.2614,503.7477577
0.2616,503.4565945
0.2618,502.6558957
0.262,502.2191509
0.2622,501.4184521
0.2624,500.5449626
0.2626,499.4531006
0.2628,498.4340294
0.263,497.7061214
0.2632,496.8326318
0.2634,495.9591422
0.2636,495.0128618
0.2638,494.0665814
0.264,493.6298366
0.2642,492.6835562
0.2644,492.2468115
0.2646,491.8100667
0.2648,491.7372759
0.265,492.1012299
0.2652,492.5379747
0.2654,493.3386734
0.2656,494.5033262
0.2658,495.667979
0.266,497.2693766
0.2662,498.3612386
0.2664,499.671473
0.2666,500.8361257
0.2668,501.6368245
0.267,502.2919417
0.2672,502.5831049
0.2674,502.8014773
0.2676,503.1654313
0.2678,503.2382221
0.268,503.0926405
0.2682,502.6558957
0.2684,502.2919417
0.2686,501.4184521
0.2688,500.763335
0.269,499.671473
0.2692,498.4340294
0.2694,497.123795
0.2696,496.1775146
0.2698,495.304025
0.27,494.5033262
0.2702,493.6298366
0.2704,493.2658826
0.2706,493.0475102
0.2708,492.9019286
0.271,493.0475102
0.2712,492.8291378
0.2714,493.7754182
0.2716,494.1393722
0.2718,494.576117
0.272,495.8135606
0.2722,496.6142594
0.2724,497.9244938
0.2726,499.5258914
0.2728,500.6905442
0.273,501.6368245
0.2732,502.9470589
0.2734,503.8205485
0.2736,504.4028749
0.2738,504.6940381
0.274,504.9124105
0.2742,504.8396197
0.2744,504.7668289
0.2746,504.3300841
0.2748,503.7477577
0.275,503.3110129
0.2752,502.8742681
0.2754,502.0735693
0.2756,501.2000797
0.2758,500.035427
0.276,499.5986822
0.2762,497.9244938
0.2764,496.5414686
0.2766,495.1584434
0.2768,493.6298366
0.277,492.756347
0.2772,492.1012299
0.2774,492.2468115
0.2776,492.4651839
0.2778,492.9019286
0.278,493.5570458
0.2782,494.7216986
0.2784,495.9591422
0.2786,497.0510042
0.2788,498.6524018
0.279,499.8898454
0.2792,501.1272889
0.2794,502.4375233
0.2796,503.3110129
0.2798,504.4028749
0.28,505.1307829
0.2802,506.0042725
0.2804,506.5138081
0.2806,506.8049713
0.2808,506.6593897
0.281,506.1498541
0.2812,505.3491553
0.2814,504.6940381
0.2816,503.7477577
0.2818,502.3647325
0.282,501.4184521
0.2822,499.8170546
0.2824,498.6524018
0.2826,497.6333306
0.2828,496.031933
0.283,495.2312342
0.2832,494.0665814
0.2834,493.2658826
0.2836,492.2468115
0.2838,491.7372759
0.284,491.3733219
0.2842,491.5189035
0.2844,491.5916943
0.2846,492.756347
0.2848,493.7754182
0.285,495.2312342
0.2852,496.6142594
0.2854,498.8707742
0.2856,500.2537994
0.2858,501.7824061
0.286,503.2382221
0.2862,504.3300841
0.2864,505.2763645
0.2866,506.2954357
0.2868,506.5138081
0.287,507.1689253
0.2872,507.1689253
0.2874,507.3145069
0.2876,507.1689253
0.2878,506.8777621
0.288,506.0770633
0.2882,504.8396197
0.2884,503.4565945
0.2886,502.2919417
0.2888,500.9089165
0.289,499.0891466
0.2892,497.487749
0.2894,496.1775146
0.2896,494.8672802
0.2898,494.212163
0.29,493.6298366
0.2902,493.2658826
0.2904,492.9747194
0.2906,493.4114642
0.2908,493.7754182
0.291,494.576117
0.2912,494.8672802
0.2914,495.7407698
0.2916,496.9782134
0.2918,498.5068202
0.292,499.8170546
0.2922,501.3456613
0.2924,502.6558957
0.2926,504.1117117
0.2928,505.3491553
0.293,506.3682265
0.2932,506.9505529
0.2934,507.1689253
0.2936,507.3872977
0.2938,507.6784609
0.294,507.3145069
0.2942,506.9505529
0.2944,505.7859001
0.2946,505.1307829
0.2948,503.9661301
0.295,503.1654313
0.2952,501.6368245
0.2954,499.8170546
0.2956,497.9244938
0.2958,495.9591422
0.296,494.2849538
0.2962,492.6107655
0.2964,491.1549495
0.2966,490.0630875
0.2968,489.4079703
0.297,489.5535519
0.2972,489.8447151
0.2974,490.2814599
0.2976,491.3005311
0.2978,492.5379747
0.298,494.0665814
0.2982,495.7407698
0.2984,496.9782134
0.2986,498.5068202
0.2988,499.4531006
0.299,500.8361257
0.2992,501.9279877
0.2994,502.8014773
0.2996,503.2382221
0.2998,503.7477577
0.3,503.8205485
0.3002,504.1117117
0.3004,503.7477577
0.3006,503.1654313
0.3008,502.2191509
0.301,501.4184521
0.3012,499.9626362
0.3014,498.7979834
0.3016,497.0510042
0.3018,495.8135606
0.302,494.4305354
0.3022,493.120301
0.3024,491.8100667
0.3026,490.8637863
0.3028,489.9902967
0.303,489.2623887
0.3032,488.8984347
0.3034,489.0440163
0.3036,489.4807611
0.3038,489.6263427
0.304,490.2086691
0.3042,491.3005311
0.3044,492.6835562
0.3046,494.0665814
0.3048,495.5951882
0.305,497.1965858
0.3052,498.3612386
0.3054,499.307519
0.3056,500.399381
0.3058,501.4184521
0.306,502.0007785
0.3062,502.0735693
0.3064,501.9279877
0.3066,502.0007785
0.3068,501.8551969
0.307,501.2728705
0.3072,500.2537994
0.3074,499.307519
0.3076,498.215657
0.3078,496.6870502
0.308,495.1584434
0.3082,493.848209
0.3084,492.3196023
0.3086,490.9365771
0.3088,489.5535519
0.309,488.6072715
0.3092,487.9521543
0.3094,487.3698279
0.3096,487.3698279
0.3098,487.2970371
0.31,487.2970371
0.3102,488.3888991
0.3104,489.2623887
0.3106,490.4998323
0.3108,491.4461127
0.311,492.6835562
0.3112,494.5033262
0.3114,495.8135606
0.3116,497.1965858
0.3118,498.6524018
0.312,499.5258914
0.3122,500.399381
0.3124,500.9089165
0.3126,501.2728705
0.3128,501.0544981
0.313,500.6905442
0.3132,500.1810086
0.3134,499.5986822
0.3136,498.579611
0.3138,497.5605398
0.314,496.3230962
0.3142,495.2312342
0.3144,493.6298366
0.3146,492.1740207
0.3148,490.9365771
0.315,489.6263427
0.3152,488.3161083
0.3154,487.2242463
0.3156,486.6419199
0.3158,486.1323843
0.316,486.1323843
0.3162,486.7147107
0.3164,486.8602923
0.3166,487.8793635
0.3168,489.0440163
0.317,490.1358783
0.3172,491.8100667
0.3174,493.0475102
0.3176,494.576117
0.3178,495.8135606
0.318,496.9054226
0.3182,498.215657
0.3184,498.7251926
0.3186,499.5986822
0.3188,499.9626362
0.319,499.9626362
0.3192,500.2537994
0.3194,500.035427
0.3196,499.307519
0.3198,498.7251926
0.32,497.3421674
0.3202,496.1775146
0.3204,494.7216986
0.3206,493.1930918
0.3208,491.7372759
0.321,490.1358783
0.3212,489.0440163
0.3214,487.8065727
0.3216,486.9330831
0.3218,486.2051751
0.322,485.0405223
0.3222,485.1861039
0.3224,484.9677315
0.3226,485.1133131
0.3228,485.1861039
0.323,485.9140119
0.3232,487.1514555
0.3234,488.5344807
0.3236,489.8447151
0.3238,491.3733219
0.324,492.5379747
0.3242,494.1393722
0.3244,495.8135606
0.3246,497.2693766
0.3248,498.579611
0.325,499.0163558
0.3252,499.671473
0.3254,499.5986822
0.3256,499.9626362
0.3258,499.1619374
0.326,498.3612386
0.3262,497.7789122
0.3264,496.5414686
0.3266,495.5951882
0.3268,494.2849538
0.327,492.756347
0.3272,491.7372759
0.3274,490.7182047
0.3276,489.1895979
0.3278,488.3161083
0.328,487.3698279
0.3282,486.5691291
0.3284,485.5500579
0.3286,485.1861039
0.3288,485.1861039
0.329,485.4044763
0.3292,485.5500579
0.3294,486.1323843
0.3296,487.2242463
0.3298,488.2433175
0.33,489.6263427
0.3302,491.1549495
0.3304,492.3196023
0.3306,493.4114642
0.3308,495.1584434
0.331,496.1047238
0.3312,497.487749
0.3314,498.0700754
0.3316,498.943565
0.3318,499.4531006
0.332,499.7442638
0.3322,499.7442638
0.3324,499.5258914
0.3326,498.8707742
0.3328,498.3612386
0.333,496.9782134
0.3332,495.8135606
0.3334,494.2849538
0.3336,492.8291378
0.3338,491.6644851
0.334,490.4270415
0.3342,489.4807611
0.3344,488.6072715
0.3346,487.3698279
0.3348,486.7147107
0.335,486.2779659
0.3352,486.1323843
0.3354,485.6956395
0.3356,485.6956395
0.3358,486.2051751
0.336,486.7147107
0.3362,487.5154095
0.3364,488.2433175
0.3366,489.3351795
0.3368,490.5726231
0.337,491.6644851
0.3372,493.1930918
0.3374,494.576117
0.3376,495.304025
0.3378,496.6870502
0.338,497.3421674
0.3382,498.2884478
0.3384,499.0163558
0.3386,499.1619374
0.3388,499.1619374
0.339,498.7979834
0.3392,498.4340294
0.3394,497.487749
0.3396,496.6870502
0.3398,495.304025
0.34,493.9937906
0.3402,493.2658826
0.3404,491.9556483
0.3406,491.1549495
0.3408,489.9902967
0.341,489.1895979
0.3412,488.8984347
0.3414,488.6072715
0.3416,488.4616899
0.3418,488.3888991
0.342,488.3161083
0.3422,488.7528531
0.3424,488.8256439
0.3426,489.2623887
0.3428,489.7719243
0.343,490.3542507
0.3432,491.3005311
0.3434,492.3923931
0.3436,493.7754182
0.3438,495.2312342
0.344,496.2503054
0.3442,497.6333306
0.3444,498.1428662
0.3446,499.1619374
0.3448,499.5258914
0.345,499.9626362
0.3452,499.9626362
0.3454,499.8898454
0.3456,499.5986822
0.3458,499.3803098
0.346,498.8707742
0.3462,498.2884478
0.3464,497.487749
0.3466,496.5414686
0.3468,495.8135606
0.347,494.4305354
0.3472,493.484255
0.3474,492.5379747
0.3476,491.3733219
0.3478,490.6454139
0.348,490.2814599
0.3482,489.6263427
0.3484,489.3351795
0.3486,488.8984347
0.3488,489.1168071
0.349,489.1895979
0.3492,489.8447151
0.3494,490.4270415
0.3496,490.8637863
0.3498,492.1740207
0.35,492.9019286
0.3502,494.212163
0.3504,495.5951882
0.3506,496.5414686
0.3508,497.9244938
0.351,499.0891466
0.3512,500.399381
0.3514,501.0544981
0.3516,501.4184521
0.3518,501.4184521
0.352,501.1272889
0.3522,500.9089165
0.3524,500.2537994
0.3526,499.7442638
0.3528,498.6524018
0.353,497.6333306
0.3532,496.759841
0.3534,495.667979
0.3536,494.4305354
0.3538,493.7026274
0.354,492.6107655
0.3542,491.8100667
0.3544,491.0821587
0.3546,490.4270415
0.3548,489.8447151
0.355,489.6263427
0.3552,489.5535519
0.3554,489.9175059
0.3556,489.9175059
0.3558,490.4270415
0.356,491.2277403
0.3562,491.8828575
0.3564,492.756347
0.3566,494.212163
0.3568,495.4496066
0.357,496.9782134
0.3572,498.3612386
0.3574,499.4531006
0.3576,500.5449626
0.3578,501.7824061
0.358,502.4375233
0.3582,504.7668289
0.3584,503.0198497
0.3586,502.7286865
0.3588,502.1463601
0.359,501.4912429
0.3592,500.6905442
0.3594,499.4531006
0.3596,498.2884478
0.3598,497.0510042
0.36,495.8863514
0.3602,494.7216986
0.3604,493.6298366
0.3606,492.2468115
0.3608,491.3005311
0.361,489.6991335
0.3612,489.7719243
0.3614,489.3351795
0.3616,488.9712255
0.3618,489.1895979
0.362,489.2623887
0.3622,489.9175059
0.3624,490.2814599
0.3626,491.1549495
0.3628,492.2468115
0.363,492.9747194
0.3632,494.212163
0.3634,495.5951882
0.3636,496.6870502
0.3638,501.3456613
0.364,499.0163558
0.3642,500.035427
0.3644,501.2000797
0.3646,501.9279877
0.3648,501.9279877
0.365,501.4184521
0.3652,501.2000797
0.3654,500.4721718
0.3656,499.8170546
0.3658,498.8707742
0.366,497.2693766
0.3662,496.031933
0.3664,494.6489078
0.3666,493.5570458
0.3668,492.6107655
0.367,491.1549495
0.3672,490.2086691
0.3674,489.4807611
0.3676,489.1168071
0.3678,488.2433175
0.368,488.0249451
0.3682,487.6609911
0.3684,487.8065727
0.3686,488.0977359
0.3688,489.0440163
0.369,490.2814599
0.3692,491.3005311
0.3694,493.6298366
0.3696,493.5570458
0.3698,494.8672802
0.37,496.2503054
0.3702,497.487749
0.3704,498.8707742
0.3706,499.8898454
0.3708,501.0544981
0.371,501.7824061
0.3712,502.2191509
0.3714,502.2919417
0.3716,502.0007785
0.3718,501.4184521
0.372,500.6177534
0.3722,499.0891466
0.3724,497.6333306
0.3726,495.8135606
0.3728,494.7944894
0.373,493.3386734
0.3732,492.2468115
0.3734,491.1549495
0.3736,490.4270415
0.3738,489.3351795
0.374,488.7528531
0.3742,488.3161083
0.3744,487.9521543
0.3746,487.5154095
0.3748,487.6609911
0.375,483.0751708
0.3752,488.0977359
0.3754,488.7528531
0.3756,489.6263427
0.3758,490.5726231
0.376,491.8100667
0.3762,493.3386734
0.3764,494.7944894
0.3766,496.2503054
0.3768,497.2693766
0.377,498.579611
0.3772,499.307519
0.3774,499.9626362
0.3776,500.3265902
0.3778,500.399381
0.378,500.2537994
0.3782,499.5986822
0.3784,499.0163558
0.3786,498.0700754
0.3788,497.0510042
0.379,496.395887
0.3792,495.1584434
0.3794,493.9209998
0.3796,491.8100667
0.3798,490.6454139
0.38,489.4807611
0.3802,488.2433175
0.3804,487.3698279
0.3806,484.8949407
0.3808,485.9140119
0.381,485.6956395
0.3812,485.9868027
0.3814,486.5691291
0.3816,487.2970371
0.3818,487.8793635
0.382,488.5344807
0.3822,489.5535519
0.3824,490.6454139
0.3826,491.6644851
0.3828,492.6835562
0.383,494.0665814
0.3832,495.0856526
0.3834,496.6870502
0.3836,497.6333306
0.3838,498.6524018
0.384,499.5986822
0.3842,500.035427
0.3844,500.4721718
0.3846,499.8898454
0.3848,498.943565
0.385,497.7789122
0.3852,496.395887
0.3854,495.4496066
0.3856,493.848209
0.3858,492.5379747
0.386,491.0821587
0.3862,485.9140119
0.3864,488.8984347
0.3866,488.0977359
0.3868,486.8602923
0.387,486.2051751
0.3872,485.1133131
0.3874,484.8949407
0.3876,484.5309868
0.3878,484.7493591
0.388,484.7493591
0.3882,485.3316855
0.3884,485.8412211
0.3886,487.4426187
0.3888,488.8256439
0.389,490.5726231
0.3892,491.8828575
0.3894,493.2658826
0.3896,494.4305354
0.3898,495.8135606
0.39,496.6870502
0.3902,497.4149582
0.3904,498.0700754
0.3906,498.2884478
0.3908,498.3612386
0.391,498.579611
0.3912,497.9244938
0.3914,497.4149582
0.3916,496.395887
0.3918,491.8828575
0.392,494.1393722
0.3922,492.6835562
0.3924,491.3005311
0.3926,489.7719243
0.3928,488.3888991
0.393,487.3698279
0.3932,486.4963383
0.3934,486.1323843
0.3936,485.1861039
0.3938,484.9677315
0.394,484.6037775
0.3942,485.1861039
0.3944,485.4772671
0.3946,485.6956395
0.3948,486.2051751
0.395,487.0058739
0.3952,487.9521543
0.3954,489.1895979
0.3956,490.7182047
0.3958,492.1012299
0.396,493.484255
0.3962,495.0128618
0.3964,496.6870502
0.3966,497.9244938
0.3968,498.579611
0.397,498.943565
0.3972,499.307519
0.3974,498.215657
0.3976,498.7251926
0.3978,497.7789122
0.398,496.8326318
0.3982,495.4496066
0.3984,494.5033262
0.3986,493.3386734
0.3988,492.1740207
0.399,491.3005311
0.3992,489.9175059
0.3994,489.0440163
0.3996,488.0977359
0.3998,487.2242463
0.4,486.4963383
0.4002,485.9868027
0.4004,485.6228487
0.4006,485.6956395
0.4008,485.6956395
0.401,486.3507567
0.4012,487.0058739
0.4014,487.5154095
0.4016,488.4616899
0.4018,489.6263427
0.402,490.8637863
0.4022,492.1012299
0.4024,493.484255
0.4026,494.3577446
0.4028,495.3768158
0.403,496.3230962
0.4032,497.0510042
0.4034,497.7789122
0.4036,498.215657
0.4038,498.2884478
0.404,498.5068202
0.4042,497.7789122
0.4044,497.6333306
0.4046,496.6870502
0.4048,495.4496066
0.405,494.2849538
0.4052,493.120301
0.4054,491.5189035
0.4056,490.0630875
0.4058,489.3351795
0.406,487.8065727
0.4062,486.9330831
0.4064,486.2779659
0.4066,485.6228487
0.4068,485.1133131
0.407,485.1133131
0.4072,485.2588947
0.4074,485.8412211
0.4076,486.4235475
0.4078,486.6419199
0.408,487.6609911
0.4082,488.3161083
0.4084,489.5535519
0.4086,490.4270415
0.4088,491.3005311
0.409,492.2468115
0.4092,493.4114642
0.4094,494.3577446
0.4096,495.3768158
0.4098,496.3230962
0.41,496.6870502
0.4102,496.9782134
0.4104,497.4149582
0.4106,497.1965858
0.4108,496.5414686
0.411,495.8135606
0.4112,494.7216986
0.4114,493.9937906
0.4116,492.3923931
0.4118,491.1549495
0.412,490.2086691
0.4122,489.4079703
0.4124,488.2433175
0.4126,487.6609911
0.4128,486.8602923
0.413,486.1323843
0.4132,485.6228487
0.4134,485.7684303
0.4136,485.5500579
0.4138,486.1323843
0.414,486.3507567
0.4142,487.0786647
0.4144,487.8793635
0.4146,488.9712255
0.4148,489.6991335
0.415,490.7909955
0.4152,491.5189035
0.4154,492.6107655
0.4156,493.6298366
0.4158,494.7216986
0.416,495.3768158
0.4162,495.9591422
0.4164,497.0510042
0.4166,497.6333306
0.4168,498.0700754
0.417,498.3612386
0.4172,498.0700754
0.4174,497.9972846
0.4176,497.4149582
0.4178,496.6142594
0.418,495.5951882
0.4182,494.4305354
0.4184,493.1930918
0.4186,491.8100667
0.4188,490.6454139
0.419,489.6991335
0.4192,488.8256439
0.4194,488.4616899
0.4196,487.8793635
0.4198,487.8793635
0.42,487.6609911
0.4202,487.5154095
0.4204,487.5154095
0.4206,487.9521543
0.4208,488.3161083
0.421,488.6072715
0.4212,489.2623887
0.4214,489.9902967
0.4216,491.0093679
0.4218,492.1012299
0.422,492.9747194
0.4222,494.212163
0.4224,495.0856526
0.4226,495.667979
0.4228,497.0510042
0.423,497.6333306
0.4232,497.851703
0.4234,497.851703
0.4236,497.7061214
0.4238,497.1965858
0.424,496.6142594
0.4242,495.7407698
0.4244,494.7216986
0.4246,493.5570458
0.4248,492.6835562
0.425,492.0284391
0.4252,490.8637863
0.4254,489.8447151
0.4256,489.1168071
0.4258,488.0977359
0.426,487.8065727
0.4262,487.5154095
0.4264,487.0058739
0.4266,486.7147107
0.4268,486.5691291
0.427,487.0058739
0.4272,487.4426187
0.4274,488.0977359
0.4276,488.3161083
0.4278,488.6072715
0.428,488.8984347
0.4282,489.7719243
0.4284,490.7182047
0.4286,491.5189035
0.4288,492.1012299
0.429,492.9019286
0.4292,493.9937906
0.4294,495.1584434
0.4296,496.1047238
0.4298,496.4686778
0.43,496.759841
0.4302,496.6870502
0.4304,496.031933
0.4306,495.5223974
0.4308,494.212163
0.431,493.0475102
0.4312,491.9556483
0.4314,491.1549495
0.4316,490.1358783
0.4318,489.6263427
0.432,488.9712255
0.4322,488.4616899
0.4324,488.1705267
0.4326,487.6609911
0.4328,486.9330831
0.433,486.2779659
0.4332,485.8412211
0.4334,485.6228487
0.4336,485.2588947
0.4338,484.8949407
0.434,485.4772671
0.4342,486.1323843
0.4344,486.9330831
0.4346,488.5344807
0.4348,489.6991335
0.435,490.8637863
0.4352,491.8828575
0.4354,492.9019286
0.4356,493.4114642
0.4358,493.484255
0.436,493.7754182
0.4362,493.9209998
0.4364,493.9937906
0.4366,493.7026274
0.4368,493.7754182
0.437,493.484255
0.4372,493.5570458
0.4374,492.8291378
0.4376,492.5379747
0.4378,491.8100667
0.438,491.1549495
0.4382,490.1358783
0.4384,489.4807611
0.4386,488.6072715
0.4388,487.9521543
0.439,487.2242463
0.4392,486.7147107
0.4394,486.2779659
0.4396,486.1323843
0.4398,485.8412211
0.44,485.4772671
0.4402,485.4044763
0.4404,485.4772671
0.4406,485.8412211
0.4408,486.2779659
0.441,486.4963383
0.4412,487.3698279
0.4414,488.0977359
0.4416,489.3351795
0.4418,489.9175059
0.442,491.0093679
0.4422,491.9556483
0.4424,492.8291378
0.4426,493.484255
0.4428,493.5570458
0.443,493.9209998
0.4432,493.7754182
0.4434,493.9937906
0.4436,494.0665814
0.4438,493.9937906
0.444,493.3386734
0.4442,492.8291378
0.4444,489.7131506
0.4446,489.123904
0.4448,488.6795286
0.445,487.9454807
0.4452,486.8493568
0.4454,485.9705353
0.4456,486.0331842
0.4458,485.8785802
0.446,485.4343212
0.4462,484.9900797
0.4464,484.9803294
0.4466,485.1878116
0.4468,485.1780569
0.447,485.6751576
0.4472,485.6653928
0.4474,486.162463
0.4476,486.4423021
0.4478,486.5773254
0.448,487.2191474
0.4482,488.0057416
0.4484,488.2855196
0.4486,488.4204934
0.4488,488.700251
0.449,489.4143572
0.4492,490.200826
0.4494,490.4805298
0.4496,491.3393339
0.4498,491.4742276
0.45,491.6815016
0.4502,492.1059208
0.4504,492.3855561
0.4506,492.4480347
0.4508,492.2209893
0.451,492.0663314
0.4512,491.2602832
0.4514,490.7437706
0.4516,490.154904
0.4518,488.9870769
0.452,488.2535255
0.4522,487.2305229
0.4524,486.7865099
0.4526,485.9806787
0.4528,485.6814393
0.453,485.2374832
0.4532,485.5171724
0.4534,485.6521273
0.4536,485.8594362
0.4538,485.8496612
0.454,485.9122431
0.4542,486.4089551
0.4544,486.8332928
0.4546,487.1852603
0.4548,487.392511
0.455,487.4550536
0.4552,487.734638
0.4554,488.3035979
0.4556,488.8001891
0.4558,488.7903529
0.456,489.359256
0.4562,489.9281356
0.4564,490.1352946
0.4566,490.559459
0.4568,490.3325767
0.457,490.612049
0.4572,490.8915096
0.4574,490.6646331
0.4576,490.6547576
0.4578,490.3555648
0.458,490.2010394
0.4582,489.5402351
0.4584,488.951782
0.4586,489.086587
0.4588,488.0642337
0.459,487.6204857
0.4592,487.2490743
0.4594,486.9499951
0.4596,486.79556
0.4598,486.5688159
0.46,486.2697673
0.4602,486.2599777
0.4604,486.3948088
0.4606,486.6019431
0.4608,486.8813761
0.461,487.1607974
0.4612,487.5125117
0.4614,487.4303927
0.4616,488.1435948
0.4618,487.6276646
0.462,488.0516382
0.4622,488.4032972
0.4624,488.6103499
0.4626,489.1788657
0.4628,489.169015
0.463,489.8097872
0.4632,490.3782433
0.4634,491.0912532
0.4636,491.5150857
0.4638,492.083472
0.464,492.0012773
0.4642,492.2082165
0.4644,491.620053
0.4646,491.7547109
0.4648,491.3111362
0.465,490.8675789
0.4652,490.3517637
0.4654,490.1250648
0.4656,489.8983746
0.4658,489.1657956
0.466,489.0114028
0.4662,488.7124794
0.4664,488.2690342
0.4666,488.0424023
0.4668,487.6712515
0.467,487.0110659
0.4672,486.63995
0.4674,486.3411081
0.4676,486.1867938
0.4678,485.8879723
0.468,485.8059276
0.4682,485.8683931
0.4684,486.2921164
0.4686,486.1378166
0.4688,486.4892674
0.469,486.696208
0.4692,486.9031399
0.4694,487.110063
0.4696,487.4614643
0.4698,487.8850929
0.47,488.3087041
0.4702,488.8045369
0.4704,489.3003491
0.4706,490.1573218
0.4708,490.002974
0.471,490.2820314
0.4712,490.4888454
0.4714,490.1900384
0.4716,489.6745566
0.4718,489.0868677
0.472,488.8603318
0.4722,488.4171313
0.4724,488.0461712
0.4726,487.4585609
0.4728,486.870974
0.473,486.138973
0.4732,485.7680871
0.4734,485.3972158
0.4736,485.3152163
0.4738,485.0165811
0.474,484.5735348
0.4742,484.0582961
0.4744,483.6152862
0.4746,483.74995
0.4748,483.3791689
0.475,483.2972189
0.4752,483.4318797
0.4754,483.7109371
0.4756,484.2787818
0.4758,484.6300083
0.476,485.3422044
0.4762,485.9099807
0.4764,486.4055398
0.4766,486.828886
0.4768,487.3244057
0.477,488.1086633
0.4772,488.6041364
0.4774,489.2439624
0.4776,489.6672067
0.4778,489.7295149
0.478,490.0805493
0.4782,490.0706651
0.4784,489.699884
0.4786,489.4734734
0.4788,489.0305421
0.479,488.3711034
0.4792,487.8560379
0.4794,487.1244766
0.4796,486.8259681
0.4798,486.0222871
0.48,485.7959798
0.4802,485.1366837
0.4804,485.0547322
0.4806,484.7562935
0.4808,484.0970571
0.481,483.9429699
0.4812,483.5002527
0.4814,483.1297104
0.4816,483.1921191
0.4818,483.1102156
0.482,483.2447745
0.4822,483.0907208
0.4824,483.5138749
0.4826,484.1534578
0.4828,484.6487199
0.483,485.6489827
0.4832,486.2884826
0.4834,486.8558134
0.4836,487.7838284
0.4838,488.3511053
0.484,489.2069133
0.4842,489.2691778
0.4844,489.4757108
0.4846,489.8265035
0.4848,490.1051489
0.485,490.23952
0.4852,491.023054
0.4854,489.7869607
0.4856,488.9836786
0.4858,488.396805
0.486,487.8820788
0.4862,487.1510051
0.4864,486.1314761
0.4866,485.4725862
0.4868,484.3810132
0.487,483.7221844
0.4872,483.0633818
0.4874,482.8372885
0.4876,482.5390915
0.4878,482.3851281
0.488,482.5196084
0.4882,482.6540829
0.4884,482.5001253
0.4886,483.1393297
0.4888,483.5621969
0.489,483.3361269
0.4892,483.9752746
0.4894,484.614396
0.4896,485.4697847
0.4898,485.8925603
0.49,486.603698
0.4902,487.3869001
0.4904,488.3142541
0.4906,489.6020231
0.4908,490.2409378
0.491,490.8077387
0.4912,491.3745163
0.4914,491.5087622
0.4916,491.4267524
0.4918,490.7680911
0.492,490.6860988
0.4922,490.3157938
0.4924,489.5851162
0.4926,488.9265436
0.4928,488.4842209
0.493,487.3211849
0.4932,486.5906251
0.4934,485.7880243
0.4936,485.0575242
0.4938,484.6873896
0.494,483.4524799
0.4942,483.0823918
0.4944,482.4961296
0.4946,482.4863822
0.4948,482.4766348
0.495,482.3948289
0.4952,482.7453683
0.4954,482.5915039
0.4956,483.0140785
0.4958,482.8602141
0.496,483.2827654
0.4962,483.6332495
0.4964,484.0557673
0.4966,484.910549
0.4968,485.7652957
0.497,486.8361394
0.4972,487.6187692
0.4974,488.2572851
0.4976,488.9678143
0.4978,489.7503525
0.498,489.6684185
0.4982,489.5864874
0.4984,489.2884578
0.4986,488.8463753
0.4988,488.4763411
0.499,487.7461744
0.4992,486.6558972
0.4994,485.3495841
0.4996,484.3314235
0.4998,483.7454452
0.5,483.2315123
0.5002,482.2854758
0.5004,481.7715924
0.5006,480.9696584
0.5008,480.1677564
0.501,479.7259606
0.5012,479.3561959
0.5014,478.9864455
0.5016,478.6167098
0.5018,478.4630157
0.502,478.9573955
0.5022,479.5957671
0.5024,480.3061173
0.5026,480.9444351
0.5028,481.9427355
0.503,482.6529939
0.5032,483.8672151
0.5034,484.6494025
0.5036,485.287566
0.5038,485.9257033
0.504,486.1318563
0.5042,486.4819837
0.5044,487.2640371
0.5046,487.3261721
0.5048,487.6042657
0.505,487.4504333
0.5052,487.368591
0.5054,486.9268375
0.5056,486.197176
0.5058,485.7554633
0.506,484.8099188
0.5062,483.9363892
0.5064,482.990919
0.5066,482.2614089
0.5068,481.891791
0.507,481.3782454
0.5072,480.9366899
0.5074,480.1353105
0.5076,479.6937972
0.5078,479.5401628
0.508,479.2426064
0.5082,479.0170242
0.5084,478.7914506
0.5086,478.5658858
0.5088,478.6281619
0.509,479.3380447
0.5092,479.9759432
0.5094,480.8296767
0.5096,481.1797095
0.5098,482.2492356
0.51,482.9589714
0.5102,484.2442612
0.5104,485.1697664
0.5106,485.5916189
0.5108,486.013454
0.511,486.5791557
0.5112,487.1448341
0.5114,487.3507935
0.5116,486.9812426
0.5118,486.7555789
0.512,486.457989
0.5122,486.0165441
0.5124,485.5751167
0.5126,484.9179155
0.5128,484.1888116
0.513,483.2439543
0.5132,482.2991348
0.5134,481.6420515
0.5136,480.4096094
0.5138,479.6806685
0.514,478.664076
0.5142,478.2228742
0.5144,478.1412765
0.5146,477.8439341
0.5148,477.8342609
0.515,477.8245878
0.5152,477.9587376
0.5154,478.5962518
0.5156,478.9461054
0.5158,479.5835731
0.516,479.5738635
0.5162,480.0674834
0.5164,480.7048885
0.5166,481.4141686
0.5168,482.1953195
0.517,482.9045399
0.5172,483.3261435
0.5174,483.9634161
0.5176,484.6725564
0.5178,485.0940974
0.518,485.2280565
0.5182,485.2901202
0.5184,485.8553983
0.5186,485.5580122
0.5188,485.4044083
0.519,485.0351588
0.5192,484.1627473
0.5194,483.865418
0.5196,482.7774263
0.5198,482.3363803
0.52,481.1765863
0.5202,480.3043393
0.5204,479.5758744
0.5206,479.350544
0.5208,479.3408344
0.521,478.9717786
0.5212,479.1058119
0.5214,478.8086413
0.5216,479.0864016
0.5218,479.0048329
0.522,479.2825772
0.5222,479.7758914
0.5224,479.9817489
0.5226,480.1875976
0.5228,480.8964308
0.523,481.4615255
0.5232,481.523624
0.5234,482.0168305
0.5236,482.4381662
0.5238,483.2187289
0.524,483.6400225
0.5242,484.4205284
0.5244,484.7699352
0.5246,485.3348566
0.5248,485.8997547
0.525,485.9617484
0.5252,486.095578
0.5254,486.0857272
0.5256,485.3575186
0.5258,485.0603451
0.526,484.6195175
0.5262,484.1068759
0.5264,483.4505948
0.5266,482.2915404
0.5268,482.1381112
0.527,481.5537343
0.5272,481.3285014
0.5274,480.8159865
0.5276,480.5907769
0.5278,480.0782969
0.528,480.1403839
0.5282,479.9152004
0.5284,479.6182104
0.5286,479.3930459
0.5288,479.74239
0.529,479.8762866
0.5292,480.1537964
0.5294,480.7903352
0.5296,481.1396212
0.5298,481.632503
0.53,481.9099531
0.5302,482.4027986
0.5304,483.1110261
0.5306,483.0294313
0.5308,483.1632332
0.531,483.2970292
0.5312,483.7897946
0.5314,483.9235717
0.5316,484.4163036
0.5318,484.8372244
0.532,485.329917
0.5322,485.2482872
0.5324,485.5255918
0.5326,485.0850364
0.5328,484.7162819
0.533,483.7732865
0.5332,482.97389
0.5334,481.6720724
0.5336,481.2316379
0.5338,480.5758925
0.534,480.4225958
0.5342,480.269305
0.5344,480.618422
0.5346,480.1780515
0.5348,480.6706932
0.535,480.3738734
0.5352,480.3641289
0.5354,479.9955622
0.5356,479.555247
0.5358,479.1149493
0.536,478.8899493
0.5362,478.9519926
0.5364,479.0857901
0.5366,479.3630932
0.5368,480.1426645
0.537,480.7069454
0.5372,481.4147056
0.5374,482.0506869
0.5376,482.4713966
0.5378,482.6051009
0.538,482.5235629
0.5382,482.9442362
0.5384,483.3648921
0.5386,483.3550836
0.5388,483.9191926
0.539,483.765896
0.5392,483.7560787
0.5394,483.8897321
0.5396,484.0233796
0.5398,484.0135565
0.54,483.4298857
0.5402,482.6310496
0.5404,481.7605176
0.5406,481.2486534
0.5408,480.8085348
0.541,480.3684336
0.5412,479.8566277
0.5414,479.6317252
0.5416,479.4068315
0.5418,479.7556895
0.542,479.8176672
0.5422,479.3776374
0.5424,479.224479
0.5426,478.6410542
0.5428,478.7747585
0.543,478.5499114
0.5432,478.8987344
0.5434,478.7455993
0.5436,479.3095177
0.5438,480.0885227
0.544,480.7957938
0.5442,481.8615377
0.5444,482.4253454
0.5446,483.2042223
0.5448,483.624587
0.545,483.758156
0.5452,484.1067984
0.5454,483.9535847
0.5456,484.2305181
0.5458,484.2206848
0.546,484.7843498
0.5462,485.0612482
0.5464,484.6212912
0.5466,484.6114492
0.5468,484.6732886
0.547,484.090005
0.5472,483.4350662
0.5474,482.9951849
0.5476,481.9819158
0.5478,480.9686876
0.548,480.5288819
0.5482,479.8740799
0.5484,479.7209929
0.5486,479.5679117
0.5488,479.2715025
0.549,479.3334322
0.5492,479.610351
0.5494,479.6006079
0.5496,479.3042206
0.5498,479.0078448
0.55,479.1414298
0.5502,479.1316955
0.5504,479.4085823
0.5506,479.470496
0.5508,479.7473638
0.551,480.02422
0.5512,480.372714
0.5514,481.0077853
0.5516,481.7861235
0.5518,482.0629142
0.552,482.5546241
0.5522,483.1179558
0.5524,483.466342
0.5526,483.4565174
0.5528,483.5899685
0.553,483.365232
0.5532,483.3554089
0.5534,483.0590521
0.5536,482.8343389
0.5538,482.3231124
0.554,481.8119063
0.5542,480.9425825
0.5544,480.3597983
0.5546,479.2756645
0.5548,478.7645603
0.555,478.1818546
0.5552,477.1694504
0.5554,476.9448944
0.5556,476.7203473
0.5558,476.7106567
0.556,477.2022675
0.5562,477.3357927
0.5564,477.326089
0.5566,477.4596056
0.5568,477.4498989
0.557,477.4401923
0.5572,477.645303
0.5574,477.5639876
0.5576,477.5542781
0.5578,478.2605825
0.558,478.8952579
0.5582,479.816301
0.5584,480.8089033
0.5586,481.5866782
0.5588,482.3644209
0.559,483.070539
0.5592,483.6334456
0.5594,484.0531494
0.5596,483.9717176
0.5598,483.6039414
0.56,483.1645943
0.5602,482.7968487
0.5604,482.1427877
0.5606,481.6319149
0.5608,481.2642217
0.561,480.896543
0.5612,480.6004555
0.5614,480.0896541
0.5616,479.6504468
0.5618,479.211257
0.562,478.4858013
0.5622,477.617236
0.5624,477.3928169
0.5626,477.0252736
0.5628,476.7293099
0.563,476.5764849
0.5632,476.8530383
0.5634,477.2011407
0.5636,477.763906
0.5638,477.825744
0.564,478.1738041
0.5642,478.5218497
0.5644,478.8698808
0.5646,479.0032415
0.5648,479.5658991
0.565,479.8423375
0.5652,480.9773346
0.5654,481.5399165
0.5656,483.0325553
0.5658,483.6666148
0.566,484.4437315
0.5662,485.0061955
0.5664,485.4255586
0.5666,485.4156802
0.5668,484.9765864
0.567,484.8236479
0.5672,483.9553855
0.5674,483.4448156
0.5676,482.7196758
0.5678,481.9945652
0.568,481.6986466
0.5682,480.9735855
0.5684,480.6776989
0.5686,480.4533468
0.5688,479.8713967
0.569,479.5755494
0.5692,479.136677
0.5694,478.5547881
0.5696,477.9014069
0.5698,477.7486504
0.57,477.8104374
0.5702,477.8722215
0.5704,478.0055124
0.5706,478.6393551
0.5708,478.9871444
0.571,479.5494352
0.5712,480.1117027
0.5714,480.7454492
0.5716,481.2361677
0.5718,481.5838668
0.572,482.5035356
0.5722,482.9226906
0.5724,483.5563134
0.5726,484.1899099
0.5728,484.6804959
0.573,485.3855338
0.5732,485.733096
0.5734,486.1521316
0.5736,485.4988538
0.5738,485.131542
0.574,484.6212778
0.5742,483.8965879
0.5744,482.8145244
0.5746,481.7325044
0.5748,480.9364388
0.575,480.2118814
0.5752,479.9876763
0.5754,479.3346402
0.5756,479.2534049
0.5758,478.1715873
0.576,478.0189094
0.5762,477.7233023
0.5764,477.4277069
0.5766,476.9891941
0.5768,476.6936248
0.577,476.3266056
0.5772,476.2454417
0.5774,476.8074093
0.5776,477.226439
0.5778,477.6454513
0.578,478.2073548
0.5782,478.6263292
0.5784,479.7598006
0.5786,480.6074255
0.5788,481.0977727
0.579,481.8024408
0.5792,482.2927429
0.5794,482.8544688
0.5796,483.273286
0.5798,483.3348794
0.58,483.6107892
0.5802,483.3866191
0.5804,483.2338946
0.5806,482.8668696
0.5808,481.9283873
0.581,481.4899705
0.5812,480.4801226
0.5814,479.8988932
0.5816,479.6748278
0.5818,478.6650775
0.582,478.5124709
0.5822,477.9313274
0.5824,477.8501635
0.5826,477.6261607
0.5828,477.7592638
0.583,477.7495252
0.5832,477.4541205
0.5834,477.2301425
0.5836,477.1490004
0.5838,476.4965641
0.584,476.4868502
0.5842,476.4771363
0.5844,476.6102379
0.5846,477.1003653
0.5848,477.4476626
0.585,478.3661726
0.5852,479.5702526
0.5854,480.5600815
0.5856,481.4784707
0.5858,482.1112317
0.586,482.8153626
0.5862,483.0910963
0.5864,483.3668184
0.5866,483.28557
0.5868,483.6326664
0.587,483.5514152
0.5872,483.1846172
0.5874,482.8892199
0.5876,482.5938341
0.5878,481.8701619
0.588,480.7896108
0.5882,479.9946239
0.5884,478.9855331
0.5886,478.1906147
0.5888,477.6098555
0.589,476.8149967
0.5892,476.3770341
0.5894,476.0104604
0.5896,475.858011
0.5898,475.4200936
0.59,475.1249276
0.5902,475.1866011
0.5904,474.7487231
0.5906,475.0958514
0.5908,474.5866311
0.591,474.9337479
0.5912,474.995417
0.5914,475.5565808
0.5916,475.9750108
0.5918,476.536131
0.592,477.5966952
0.5922,478.5145137
0.5924,479.1468962
0.5926,479.5652082
0.5928,479.7694628
0.593,480.2590894
0.5932,480.3206333
0.5934,480.3821743
0.5936,479.872986
0.5938,479.7205147
0.594,479.3540356
0.5942,479.2015804
0.5944,479.120466
0.5946,479.110688
0.5948,478.6015856
0.595,477.7358504
0.5952,477.1554668
0.5954,476.3611234
0.5956,475.4241595
0.5958,474.0592848
0.596,473.1224053
0.5962,472.3995294
0.5964,472.5325277
0.5966,472.7368391
0.5968,472.6558717
0.597,472.7888554
0.5972,472.7078895
0.5974,473.1261185
0.5976,473.9722002
0.5978,473.8912139
0.598,473.9528481
0.5982,473.8005574
0.5984,474.2187195
0.5986,475.2786037
0.5988,475.9106265
0.599,476.7565277
0.5992,477.3884938
0.5994,478.5908224
0.5996,479.4366159
0.5998,479.8546003
0.6,480.3438615
0.6002,479.9062964
0.6004,479.54004
0.6006,479.5302475
0.6008,479.3778782
0.601,479.0116539
0.6012,478.5741586
0.6014,478.2792489
0.6016,477.8417857
0.6018,477.4043399
0.602,476.9669116
0.6022,475.8879969
0.6024,475.2367864
0.6026,474.2292258
0.6028,473.0078842
0.603,472.7131332
0.6032,472.1333101
0.6034,471.6960492
0.6036,471.5438779
0.6038,471.7480452
0.604,471.8809386
0.6042,472.1563536
0.6044,472.7880678
0.6046,473.0634522
0.6048,473.5526027
0.605,473.8279594
0.6052,474.2458172
0.6054,474.4498927
0.6056,474.9389734
0.6058,475.6417897
0.606,476.2733263
0.6062,476.7623386
0.6064,477.8925592
0.6066,478.5240099
0.6068,479.0841897
0.607,479.3593732
0.6072,479.5633032
0.6074,479.3397823
0.6076,478.9025535
0.6078,478.0379174
0.608,477.4582603
0.6082,476.4512193
0.6084,475.7291513
0.6086,475.0071124
0.6088,474.5700233
0.609,474.1329518
0.6092,473.8383522
0.6094,473.1876352
0.6096,473.0355148
0.6098,472.5985087
0.61,472.5888487
0.6102,472.2230888
0.6104,472.2846545
0.6106,472.1325662
0.6108,472.2653461
0.611,472.4693343
0.6112,473.0293773
0.6114,473.4469745
0.6116,473.935764
0.6118,474.0684914
0.612,474.6284543
0.6122,474.7611614
0.6124,475.3922904
0.6126,475.6673807
0.6128,475.9424593
0.613,476.4311251
0.6132,476.6349779
0.6134,477.1236088
0.6136,477.6834144
0.6138,477.8160342
0.614,478.589379
0.6142,478.721974
0.6144,478.996942
0.6146,478.7735827
0.6148,478.2654862
0.615,477.686225
0.6152,477.0358036
0.6154,476.4565905
0.6156,475.3079553
0.6158,474.7288004
0.616,474.2920243
0.6162,473.8552657
0.6164,473.7743989
0.6166,474.1205751
0.6168,473.6838457
0.617,473.6741566
0.6172,473.5932984
0.6174,473.5124431
0.6176,473.5027568
0.6178,473.4930706
0.618,473.5545475
0.6182,473.6160216
0.6184,473.7486529
0.6186,474.1659138
0.6188,474.7966293
0.619,475.0715391
0.6192,475.4887462
0.6194,475.9059357
0.6196,476.1096532
0.6198,476.384512
0.62,476.6593591
0.6202,477.1476362
0.6204,477.2801643
0.6206,477.6972636
0.6208,477.9720598
0.621,478.1045616
0.6212,478.3793374
0.6214,478.084994
0.6216,478.0040732
0.6218,477.9231554
0.622,477.5577041
0.6222,476.8366042
0.6224,476.1155335
0.6226,475.1811027
0.6228,475.2425054
0.623,475.375032
0.6232,475.151926
0.6234,474.8577049
0.6236,474.8479852
0.6238,474.9805074
0.624,474.8285457
0.6242,474.818826
0.6244,474.3824066
0.6246,474.0171198
0.6248,473.794075
0.625,473.4999266
0.6252,473.845787
0.6254,473.8360862
0.6256,474.1108169
0.6258,474.1011103
0.626,474.5180335
0.6262,475.4326637
0.6264,475.2096233
0.6266,475.9819999
0.6268,476.1855514
0.627,476.9578756
0.6272,477.0903018
0.6274,477.5071012
0.6276,477.3551366
0.6278,477.7719127
0.628,478.1886713
0.6282,478.3921457
0.6284,478.3112613
0.6286,478.0171217
0.6288,477.9362475
0.629,477.9264593
0.6292,477.9877528
0.6294,477.7647226
0.6296,477.3995435
0.6298,476.7500698
0.63,476.6692291
0.6302,477.0148376
0.6304,476.933994
0.6306,476.6399389
0.6308,476.0616152
0.631,476.1229321
0.6312,475.8289104
0.6314,475.4638347
0.6316,474.7434525
0.6318,474.165225
0.632,473.5870208
0.6322,473.5062587
0.6324,473.3544411
0.6326,473.4868571
0.6328,473.6903227
0.633,474.1069415
0.6332,474.523543
0.6334,475.3664335
0.6336,475.9250905
0.6338,476.3416279
0.634,476.6871011
0.6342,477.3167408
0.6344,477.2359161
0.6346,477.7234332
0.6348,477.7846845
0.635,477.9169723
0.6352,478.1913304
0.6354,478.3236036
0.6356,478.1717307
0.6358,478.1619309
0.636,478.081099
0.6362,477.7871777
0.6364,477.4932682
0.6366,477.6255371
0.6368,477.0475366
0.637,476.5405844
0.6372,476.2467229
0.6374,475.810829
0.6376,475.6590347
0.6378,475.22317
0.638,474.8583403
0.6382,474.7065737
0.6384,474.1287247
0.6386,474.119005
0.6388,473.6122027
0.639,473.8155242
0.6392,473.5217747
0.6394,473.1570295
0.6396,473.2893406
0.6398,473.563655
0.64,473.8379577
0.6402,474.5382583
0.6404,474.3155279
0.6406,474.6607958
0.6408,475.5030298
0.641,476.2032373
0.6412,476.6904327
0.6414,477.3195934
0.6416,477.7357537
0.6418,478.0809066
0.642,478.709999
0.6422,479.268078
0.6424,479.4712059
0.6426,479.8162932
0.6428,479.4515393
0.643,479.2997436
0.6432,479.0769739
0.6434,478.3573648
0.6436,477.5668079
0.6438,476.6343323
0.644,476.1277382
0.6442,475.7631095
0.6444,475.1855822
0.6446,474.1112912
0.6448,473.8886613
0.645,473.2402401
0.6452,473.0886016
0.6454,472.5111864
0.6456,472.4305306
0.6458,471.7821911
0.646,471.7725121
0.6462,471.904749
0.6464,471.4693283
0.6466,471.033925
0.6468,471.7337962
0.647,472.3626861
0.6472,472.6367966
0.6474,473.2656414
0.6476,473.9654078
0.6478,474.5941988
0.648,475.0810739
0.6482,475.9935888
0.6484,476.3385306
0.6486,476.7543983
0.6488,477.4540045
0.649,477.160456
0.6492,477.7181522
0.6494,477.7792827
0.6496,477.4148111
0.6498,477.1212859
0.65,476.4021907
0.6502,476.1086975
0.6504,475.6024339
0.6506,475.3798942
0.6508,474.8027411
0.651,474.0128423
0.6512,473.7903477
0.6514,472.7877411
0.6516,472.4234428
0.6518,471.6336562
0.652,470.9148172
0.6522,469.9832646
0.6524,470.4700058
0.6526,470.1057905
0.6528,469.9543194
0.653,469.944671
0.6532,470.2895575
0.6534,470.7053349
0.6536,471.1919989
0.6538,471.7495452
0.654,472.0234634
0.6542,472.7227683
0.6544,473.3511458
0.6546,474.1212907
0.6548,474.9622989
0.655,475.7323783
0.6552,476.2188559
0.6554,476.5635313
0.6556,477.3335292
0.6558,477.8199428
0.656,477.8810165
0.6562,477.8712021
0.6564,477.7196204
0.6566,477.2845156
0.6568,477.3455936
0.657,476.4852377
0.6572,475.9084281
0.6574,475.0481362
0.6576,474.4005041
0.6578,474.6033801
0.658,473.6014228
0.6582,473.308212
0.6584,472.5897981
0.6586,472.154884
0.6588,471.5782551
0.659,471.1433788
0.6592,470.7085201
0.6594,470.0610932
0.6596,469.6262738
0.6598,469.5457664
0.66,469.606977
0.6602,470.2350328
0.6604,471.0047715
0.6606,471.6327719
0.6608,472.5441527
0.661,473.3137953
0.6612,474.0834059
0.6614,474.7112899
0.6616,475.4099935
0.6618,475.8961349
0.662,476.0988843
0.6622,476.2307834
0.6624,476.5043567
0.6626,476.990434
0.6628,477.1931426
0.663,477.1833355
0.6632,477.4568652
0.6634,477.2345541
0.6636,476.7289266
0.6638,476.2941494
0.664,475.5052478
0.6642,474.5747245
0.6644,473.7150644
0.6646,472.6429673
0.6648,472.2791393
0.665,471.7028625
0.6652,471.8348053
0.6654,471.1877425
0.6656,471.3905064
0.6658,471.16837
0.666,470.8754286
0.6662,464.6342617
0.6664,469.9355262
0.6666,469.7842458
0.6668,469.4205473
0.667,469.410896
0.6672,470.0384903
0.6674,470.1704331
0.6676,470.5147765
0.6678,471.4963116
0.668,472.0530106
0.6682,473.1760686
0.6684,473.661913
0.6686,474.2185318
0.6688,474.4211603
0.669,474.5529881
0.6692,474.6848101
0.6694,475.0289934
0.6696,475.0900118
0.6698,475.1510272
0.67,475.0704704
0.6702,475.2022662
0.6704,474.8385837
0.6706,474.5456961
0.6708,473.6865893
0.671,472.5444077
0.6712,471.8269285
0.6714,471.2510274
0.6716,470.6751496
0.6718,474.9825342
0.672,469.6650041
0.6722,469.6553426
0.6724,469.3626122
0.6726,469.6360195
0.6728,469.9094153
0.673,469.5459337
0.6732,469.4655123
0.6734,469.3143338
0.6736,469.3046781
0.6738,469.2950224
0.674,469.1438556
0.6742,469.2757111
0.6744,469.549066
0.6746,469.8931605
0.6748,471.2277368
0.675,471.9962716
0.6752,472.6232806
0.6754,472.8257912
0.6756,473.1697809
0.6758,473.3722711
0.676,473.2210475
0.6762,473.2820484
0.6764,472.9893559
0.6766,472.9088849
0.6768,473.0406225
0.677,473.5260228
0.6772,473.799206
0.6774,475.9113788
0.6776,474.274808
0.6778,474.1235902
0.678,473.7601989
0.6782,473.5382722
0.6784,472.6091188
0.6786,471.8214473
0.6788,471.033808
0.679,470.4583582
0.6792,470.5193911
0.6794,470.2975561
0.6796,470.005015
0.6798,470.1367656
0.68,470.4099342
0.6802,470.7538015
0.6804,470.7441095
0.6806,470.5222949
0.6808,470.300489
0.681,470.0786918
0.6812,469.7862002
0.6814,469.9886321
0.6816,469.9789546
0.6818,470.3934699
0.682,470.3837836
0.6822,471.2224478
0.6824,471.7782995
0.6826,472.192742
0.6828,472.9606245
0.683,473.2336446
0.6832,473.4359645
0.6834,473.4262142
0.6836,473.6992066
0.6838,473.6894505
0.684,473.3262805
0.6842,473.3872129
0.6844,473.2361029
0.6846,473.1556771
0.6848,473.2166081
0.685,473.2068607
0.6852,472.631721
0.6854,472.4099674
0.6856,471.834867
0.6858,471.6838079
0.686,470.7554042
0.6862,470.4630393
0.6864,469.9586901
0.6866,470.0196721
0.6868,469.868664
0.687,469.5763398
0.6872,469.7786436
0.6874,469.5569906
0.6876,469.4766594
0.6878,469.1843658
0.688,469.0333911
0.6882,468.8824223
0.6884,469.0140623
0.6886,468.7218007
0.6888,468.8534378
0.689,469.4089473
0.6892,469.9644336
0.6894,470.7318269
0.6896,471.6404723
0.6898,472.4077987
0.69,473.104454
0.6902,473.4478919
0.6904,473.7206791
0.6906,473.8521852
0.6908,474.0543187
0.691,473.6207571
0.6912,473.8228862
0.6914,473.8837488
0.6916,473.4502163
0.6918,473.0873272
0.692,473.2894491
0.6922,473.2090699
0.6924,472.846207
0.6926,472.6952193
0.6928,472.5442373
0.693,471.8283231
0.6932,471.112438
0.6934,470.8202681
0.6936,470.2456583
0.6938,469.9535176
0.694,469.5907785
0.6942,469.7223137
0.6944,469.4302006
0.6946,469.7735497
0.6948,469.7638635
0.695,469.7541772
0.6952,469.744491
0.6954,469.9466041
0.6956,469.7251185
0.6958,469.856626
0.696,469.9881276
0.6962,470.2608114
0.6964,471.0276312
0.6966,471.7238279
0.6968,472.6317643
0.697,473.4690747
0.6972,474.0945901
0.6974,474.7906645
0.6976,475.0632071
0.6978,475.2651558
0.698,474.7612869
0.6982,474.8926532
0.6984,474.1770782
0.6986,473.6732618
0.6988,473.0988907
0.699,473.0891317
0.6992,472.3030791
0.6994,471.9404827
0.6996,471.5073316
0.6998,471.5681724
0.7,470.8527808
0.7002,470.3491128
0.7004,469.8454653
0.7006,469.2712763
0.7008,468.8382315
0.701,468.2640861
0.7012,467.8310791
0.7014,467.7508702
0.7016,467.4590002
0.7018,467.7315676
0.702,468.0041233
0.7022,468.206117
0.7024,468.4081021
0.7026,468.2573414
0.7028,468.4593163
0.703,469.1550937
0.7032,469.3570409
0.7034,469.7000623
0.7036,470.1841496
0.7038,471.0209097
0.704,471.5754861
0.7042,472.2711106
0.7044,473.0372404
0.7046,473.027477
0.7048,473.299839
0.705,473.2195399
0.7052,472.9981867
0.7054,473.0589503
0.7056,472.5555066
0.7058,471.6994628
0.706,471.0550218
0.7062,471.0452977
0.7064,470.4008961
0.7066,470.3911851
0.7068,470.2404405
0.707,469.4550634
0.7072,468.9517741
0.7074,468.2369677
0.7076,467.6632125
0.7078,467.3010091
0.708,466.5862799
0.7082,466.1536063
0.7084,465.9324657
0.7086,466.2753635
0.7088,466.2657355
0.709,466.8201139
0.7092,467.4449683
0.7094,467.9992987
0.7096,468.4126129
0.7098,468.7554146
0.71,469.4506693
0.7102,469.5819585
0.7104,469.854223
0.7106,469.9854976
0.7108,470.4692049
0.711,470.8824055
0.7112,471.0841343
0.7114,471.638271
0.7116,472.2628663
0.7118,472.816955
0.712,473.1595835
0.7122,473.2202874
0.7124,472.8581321
0.7126,472.1436184
0.7128,471.57008
0.713,471.1375083
0.7132,470.0707221
0.7134,469.4972609
0.7136,468.8533557
0.7138,468.4208743
0.714,468.1998036
0.7142,468.1196675
0.7144,467.8986113
0.7146,467.6071038
0.7148,467.315608
0.715,467.0241238
0.7152,466.5917399
0.7154,466.2298277
0.7156,466.2201939
0.7158,466.3514626
0.716,466.6940751
0.7162,466.8253279
0.7164,467.2383626
0.7166,467.6513798
0.7168,467.7826034
0.717,468.4069192
0.7172,468.9607676
0.7174,469.1623945
0.7176,469.504889
0.7178,470.2699895
0.718,470.5420109
0.7182,470.673153
0.7184,471.2268836
0.7186,471.4988672
0.7188,471.7708391
0.719,471.7610873
0.7192,471.2583497
0.7194,470.8964826
0.7196,469.9008173
0.7198,469.6798368
0.72,468.8250785
0.7202,468.3224516
0.7204,467.3269202
0.7206,466.9651769
0.7208,466.9555227
0.721,467.0866954
0.7212,467.0066262
0.7214,466.5745073
0.7216,466.3536331
0.7218,466.06236
0.722,466.2639418
0.7222,465.4798488
0.7224,464.766191
0.7226,464.8269823
0.7228,464.5357689
0.723,464.9485561
0.7232,465.0093386
0.7234,465.4220981
0.7236,465.9052347
0.7238,466.2475648
0.724,467.1530132
0.7242,468.0584237
0.7244,468.6118528
0.7246,468.8837098
0.7248,469.0851692
0.725,469.497773
0.7252,469.488062
0.7254,470.0414024
0.7256,470.0316797
0.7258,470.0923356
0.726,469.8714803
0.7262,469.8617606
0.7264,469.6409184
0.7266,468.9978488
0.7268,468.4251768
0.727,467.7117884
0.7272,467.1391658
0.7274,466.7073001
0.7276,465.923625
0.7278,465.7732574
0.728,464.6378206
0.7282,465.3318176
0.7284,465.3925492
0.7286,465.4532778
0.7288,465.3029335
0.729,465.0118846
0.7292,464.9319087
0.7294,464.711231
0.7296,464.4905621
0.7298,464.0588537
0.73,464.4713381
0.7302,464.6727655
0.7304,464.7334942
0.7306,465.0052507
0.7308,465.1363112
0.731,465.9004319
0.7312,466.0314678
0.7314,466.936213
0.7316,466.9265486
0.7318,467.3388932
0.732,467.5402202
0.7322,467.6008747
0.7324,468.083509
0.7326,467.9331618
0.7328,467.6421653
0.733,467.5621588
0.7332,467.5524798
0.7334,467.613124
0.7336,467.3221566
0.7338,466.6795995
0.734,466.3183439
0.7342,466.0274202
0.7344,465.87714
0.7346,465.4456077
0.7348,465.154719
0.735,464.6529072
0.7352,464.291736
0.7354,464.4227398
0.7356,464.5537378
0.7358,464.1222842
0.736,464.0423694
0.7362,463.6812462
0.7364,463.7419458
0.7366,463.380843
0.7368,463.3009486
0.737,463.2210571
0.7372,463.1411684
0.7374,463.5533413
0.7376,464.0357892
0.7378,464.7290903
0.738,465.5629417
0.7382,466.1156052
0.7384,466.6682453
0.7386,467.4317182
0.7388,467.4923202
0.739,467.9043313
0.7392,468.3866061
0.7394,468.1660652
0.7396,468.3672015
0.7398,468.4277759
0.74,468.5586224
0.7402,468.4083684
0.7404,468.6797537
0.7406,468.1078779
0.7408,468.09818
0.741,468.1587499
0.7412,467.6571858
0.7414,467.4367017
0.7416,467.0054359
0.7418,466.7849737
0.742,466.423999
0.7422,465.9225207
0.7424,465.350805
0.7426,464.9898813
0.7428,464.7694817
0.743,464.5490908
0.7432,464.2584568
0.7434,464.1785857
0.7436,463.9582196
0.7438,463.8081097
0.744,464.0092358
0.7442,464.1401086
0.7444,464.3412187
0.7446,464.54232
0.7448,465.3755745
0.745,465.646884
0.7452,466.1288938
0.7454,466.8215907
0.7456,467.1630866
0.7458,467.9961983
0.746,468.197192
0.7462,468.3279468
0.7464,468.107553
0.7466,468.3787578
0.7468,468.1583713
0.747,468.3593387
0.7472,468.3496291
0.7474,468.4101409
0.7476,468.33021
0.7478,468.1800637
0.748,467.9597063
0.7482,467.6691422
0.7484,467.3785899
0.7486,466.9476239
0.7488,466.6570977
0.749,466.0857445
0.7492,465.4442065
0.7494,464.8729013
0.7496,464.44203
0.7498,464.1515839
0.75,464.001554
0.7502,463.7813291
0.7504,464.4035063
0.7506,463.9024894
0.7508,464.1034583
0.751,464.2342234
0.7512,464.2245953
0.7514,464.495736
0.7516,464.766865
0.7518,464.8976039
0.752,465.5196515
0.7522,466.0714866
0.7524,467.2549623
0.7526,467.8067377
0.7528,468.4286717
0.753,469.1207601
0.7532,469.9531775
0.7534,470.7153824
0.7536,471.0564983
0.7538,470.9765515
0.754,470.4053948
0.7542,470.1851204
0.7544,469.7543438
0.7546,469.6744289
0.7548,469.3138474
0.755,468.7427824
0.7552,468.1717408
0.7554,468.4426791
0.7556,467.9418282
0.7558,467.7216382
0.756,467.0103463
0.7562,466.158769
0.7564,465.7281612
0.7566,465.1572622
0.7568,464.9371509
0.757,464.155837
0.7572,464.0760547
0.7574,463.7156813
0.7576,463.7762046
0.7578,463.9770163
0.758,463.7569544
0.7582,464.0279
0.7584,464.1585515
0.7586,464.7801755
0.7588,465.0510818
0.759,465.7427975
0.7592,466.4344841
0.7594,467.1962754
0.7596,467.9580347
0.7598,468.7898931
0.76,469.4814574
0.7602,469.9626083
0.7604,469.8827255
0.7606,470.0132212
0.7608,469.7930924
0.761,469.5729723
0.7612,468.7918943
0.7614,468.0108483
0.7616,467.4401881
0.7618,466.7994347
0.762,466.2288227
0.7622,465.7984609
0.7624,465.2980045
0.7626,465.0079004
0.7628,464.6476988
0.763,464.2875118
0.7632,463.6469142
0.7634,463.0063428
0.7636,462.2956942
0.7638,461.7252786
0.764,461.5053885
0.7642,461.5659032
0.7644,460.2945617
0.7646,462.1075003
0.7648,462.5184706
0.765,462.6490507
0.7652,463.2001754
0.7654,463.7512767
0.7656,464.0920884
0.7658,464.5730602
0.766,464.9138398
0.7662,465.6751115
0.7664,466.2961851
0.7666,467.1975586
0.7668,467.748494
0.767,468.7899564
0.7672,468.8502949
0.7674,469.3310847
0.7676,469.6717057
0.7678,469.4517297
0.768,469.0215485
0.7682,467.6104064
0.7684,467.2503489
0.7686,466.820239
0.7688,466.3200811
0.769,465.5396874
0.7692,464.8994508
0.7694,464.6095462
0.7696,464.2495935
0.7698,463.7495389
0.77,460.9376311
0.7702,462.5393249
0.7704,462.1093897
0.7706,461.679472
0.7708,461.1795208
0.771,460.959788
0.7712,461.0903041
0.7714,461.1507678
0.7716,461.9116799
0.7718,462.6025162
0.772,463.2232813
0.7722,464.2642647
0.7724,464.74489
0.7726,465.5056464
0.7728,465.8461523
0.773,466.0465738
0.7732,466.3870534
0.7734,466.1672624
0.7736,466.3676634
0.7738,466.9182014
0.774,467.3286607
0.7742,467.9491812
0.7744,467.7994032
0.7746,468.4198873
0.7748,468.3401268
0.775,468.3303896
0.7752,467.6204631
0.7754,466.7005133
0.7756,460.5994164
0.7758,465.1407857
0.776,464.2209437
0.7762,463.8612327
0.7764,463.0814751
0.7766,462.7218019
0.7768,462.6421724
0.777,462.3525284
0.7772,462.3429135
0.7774,462.4033015
0.7776,462.3236836
0.7778,462.2440687
0.778,462.1644567
0.7782,462.0848476
0.7784,462.2152283
0.7786,462.4855916
0.7788,462.8259359
0.779,463.3762395
0.7792,463.8565299
0.7794,464.1968233
0.7796,465.0270104
0.7798,465.297279
0.78,465.63752
0.7802,465.9777463
0.7804,466.177996
0.7806,466.6581554
0.7808,466.4385128
0.781,466.5687625
0.7812,466.9789074
0.7814,466.6193231
0.7816,466.609615
0.7818,466.529936
0.782,466.1004128
0.7822,465.5309712
0.7824,464.8915863
0.7826,464.4621228
0.7828,463.6128951
0.783,463.3233996
0.7832,462.8240336
0.7834,462.4646065
0.7836,462.5249406
0.7838,462.3754028
0.784,462.2258709
0.7842,462.286205
0.7844,462.2765843
0.7846,462.2669636
0.7848,462.1174447
0.785,461.9679317
0.7852,461.3987477
0.7854,461.5290338
0.7856,461.5194276
0.7858,461.929472
0.786,462.0597377
0.7862,462.3298753
0.7864,462.7398761
0.7866,463.2197953
0.7868,466.3572046
0.787,464.2495057
0.7872,464.5195676
0.7874,464.5098973
0.7876,464.6400844
0.7878,465.0499745
0.788,465.0402926
0.7882,465.0306108
0.7884,464.7412375
0.7886,464.8014828
0.7888,464.7218854
0.789,464.5024539
0.7892,464.0033631
0.7894,463.5742082
0.7896,462.7255861
0.7898,463.1354267
0.79,462.9160491
0.7902,462.486951
0.7904,462.1976869
0.7906,462.1880618
0.7908,462.1784367
0.791,462.7280429
0.7912,462.8582111
0.7914,462.7087694
0.7916,462.7690322
0.7918,462.6195978
0.792,462.6798592
0.7922,462.3906417
0.7924,463.3595229
0.7926,461.7423494
0.7928,461.7327316
0.793,461.583335
0.7932,461.9930475
0.7934,461.9834239
0.7936,462.1135702
0.7938,462.5931284
0.794,462.7931379
0.7942,462.8533774
0.7944,462.6340973
0.7946,462.7642145
0.7948,462.7545734
0.795,462.3256834
0.7952,462.8051645
0.7954,462.2365468
0.7956,462.576268
0.7958,462.5666298
0.796,462.9063292
0.7962,463.3158801
0.7964,463.2363613
0.7966,463.1568454
0.7968,463.3567791
0.797,463.1375427
0.7972,462.8484563
0.7974,462.6292388
0.7976,462.2004624
0.7978,461.9812668
0.798,461.7620799
0.7982,461.9620107
0.7984,461.8825327
0.7986,462.2919977
0.7988,462.072821
0.799,462.2727271
0.7992,461.7741822
0.7994,461.7645571
0.7996,461.8247733
0.7998,461.1167481
0.8,460.408752
0.8002,459.9801329
0.8004,459.7610377
0.8006,459.4721172
0.8008,459.9513668
0.801,459.5227913
0.8012,459.8623597
0.8014,460.2717417
0.8016,461.1000668
0.8018,461.6490558
0.802,461.9187261
0.8022,462.1883847
0.8024,462.1787479
0.8026,462.4483891
0.8028,462.8576547
0.803,463.1970862
0.8032,463.0477974
0.8034,463.0381417
0.8036,463.5171714
0.8038,464.484856
0.804,464.4751697
0.8042,464.4654835
0.8044,463.9671526
0.8046,463.9574765
0.8048,463.6685866
0.805,463.2401043
0.8052,462.7418389
0.8054,462.1039957
0.8056,461.5359764
0.8058,461.2471651
0.806,461.307339
0.8062,460.9487505
0.8064,460.5203846
0.8066,459.9524556
0.8068,459.942861
0.807,460.2124163
0.8072,460.0632439
0.8074,460.0536465
0.8076,459.8346998
0.8078,460.0344516
0.808,460.373755
0.8082,460.9921587
0.8084,461.3314272
0.8086,461.7404569
0.8088,462.4285666
0.809,463.2561929
0.8092,464.2233272
0.8094,464.8415706
0.8096,465.1109454
0.8098,465.3105414
0.81,465.7194256
0.8102,466.1980564
0.8104,466.397616
0.8106,466.4576444
0.8108,466.3083906
0.811,466.0196258
0.8112,466.0796572
0.8114,466.3489518
0.8116,465.7114333
0.8118,465.2831985
0.812,464.5062259
0.8122,464.3570317
0.8124,463.9288508
0.8126,463.570434
0.8128,462.7238152
0.813,461.7377437
0.8132,461.5886209
0.8134,461.0907995
0.8136,460.9416956
0.8138,460.3044318
0.814,459.8066672
0.8142,459.8668034
0.8144,459.7874694
0.8146,460.2659954
0.8148,460.3958477
0.815,460.6651525
0.8152,461.0041735
0.8154,461.2734537
0.8156,462.4491452
0.8158,463.0670001
0.816,463.8939946
0.8162,464.3026311
0.8164,465.1992835
0.8166,465.5381575
0.8168,466.3650297
0.817,466.4250057
0.8172,466.6244052
0.8174,466.3358137
0.8176,466.1169441
0.8178,465.6889568
0.818,465.3306944
0.8182,464.9027405
0.8184,464.1959863
0.8186,463.6983703
0.8188,462.9916699
0.819,462.7031993
0.8192,461.7874524
0.8194,460.4535603
0.8196,459.7469851
0.8198,459.1798276
0.82,458.8217719
0.8202,458.5334221
0.8204,457.8966343
0.8206,457.3992497
0.8208,457.3896945
0.821,457.728567
0.8212,457.9977408
0.8214,458.266903
0.8216,458.4663724
0.8218,458.5961533
0.822,459.4227111
0.8222,460.1098803
0.8224,460.8666957
0.8226,461.3447835
0.8228,461.7531785
0.823,462.370569
0.8232,463.1969418
0.8234,463.8142754
0.8236,464.3619163
0.8238,464.1432171
0.824,464.2031815
0.8242,464.1934807
0.8244,464.462423
0.8246,464.1044197
0.8248,463.7464309
0.825,463.1098311
0.8252,462.7518772
0.8254,461.9760169
0.8256,461.4787968
0.8258,460.9119464
0.826,460.4147686
0.8262,459.5693726
0.8264,459.2115352
0.8266,458.6447781
0.8268,458.2869742
0.827,458.0684686
0.8272,457.9196121
0.8274,457.5618447
0.8276,457.7611917
0.8278,458.5176185
0.828,458.9258402
0.8282,459.4036776
0.8284,459.811863
0.8286,460.4985517
0.8288,460.7674388
0.829,460.9666869
0.8292,461.1659262
0.8294,461.7132789
0.8296,461.9821164
0.8298,462.4598068
0.83,462.8678568
0.8302,463.7632192
0.8304,464.3800754
0.8306,464.9272897
0.8308,465.5440949
0.831,465.6735847
0.8312,465.8030686
0.8314,465.4452778
0.8316,464.8786765
0.8318,463.2679945
0.832,462.9798834
0.8322,462.62218
0.8324,461.5684655
0.8326,460.723598
0.8328,460.0875644
0.833,459.5211552
0.8332,458.8851725
0.8334,458.4580019
0.8336,458.1700364
0.8338,458.2996368
0.834,458.0116859
0.8342,457.7237466
0.8344,457.853347
0.8346,457.9829416
0.8348,458.2517005
0.835,458.2421133
0.8352,458.4412726
0.8354,458.7100038
0.8356,458.6308271
0.8358,458.8299646
0.836,459.0290933
0.8362,459.5760878
0.8364,459.9143386
0.8366,459.974287
0.8368,460.3820851
0.837,460.8594348
0.8372,461.2671965
0.8374,461.1879776
0.8376,461.7348439
0.8378,461.725181
0.838,461.5763944
0.8382,461.288493
0.8384,460.9310443
0.8386,460.1562656
0.8388,459.381519
0.839,458.8154679
0.8392,458.5276523
0.8394,457.6834356
0.8396,457.3261048
0.8398,457.0383373
0.84,457.3069594
0.8402,457.0887494
0.8404,456.9400924
0.8406,456.8609841
0.8408,456.6427959
0.841,456.4941563
0.8412,456.6236767
0.8414,456.6141171
0.8416,456.7436287
0.8418,456.8036003
0.842,457.0026344
0.8422,457.7579096
0.8424,458.1655039
0.8426,458.3644957
0.8428,458.6330057
0.843,458.9710295
0.8432,459.4480866
0.8434,459.7860783
0.8436,459.9154923
0.8438,459.7668223
0.844,459.8962305
0.8442,460.4427329
0.8444,460.9196968
0.8446,460.8405303
0.8448,460.9699036
0.845,460.9602494
0.8452,460.9505951
0.8454,460.8019251
0.8456,460.7922737
0.8458,460.0180672
0.846,459.9389283
0.8462,459.5122818
0.8464,459.7806593
0.8466,459.5625308
0.8468,459.622402
0.847,459.1262999
0.8472,459.1166821
0.8474,459.1070643
0.8476,458.8194787
0.8478,458.6013953
0.848,458.1748537
0.8482,458.0262796
0.8484,458.4336002
0.8486,458.3545109
0.8488,457.9280085
0.849,457.9878957
0.8492,457.9782997
0.8494,457.9687037
0.8496,458.4454492
0.8498,458.2968912
0.85,458.1483391
0.8502,458.0692657
0.8504,458.1291384
0.8506,458.0500679
0.8508,458.4572808
0.851,458.2392716
0.8512,458.3685998
0.8514,457.4559582
0.8516,458.7661642
0.8518,459.0343947
0.852,459.024774
0.8522,459.0151532
0.8524,459.2139034
0.8526,459.1348228
0.8528,459.4724695
0.853,459.2544807
0.8532,459.1059519
0.8534,458.8879791
0.8536,458.5311186
0.8538,458.7298469
0.854,458.1646679
0.8542,458.5022826
0.8544,458.076016
0.8546,458.4830585
0.8548,458.265128
0.855,458.0472062
0.8552,457.8292931
0.8554,457.8891294
0.8556,457.3934932
0.8558,457.1061741
0.856,456.8882974
0.8562,456.5315708
0.8564,456.5219981
0.8566,455.9570142
0.8568,456.2945779
0.857,451.7724823
0.8572,455.858909
0.8574,455.7105082
0.8576,456.1868854
0.8578,456.5938246
0.858,456.9313301
0.8582,457.5464801
0.8584,458.0227772
0.8586,458.5684658
0.8588,459.0447208
0.859,459.5903643
0.8592,460.1359845
0.8594,460.2651452
0.8596,460.3943001
0.8598,460.6622555
0.86,460.9301991
0.8602,461.2675314
0.8604,461.3966528
0.8606,461.2481793
0.8608,461.2385032
0.861,460.7430665
0.8612,460.4558289
0.8614,460.4461689
0.8616,460.2283388
0.8618,459.7329632
0.862,459.5151564
0.8622,459.2973583
0.8624,459.1489532
0.8626,462.0533941
0.8628,458.5746353
0.863,458.3568736
0.8632,457.8616072
0.8634,457.7826227
0.8636,457.4955146
0.8638,457.7634103
0.864,457.615059
0.8642,457.5360847
0.8644,458.1508095
0.8646,458.4186673
0.8648,458.8946136
0.865,459.6480006
0.8652,460.3319918
0.8654,459.8367938
0.8656,461.0756386
0.8658,461.3433989
0.866,461.7498634
0.8662,461.8788843
0.8664,462.0772546
0.8666,462.1369088
0.8668,462.543321
0.867,462.6029622
0.8672,462.5932512
0.8674,462.7222358
0.8676,462.5044828
0.8678,462.633463
0.868,462.4157203
0.8682,464.5556133
0.8684,461.564218
0.8686,461.2078321
0.8688,460.4354351
0.869,459.5243979
0.8692,458.8907372
0.8694,458.4651025
0.8696,457.9008217
0.8698,457.6138855
0.87,456.9803165
0.8702,456.6934109
0.8704,456.267865
0.8706,456.2582836
0.8708,456.7339634
0.871,456.1697991
0.8712,457.130701
0.8714,457.051782
0.8716,457.5967208
0.8718,458.1416364
0.872,458.4785858
0.8722,458.7462077
0.8724,459.0831294
0.8726,459.3507266
0.8728,459.8262377
0.873,460.0938072
0.8732,460.4306707
0.8734,460.5596072
0.8736,460.8964459
0.8738,462.1341857
0.874,460.8770822
0.8742,461.0059969
0.8744,461.412093
0.8746,461.1945134
0.8748,461.323412
0.875,460.5515028
0.8752,460.4032447
0.8754,460.1164133
0.8756,459.8295936
0.8758,459.7506454
0.876,458.909563
0.8762,458.6227855
0.8764,458.1281728
0.8766,458.0492654
0.8768,457.4854053
0.877,457.6143477
0.8772,457.258349
0.8774,457.3872899
0.8776,457.6547721
0.8778,458.1300589
0.878,458.5360547
0.8782,458.8727639
0.8784,459.4865294
0.8786,459.9617361
0.8788,460.7832465
0.879,460.4965083
0.8792,461.2487102
0.8794,461.5853174
0.8796,461.9911691
0.8798,462.6740334
0.88,462.80282
0.8802,463.1393647
0.8804,463.1988821
0.8806,463.6739069
0.8808,463.3871584
0.881,464.2084025
0.8812,463.9216541
0.8814,463.3579337
0.8816,463.2789477
0.8818,462.9922357
0.882,462.6362938
0.8822,462.4188466
0.8824,461.9244537
0.8826,460.9454211
0.8828,460.5203149
0.883,460.0259919
0.8832,459.5316892
0.8834,459.1758696
0.8836,458.1277658
0.8838,458.2565888
0.884,457.2085476
0.8842,457.1297072
0.8844,456.9124216
0.8846,457.0412577
0.8848,456.7547611
0.885,456.6759353
0.8852,456.8739852
0.8854,456.8643761
0.8856,456.9239824
0.8858,456.9835857
0.886,456.9739737
0.8862,456.6875179
0.8864,457.0931686
0.8866,457.3603859
0.8868,457.9044178
0.887,458.1024008
0.8872,458.715597
0.8874,458.7059472
0.8876,458.6270966
0.8878,458.7558468
0.888,458.1926127
0.8882,457.9753838
0.8884,457.4121891
0.8886,456.7106306
0.8888,456.3550614
0.889,456.276269
0.8892,455.851534
0.8894,455.7727547
0.8896,455.8323508
0.8898,455.6152049
0.89,455.3980678
0.8902,455.3884849
0.8904,455.3097216
0.8906,455.1617824
0.8908,454.8063165
0.891,454.6583933
0.8912,454.6488249
0.8914,454.8467759
0.8916,454.8372032
0.8918,454.7584603
0.892,454.9563952
0.8922,455.2234887
0.8924,455.8363997
0.8926,455.9651338
0.8928,456.1630251
0.893,456.4992306
0.8932,456.3513015
0.8934,456.3416953
0.8936,456.7470316
0.8938,456.8757279
0.894,457.0044185
0.8942,457.2022559
0.8944,457.1234795
0.8946,457.5979045
0.8948,457.7957157
0.895,457.9243713
0.8952,458.2604573
0.8954,458.2508089
0.8956,458.6560157
0.8958,458.6463585
0.896,459.2589579
0.8962,459.2492877
0.8964,459.2396174
0.8966,459.0916767
0.8968,459.0128756
0.897,459.2797391
0.8972,458.4404968
0.8974,458.1543249
0.8976,457.7990367
0.8978,457.8585221
0.898,457.5032542
0.8982,457.1480009
0.8984,457.2766172
0.8986,457.3361069
0.8988,457.1191168
0.899,456.9021355
0.8992,456.9616282
0.8994,456.6064287
0.8996,456.4585841
0.8998,455.8960735
0.9,455.8864703
0.9002,455.6004308
0.9004,455.4526182
0.9006,455.5121298
0.9008,455.7789525
0.901,456.3221765
0.9012,455.9670542
0.9014,456.3720498
0.9016,456.4315338
0.9018,456.7674044
0.902,456.8268767
0.9022,456.6790626
0.9024,456.9458125
0.9026,456.9361845
0.9028,457.4101873
0.903,457.607815
0.9032,457.7363469
0.9034,457.6576156
0.9036,458.0624773
0.9038,457.7764932
0.904,457.6977649
0.9042,457.4117997
0.9044,456.8495323
0.9046,456.0800571
0.9048,455.6559918
0.905,455.301018
0.9052,454.8769861
0.9054,454.3839005
0.9056,454.5815327
0.9058,454.1575416
0.906,454.0789021
0.9062,453.5858732
0.9064,453.2309926
0.9066,453.2214389
0.9068,453.2809461
0.907,453.4785695
0.9072,452.9856033
0.9074,452.9760539
0.9076,453.0355596
0.9078,452.8879013
0.908,453.4998238
0.9082,453.6974152
0.9084,454.1021458
0.9086,454.575907
0.9088,454.8425084
0.909,455.3162331
0.9092,455.9970681
0.9094,456.4707477
0.9096,456.8753663
0.9098,457.556124
0.91,457.9607019
0.9102,458.3652622
0.9104,458.4246312
0.9106,458.5530305
0.9108,458.1982009
0.911,458.3265988
0.9112,457.971788
0.9114,457.6169919
0.9116,457.1931842
0.9118,456.4932956
0.912,456.1385518
0.9122,455.5767575
0.9124,455.5671484
0.9126,455.1434267
0.9128,454.443653
0.913,454.1580038
0.9132,454.010395
0.9134,453.5867402
0.9136,453.5081603
0.9138,453.4295834
0.914,453.5580352
0.9142,453.4104526
0.9144,453.4008871
0.9146,453.8743513
0.9148,454.1407867
0.915,454.2692079
0.9152,454.6736227
0.9154,455.07802
0.9156,455.5513968
0.9158,455.8177668
0.916,456.4980893
0.9162,456.6954346
0.9164,457.2377268
0.9166,457.7110061
0.9168,457.9083121
0.917,458.2435829
0.9172,458.0959421
0.9174,458.2242424
0.9176,457.6627131
0.9178,457.170188
0.918,456.5397243
0.9182,455.8403089
0.9184,455.4168287
0.9186,454.8554159
0.9188,454.2250527
0.919,453.6636879
0.9192,453.5851415
0.9194,453.1617517
0.9196,453.3590897
0.9198,452.4529571
0.92,452.3744413
0.9202,452.0200746
0.9204,451.8036465
0.9206,451.3803454
0.9208,451.1639392
0.921,451.1544146
0.9212,450.9380214
0.9214,451.687003
0.9216,452.0911863
0.9218,452.3574485
0.922,453.0374012
0.9222,453.5104781
0.9224,454.1903769
0.9226,454.8013007
0.9228,455.6190318
0.923,455.7472972
0.9232,456.0823817
0.9234,456.0727508
0.9236,456.7525069
0.9238,456.3981752
0.924,457.0089592
0.9242,456.6546361
0.9244,456.7828579
0.9246,456.5664166
0.9248,456.4189141
0.925,456.4092744
0.9252,456.2617806
0.9254,455.700739
0.9256,455.6221898
0.9258,455.2679526
0.926,455.0515725
0.9262,454.559522
0.9264,454.4810019
0.9266,453.9889834
0.9268,453.9104778
0.927,453.9698031
0.9272,453.6845629
0.9274,453.2615122
0.9276,453.2519366
0.9278,452.8289122
0.928,452.9571587
0.9282,453.0164941
0.9284,453.2136342
0.9286,453.6174725
0.9288,453.8834915
0.929,454.2183984
0.9292,454.5532907
0.9294,454.8192719
0.9296,455.0163465
0.9298,455.2823059
0.93,455.4793615
0.9302,455.6075178
0.9304,456.2867819
0.9306,456.2771393
0.9308,456.5430419
0.931,456.6022784
0.9312,457.212579
0.9314,457.271798
0.9316,457.3998945
0.9318,456.9769531
0.932,456.8984169
0.9322,456.0622465
0.9324,455.5704842
0.9326,455.1476155
0.9328,454.1737904
0.933,453.8198386
0.9332,453.3281637
0.9334,453.3874482
0.9336,453.3089979
0.9338,453.299415
0.934,453.4964212
0.9342,453.4868339
0.9344,453.4083865
0.9346,453.1922248
0.9348,453.3892149
0.935,453.3796291
0.9352,453.0946262
0.9354,452.7407822
0.9356,453.0066149
0.9358,453.1347362
0.936,453.4005486
0.9362,453.5286553
0.9364,453.3813741
0.9366,453.5783191
0.9368,453.0868291
0.937,453.7656593
0.9372,453.8249031
0.9374,454.3660117
0.9376,454.1498922
0.9378,454.4844642
0.938,454.9566894
0.9382,455.3600618
0.9384,455.6257548
0.9386,455.8914362
0.9388,455.8817936
0.939,455.5968446
0.9392,456.1378091
0.9394,456.1281607
0.9396,456.2561568
0.9398,455.6959391
0.94,455.5486608
0.9402,455.4702062
0.9404,455.3917545
0.9406,455.5197505
0.9408,454.8907922
0.941,454.8811685
0.9412,454.4586813
0.9414,454.3802572
0.9416,453.88899
0.9418,453.7417742
0.942,453.5257595
0.9422,453.3785569
0.9424,453.1625582
0.9426,453.6345724
0.9428,453.6937724
0.943,454.096957
0.9432,453.9497559
0.9434,453.9401497
0.9436,453.7929572
0.9438,453.8521457
0.944,453.4297996
0.9442,453.6265699
0.9444,453.2042457
0.9446,453.6073692
0.9448,453.6665532
0.945,454.7574784
0.9452,455.1605422
0.9454,455.7011486
0.9456,455.8978388
0.9458,456.1632974
0.946,456.4287444
0.9462,456.2815345
0.9464,455.9280121
0.9466,456.2622173
0.9468,455.6336302
0.947,455.8990582
0.9472,455.751873
0.9474,455.6046937
0.9476,455.3199922
0.9478,454.8977771
0.948,454.4755796
0.9482,453.8471206
0.9484,453.287446
0.9486,452.6590379
0.9488,451.8931455
0.949,451.6085619
0.9492,451.0489805
0.9494,451.1081805
0.9496,450.9611293
0.9498,451.2265719
0.95,451.4920028
0.9502,451.9636574
0.9504,451.8853425
0.9506,452.2194836
0.9508,451.7974622
0.951,452.0628509
0.9512,452.1220146
0.9514,451.9749663
0.9516,452.3090681
0.9518,452.3682215
0.952,452.771032
0.9522,452.8989029
0.9524,453.5766006
0.9526,454.3917243
0.9528,454.7944562
0.953,455.33462
0.9532,454.9813583
0.9534,455.2466072
0.9536,454.7559208
0.9538,454.746287
0.954,454.5992183
0.9542,454.1085756
0.9544,454.0989548
0.9546,453.8831949
0.9548,453.8735785
0.955,453.5204114
0.9552,453.1672589
0.9554,453.0889498
0.9556,452.4609974
0.9558,452.0391842
0.956,451.5486856
0.9562,450.989506
0.9564,450.7051495
0.9566,450.4895031
0.9568,450.4112596
0.957,450.6078013
0.9572,450.9417226
0.9574,451.2756293
0.9576,451.5408302
0.9578,451.943399
0.958,452.0711971
0.9582,452.3363631
0.9584,452.3954612
0.9586,452.7292922
0.9588,453.2004736
0.959,453.3969106
0.9592,453.7306979
0.9594,454.0644707
0.9596,454.6042589
0.9598,454.7319725
0.96,454.9970279
0.9602,454.9873824
0.9604,454.8403952
0.9606,454.8307526
0.9608,453.9970949
0.961,453.7814704
0.9612,452.9478694
0.9614,453.0755933
0.9616,452.5166902
0.9618,452.850399
0.962,452.428842
0.9622,452.1446179
0.9624,451.723093
0.9626,451.2329307
0.9628,450.8114421
0.963,450.458623
0.9632,449.9685174
0.9634,449.3411343
0.9636,448.6451299
0.9638,448.7729076
0.964,449.0379687
0.9642,449.1657319
0.9644,449.6366978
0.9646,449.9703628
0.9648,450.1667357
0.965,450.4317371
0.9652,450.2162757
0.9654,450.2067263
0.9656,449.5794799
0.9658,449.5699436
0.966,449.4231472
0.9662,449.7567569
0.9664,449.6785891
0.9666,450.355307
0.9668,451.0319957
0.967,451.3655414
0.9672,451.9049365
0.9674,452.3070686
0.9676,452.5719463
0.9678,452.2878766
0.968,452.0724341
0.9682,451.4453159
0.9684,451.0240617
0.9686,450.5342138
0.9688,450.3874348
0.969,450.1034452
0.9692,449.9566808
0.9694,449.8099222
0.9696,449.6631694
0.9698,449.5850248
0.97,449.5754842
0.9702,449.4287445
0.9704,449.2820106
0.9706,448.9294929
0.9708,449.3315361
0.971,448.8418441
0.9712,449.1066868
0.9714,449.0971548
0.9716,449.7049267
0.9718,449.8325574
0.972,450.0287687
0.9722,450.499311
0.9724,450.558332
0.9726,450.8230962
0.9728,450.6763652
0.973,450.9411148
0.9732,451.1372751
0.9734,451.2648505
0.9736,451.6667191
0.9738,452.4114367
0.974,452.6761193
0.9742,452.9407903
0.9744,453.2740186
0.9746,453.264395
0.9748,453.1176393
0.975,453.3137122
0.9752,453.235524
0.9754,452.6088455
0.9756,452.6677951
0.9758,452.3153894
0.976,452.1686701
0.9762,452.1590683
0.9764,451.9438033
0.9766,451.5914413
0.9768,451.5818511
0.977,451.0924109
0.9772,451.219928
0.9774,450.5934213
0.9776,450.1725776
0.9778,449.957384
0.978,449.9478274
0.9782,449.7326468
0.9784,449.3803954
0.9786,449.5764655
0.9788,449.5669161
0.979,449.4888312
0.9792,449.6163513
0.9794,449.6068004
0.9796,449.3231252
0.9798,449.2450505
0.98,449.0984506
0.9802,449.1574367
0.9804,448.2570663
0.9806,448.932781
0.9808,448.9917656
0.981,449.2563099
0.9812,449.726401
0.9814,449.5112918
0.9816,449.8443236
0.9818,449.4921901
0.982,449.8252073
0.9822,449.9526734
0.9824,449.8746017
0.9826,449.8650421
0.9828,449.7184669
0.983,449.5718976
0.9832,449.8363633
0.9834,450.032314
0.9836,450.1597539
0.9838,449.876185
0.984,449.5241287
0.9842,448.9665941
0.9844,448.957052
0.9846,448.5365418
0.9848,448.1845423
0.985,448.0380326
0.9852,448.0285094
0.9854,447.8820085
0.9856,448.1464379
0.9858,448.4108555
0.986,448.0589011
0.9862,449.008139
0.9864,449.1355571
0.9866,449.1260091
0.9868,449.1849399
0.987,449.038436
0.9872,449.0973653
0.9874,448.8139201
0.9876,449.0782694
0.9878,448.9317787
0.988,449.2645833
0.9882,449.7343104
0.9884,450.204017
0.9886,451.0160312
0.9888,451.3487616
0.989,451.3391641
0.9892,451.7403339
0.9894,452.209946
0.9896,452.2687879
0.9898,452.3960837
0.99,452.1810968
0.9902,452.3083883
0.9904,451.9565067
0.9906,451.6730906
0.9908,451.6634845
0.991,451.2431897
0.9912,451.2335922
0.9914,450.4710977
0.9916,450.4615163
0.9918,449.6990698
0.992,449.1419778
0.9922,448.8586665
0.9924,448.7122428
0.9926,448.3605155
0.9928,448.0772377
0.993,447.9308387
0.9932,447.9897418
0.9934,448.1855032
0.9936,448.1759683
0.9938,448.3717166
0.994,448.4990299
0.9942,448.3526382
0.9944,448.4115223
0.9946,448.4704036
0.9948,448.5292819
0.995,448.5881573
0.9952,448.7154473
0.9954,449.4584761
0.9956,449.9962291
0.9958,450.3971325
0.996,450.5243715
0.9962,450.7884253
0.9964,450.9840586
0.9966,451.0428685
0.9968,450.9648637
0.997,450.6816485
0.9972,450.8088629
0.9974,450.1152532
0.9976,449.832073
0.9978,449.8908974
0.998,449.5393361
0.9982,449.5981634
0.9984,448.9730455
0.9986,449.0318816
0.9988,448.5435842
0.999,447.7817477
0.9992,447.0883317
0.9994,446.6684926
0.9996,446.3170565
0.9998,445.9656349
1,445.8877582
1.0002,445.6731222
1.0004,446.1422917
1.0006,446.679819
1.0008,447.4224533
1.001,447.618053
1.0012,447.9503918
1.0014,447.8041093
1.0016,447.5894616
1.0018,448.1952565
1.002,448.1173449
1.0022,448.9282017
1.0024,448.5084513
1.0026,449.0458098
1.0028,450.3351292
1.003,450.7357036
1.0032,451.4780569
1.0034,451.8785891
1.0036,452.1423909
1.0038,452.2694713
1.004,452.1914855
1.0042,451.5666864
1.0044,451.3520169
1.0046,450.5905632
1.0048,450.4442705
1.005,450.2296374
1.0052,450.0833577
1.0054,450.0737705
1.0056,448.2189539
1.0058,449.7812345
1.006,449.5666363
1.0062,449.4887218
1.0064,449.2058022
1.0066,448.7178905
1.0068,448.9133302
1.007,448.4254448
1.0072,448.5525514
1.0074,448.3380085
1.0076,448.6700926
1.0078,448.7971846
1.008,448.9925951
1.0082,449.4612886
1.0084,449.520033
1.0086,449.5104544
1.0088,449.637513
1.009,449.6962486
1.0092,449.6183501
1.0094,450.155282
1.0096,450.2823143
1.0098,451.0241421
1.01,451.1511497
1.0102,451.8929266
1.0104,451.6100681
1.0106,452.078581
1.0108,451.8640338
1.011,451.8544029
1.0112,451.2300624
1.0114,451.0155457
1.0116,450.3229507
1.0118,450.6548353
1.012,449.3476196
1.0122,449.8843913
1.0124,449.7382165
1.0126,449.7969201
1.0128,449.6507526
1.013,449.5728788
1.0132,449.5632945
1.0134,449.41714
1.0136,448.8612898
1.0138,448.7834379
1.014,447.9545014
1.0142,447.3987167
1.0144,447.1160664
1.0146,446.9699804
1.0148,446.9604499
1.015,447.2922864
1.0152,447.6923804
1.0154,448.0241863
1.0156,448.4242468
1.0158,448.8925573
1.016,448.8829846
1.0162,449.0099413
1.0164,449.0003657
1.0166,448.99079
1.0168,448.8446938
1.017,449.1081565
1.0172,449.3716075
1.0174,449.2255113
1.0176,449.6254568
1.0178,450.0253847
1.018,449.9475343
1.0182,450.2791874
1.0184,449.996588
1.0186,450.1917307
1.0188,449.7044072
1.019,449.6265699
1.0192,449.4122498
1.0194,449.1979384
1.0196,448.9836357
1.0198,448.9740572
1.02,448.8962417
1.0202,448.5454869
1.0204,448.2629807
1.0206,448.1851841
1.0208,447.6980033
1.021,447.2790726
1.0212,446.8601594
1.0214,446.4412637
1.0216,445.9541601
1.0218,446.0128681
1.022,446.0033507
1.0222,446.6078222
1.0224,444.0741689
1.0226,447.2027239
1.0228,447.261397
1.023,447.5247126
1.0232,447.1058795
1.0234,446.9599128
1.0236,446.6093196
1.0238,446.3951597
1.024,446.0445927
1.0242,445.966866
1.0244,446.1619621
1.0246,446.5616599
1.0248,447.0977445
1.025,447.429204
1.0252,447.7606489
1.0254,448.2284747
1.0256,448.4234951
1.0258,448.3457276
1.026,448.267963
1.0262,448.2583932
1.0264,447.9760618
1.0266,447.8983088
1.0268,447.6159963
1.027,447.7428117
1.0272,447.7332521
1.0274,447.3145937
1.0276,447.2368611
1.0278,447.1591315
1.028,439.6499184
1.0282,446.5264397
1.0284,446.3123773
1.0286,446.0983237
1.0288,445.5434139
1.029,445.329385
1.0292,445.1835348
1.0294,445.0376905
1.0296,445.5053561
1.0298,445.3595103
1.03,445.6908198
1.0302,445.2041616
1.0304,445.4672982
1.0306,445.6622633
1.0308,445.7209029
1.031,445.7113826
1.0312,446.383417
1.0314,446.7828063
1.0316,447.522941
1.0318,447.9904392
1.032,448.2534681
1.0322,448.6527817
1.0324,448.8476376
1.0326,449.0424847
1.0328,449.0328916
1.033,448.4100171
1.0332,448.1960144
1.0334,448.0501598
1.0336,440.817958
1.0338,447.9628779
1.034,448.0895768
1.0342,447.8756018
1.0344,448.1385607
1.0346,448.1289851
1.0348,448.3237973
1.035,447.7691948
1.0352,446.9421101
1.0354,446.2513101
1.0356,445.4924159
1.0358,445.0060416
1.036,444.4515672
1.0362,443.9652351
1.0364,443.5470411
1.0366,443.7419101
1.0368,444.277344
1.037,444.676528
1.0372,445.1438064
1.0374,444.9980712
1.0376,445.1928863
1.0378,445.2514779
1.038,445.2419605
1.0382,445.3686522
1.0384,445.5634411
1.0386,445.3496116
1.0388,445.7486922
1.039,446.1477554
1.0392,439.8051735
1.0394,447.082021
1.0396,447.3448402
1.0398,447.471462
1.04,447.3257122
1.0402,447.0437884
1.0404,446.8980532
1.0406,446.4118886
1.0408,445.9257443
1.041,445.6438729
1.0412,445.2939305
1.0414,445.4886525
1.0416,445.274887
1.0418,445.2653653
1.042,445.0516129
1.0422,444.7697939
1.0424,444.5560605
1.0426,444.2061908
1.0428,443.7882646
1.043,443.3022863
1.0432,442.9524647
1.0434,442.942991
1.0436,443.0696477
1.0438,443.6046812
1.044,443.7993799
1.0442,444.4704958
1.0444,444.5971074
1.0446,444.927887
1.0448,438.112721
1.045,444.9088523
1.0452,445.035442
1.0454,444.8898175
1.0456,444.8803001
1.0458,445.0749304
1.046,445.473695
1.0462,446.0085349
1.0464,446.2711722
1.0466,446.942058
1.0468,447.3407471
1.047,447.2631354
1.0472,447.5257217
1.0474,447.4481085
1.0476,447.0303177
1.0478,446.7486137
1.048,446.5349545
1.0482,446.1172089
1.0484,446.0396321
1.0486,446.0300871
1.0488,445.8844873
1.049,445.8749452
1.0492,445.865403
1.0494,445.9919069
1.0496,445.7102757
1.0498,445.4966762
1.05,445.1470483
1.0502,444.5253661
1.0504,443.6316472
1.0506,444.2342801
1.0508,444.020733
1.051,443.875206
1.0512,444.0017244
1.0514,444.264254
1.0516,444.3227508
1.0518,444.3132393
1.052,444.3037277
1.0522,444.2262136
1.0524,444.1487023
1.0526,443.8671948
1.0528,443.7896937
1.053,443.6441988
1.0532,443.8386864
1.0534,443.7611896
1.0536,444.2276353
1.0538,444.6260696
1.054,445.2964444
1.0542,445.4228857
1.0544,445.753281
1.0546,446.0156765
1.0548,446.0741094
1.055,446.2005215
1.0552,445.4431777
1.0554,444.9577832
1.0556,444.9482541
1.0558,444.8707488
1.056,449.4155435
1.0562,444.4438526
1.0564,444.6382499
1.0566,444.6287267
1.0568,444.7551418
1.057,444.7456157
1.0572,444.8720219
1.0574,444.4547044
1.0576,443.9694409
1.0578,443.9599308
1.058,444.0183811
1.0582,443.8729517
1.0584,444.135273
1.0586,443.8539344
1.0588,443.8444257
1.059,444.5824014
1.0592,444.4369734
1.0594,444.0877006
1.0596,443.9422887
1.0598,443.5930406
1.06,443.5155905
1.0602,443.7099208
1.0604,444.0401283
1.0606,444.3023798
1.0608,444.9722596
1.061,445.6421104
1.0612,445.9043094
1.0614,446.5741107
1.0616,448.6705011
1.0618,447.3701641
1.062,447.3605768
1.0622,447.0792702
1.0624,447.2055455
1.0626,446.7883997
1.0628,446.7788241
1.063,446.8371725
1.0632,447.0313631
1.0634,446.9538605
1.0636,446.8763609
1.0638,446.8667824
1.064,446.7213704
1.0642,446.4401337
1.0644,446.2947363
1.0646,445.9456076
1.0648,445.3927608
1.065,444.6362089
1.0652,444.0155051
1.0654,443.5306405
1.0656,443.1137014
1.0658,443.0362978
1.066,443.1626037
1.0662,442.9494002
1.0664,443.5509966
1.0666,443.7451799
1.0668,443.9393544
1.067,444.0656254
1.0672,444.3955707
1.0674,443.5034461
1.0676,443.5618265
1.0678,443.7559821
1.068,444.2216795
1.0682,444.2121534
1.0684,444.7457048
1.0686,444.9398168
1.0688,445.6090925
1.069,446.0068178
1.0692,446.5402834
1.0694,446.7343386
1.0696,446.4532533
1.0698,446.1043052
1.07,446.5698482
1.0702,446.1530401
1.0704,446.2792106
1.0706,445.8624258
1.0708,445.5813929
1.071,445.0967743
1.0712,444.7479048
1.0714,444.6705013
1.0716,444.3895164
1.0718,443.4299438
1.072,443.0132798
1.0722,442.5966333
1.0724,442.1800043
1.0726,442.0348092
1.0728,441.8217673
1.073,442.0158414
1.0732,442.2777566
1.0734,442.8110533
1.0736,443.208633
1.0738,443.4026591
1.074,443.8680522
1.0742,443.6550001
1.0744,443.9846849
1.0746,444.0429968
1.0748,443.8977917
1.075,444.0239388
1.0752,443.9465747
1.0754,444.479717
1.0756,445.4876621
1.0758,445.8172552
1.076,446.3503219
1.0762,446.6798816
1.0764,447.2129061
1.0766,447.0676571
1.0768,447.0580611
1.077,446.9128209
1.0772,446.7675866
1.0774,446.4189005
1.0776,445.9345934
1.0778,445.8572045
1.078,445.915448
1.0782,445.7702486
1.0784,446.0319265
1.0786,445.751109
1.0788,445.3346853
1.079,444.918279
1.0792,444.2306658
1.0794,443.8821049
1.0796,443.1267396
1.0798,442.6426131
1.08,442.5653085
1.0802,442.5558057
1.0804,442.5463029
1.0806,442.8757796
1.0808,443.0696528
1.081,443.5346892
1.0812,444.2030797
1.0814,444.3291207
1.0816,444.590733
1.0818,444.581185
1.082,444.8427799
1.0822,444.9687946
1.0824,444.959238
1.0826,445.2208066
1.0828,445.6857033
1.083,446.1505796
1.0832,446.2087736
1.0834,446.6736179
1.0836,446.3929271
1.0838,446.5866562
1.084,446.1704363
1.0842,445.9575428
1.0844,445.405817
1.0846,445.1251815
1.0848,444.6412618
1.085,444.6317095
1.0852,444.2155827
1.0854,443.9349953
1.0856,443.993217
1.0858,443.6448876
1.086,443.567599
1.0862,443.1515379
1.0864,442.4644793
1.0866,441.8452022
1.0868,441.7679573
1.087,441.4874675
1.0872,441.2069892
1.0874,441.0620155
1.0876,440.9170475
1.0878,441.5850072
1.088,441.8464856
1.0882,442.2434335
1.0884,442.5726248
1.0886,442.7663263
1.0888,442.8245466
1.089,443.0182334
1.0892,443.2119116
1.0894,443.337849
1.0896,443.2605897
1.0898,443.318791
1.09,443.4447169
1.0902,443.7738151
1.0904,444.3737969
1.0906,444.9060294
1.0908,444.8287438
1.091,445.0900621
1.0912,445.0804937
1.0914,445.0709254
1.0916,445.0613571
1.0918,444.8486456
1.092,444.1619525
1.0922,443.6784229
1.0924,443.4657537
1.0926,443.3885103
1.0928,443.1758556
1.093,443.0986211
1.0932,442.7505726
1.0934,442.808755
1.0936,442.5961295
1.0938,442.5866121
1.094,442.7124914
1.0942,442.4321836
1.0944,442.2195828
1.0946,442.2100727
1.0948,442.4036402
1.095,442.7325811
1.0952,443.0615073
1.0954,443.3904191
1.0956,443.583943
1.0958,443.6420876
1.096,443.4971778
1.0962,443.4876386
1.0964,443.2750567
1.0966,443.2655219
1.0968,443.323665
1.097,443.5171583
1.0972,443.7106428
1.0974,444.2424866
1.0976,444.5036185
1.0978,444.9677509
1.098,445.3641936
1.0982,445.3546122
1.0984,445.7510287
1.0986,445.8091034
1.0988,445.4611947
1.099,444.8426527
1.0992,444.8330815
1.0994,444.5528741
1.0996,444.4079934
1.0998,444.1954625
1.1,443.9829403
1.1002,443.9733866
1.1004,443.7608775
1.1006,443.8189784
1.1008,444.1476718
1.101,443.9351715
1.1012,443.6550339
1.1014,443.510197
1.1016,443.568295
1.1018,443.4911069
1.102,443.4139218
1.1022,443.2014622
1.1024,443.3948346
1.1026,443.655834
1.1028,444.0520904
1.103,444.1101651
1.1032,444.0329741
1.1034,443.6852663
1.1036,443.9462294
1.1038,444.0719267
1.104,444.1976183
1.1042,444.2556799
1.1044,444.3813612
1.1046,444.9803851
1.1048,445.0384249
1.105,445.4345532
1.1052,446.1687481
1.1054,446.3619881
1.1056,446.6904471
1.1058,446.6132168
1.106,446.6712114
1.1062,446.8644223
1.1064,446.3815434
1.1066,446.3719314
1.1068,445.9566883
1.107,445.947085
1.1072,445.6670727
1.1074,445.1842695
1.1076,445.309881
1.1078,444.8947034
1.108,444.8851219
1.1082,444.6051605
1.1084,444.5955849
1.1086,444.5860093
1.1088,444.4412525
1.109,443.9585556
1.1092,443.9489931
1.1094,443.6014993
1.1096,443.5243592
1.1098,443.2444721
1.11,443.302506
1.1102,443.2253762
1.1104,443.4185652
1.1106,443.4765904
1.1108,443.5346127
1.111,443.592632
1.1112,443.5155022
1.1114,443.4383753
1.1116,443.563962
1.1118,443.4192677
1.112,443.8826853
1.1122,443.8731213
1.1124,444.133815
1.1126,444.664749
1.1128,445.3983441
1.113,445.5238668
1.1132,445.7169422
1.1134,445.4371089
1.1136,445.3599543
1.1138,445.2828027
1.114,444.86789
1.1142,444.4529949
1.1144,443.7003679
1.1146,443.4881601
1.1148,443.0733203
1.115,443.1313164
1.1152,442.6489572
1.1154,442.3017037
1.1156,442.2921703
1.1158,441.8098593
1.116,441.8003361
1.1162,441.3180555
1.1164,440.7007248
1.1166,440.4210895
1.1168,440.2765306
1.117,440.1995085
1.1172,440.4601367
1.1174,440.1805291
1.1176,440.3060925
1.1178,440.8368008
1.118,441.2324384
1.1182,441.6955809
1.1184,441.6860576
1.1186,442.0816501
1.1188,442.2071538
1.119,442.3326517
1.1192,442.5931737
1.1194,442.5836301
1.1196,442.7766225
1.1198,442.9020957
1.12,443.2300903
1.1202,443.5580704
1.1204,444.0210483
1.1206,443.943968
1.1208,443.7993873
1.121,443.7223142
1.1212,443.645244
1.1214,443.2306823
1.1216,443.0861278
1.1218,442.7390911
1.122,441.7846181
1.1222,441.640103
1.1224,441.2256271
1.1226,441.4185803
1.1228,441.2740811
1.123,440.7246641
1.1232,440.5126995
1.1234,439.5584158
1.1236,439.5489334
1.1238,439.0670809
1.124,439.3950085
1.1242,439.3180505
1.1244,439.2410953
1.1246,439.703948
1.1248,440.0993062
1.125,440.0223379
1.1252,440.4176713
1.1254,440.4756383
1.1256,441.0058807
1.1258,441.468633
1.126,441.324176
1.1262,441.5845086
1.1264,441.5075172
1.1266,441.7678337
1.1268,441.9606791
1.127,442.5582647
1.1272,442.8185406
1.1274,442.6740734
1.1276,443.0692423
1.1278,443.0596798
1.128,443.0501173
1.1282,442.8382066
1.1284,442.4239607
1.1286,442.3469648
1.1288,441.9327466
1.129,441.8557638
1.1292,441.5764575
1.1294,441.0274002
1.1296,441.2876368
1.1298,441.1432352
1.13,441.4034571
1.1302,440.9893191
1.1304,440.9797988
1.1306,440.6331188
1.1308,440.2190229
1.131,439.9398025
1.1312,439.7954489
1.1314,439.8533795
1.1316,439.9787318
1.1318,440.1715015
1.132,440.6339495
1.1322,441.1637974
1.1324,441.5587842
1.1326,441.5492494
1.1328,441.8767941
1.133,442.002081
1.1332,442.5992531
1.1334,442.3200487
1.1336,442.5801368
1.1338,442.9076219
1.134,442.9654637
1.1342,443.4951427
1.1344,443.687777
1.1346,444.2848195
1.1348,444.3426249
1.135,444.5352272
1.1352,444.3908285
1.1354,444.2464356
1.1356,443.8324663
1.1358,443.01415
1.136,442.7350096
1.1362,442.1189251
1.1364,441.6376461
1.1366,441.5607172
1.1368,441.6859516
1.137,441.6764095
1.1372,441.8690191
1.1374,441.7920901
1.1376,441.6477831
1.1378,441.5034819
1.138,440.8875401
1.1382,440.2716244
1.1384,439.5883598
1.1386,439.3093665
1.1388,439.4346184
1.139,439.2903812
1.1392,439.550366
1.1394,440.0124427
1.1396,440.5418655
1.1398,441.1386299
1.14,441.1290965
1.1402,441.3890113
1.1404,441.2447509
1.1406,441.3699329
1.1408,441.0236052
1.141,440.6099359
1.1412,440.533058
1.1414,440.1867696
1.1416,440.3119589
1.1418,440.8412447
1.142,440.9664136
1.1422,441.2262717
1.1424,441.2167339
1.1426,441.5439191
1.1428,441.467031
1.143,441.6595124
1.1432,441.1785829
1.1434,440.6976738
1.1436,440.418797
1.1438,440.0052601
1.144,439.9284127
1.1442,440.1209
1.1444,439.8420581
1.1446,440.1018682
1.1448,440.0250237
1.145,440.4194719
1.1452,440.1406461
1.1454,439.9291561
1.1456,439.650352
1.1458,439.236917
1.146,439.496698
1.1462,439.2179201
1.1464,439.2084217
1.1466,439.5355006
1.1468,439.7279369
1.147,439.7184268
1.1472,440.0454723
1.1474,440.0359549
1.1476,440.4302867
1.1478,440.3534539
1.148,440.9496767
1.1482,441.2766581
1.1484,441.4690201
1.1486,441.5267717
1.1488,441.7864186
1.149,442.315246
1.1492,442.9113466
1.1494,443.3055358
1.1496,443.4305329
1.1498,443.3536476
1.15,443.1421838
1.1502,443.1998858
1.1504,442.9884337
1.1506,442.7097039
1.1508,441.8254216
1.151,441.5467282
1.1512,440.9989185
1.1514,440.5856932
1.1516,440.2397645
1.1518,439.759295
1.152,439.4806744
1.1522,439.4711643
1.1524,439.1925612
1.1526,439.0485133
1.1528,438.8372009
1.153,438.5586283
1.1532,438.5491371
1.1534,438.47238
1.1536,438.0593031
1.1538,438.0498222
1.154,437.7040331
1.1542,437.3582586
1.1544,437.4160509
1.1546,437.5410975
1.1548,437.5316267
1.155,437.6566646
1.1552,438.1852139
1.1554,438.5119857
1.1556,439.4439925
1.1558,439.7707221
1.156,440.164684
1.1562,440.3568918
1.1564,440.4146025
1.1566,440.539553
1.1568,440.3955328
1.157,439.3101617
1.1572,440.1075099
1.1574,439.6945598
1.1576,439.0799208
1.1578,439.0704136
1.158,439.1953714
1.1582,438.648013
1.1584,438.3695962
1.1586,437.8895067
1.1588,437.7455709
1.159,437.3999653
1.1592,437.2560456
1.1594,436.977687
1.1596,436.8337818
1.1598,436.4210048
1.16,436.2771171
1.1602,436.4693176
1.1604,436.7287244
1.1606,436.9209059
1.1608,436.9786545
1.161,437.1036109
1.1612,436.9597246
1.1614,437.2862984
1.1616,437.008001
1.1618,437.0657394
1.162,437.4594918
1.1622,437.8532267
1.1624,438.3813451
1.1626,438.170251
1.1628,439.7063022
1.163,440.0999525
1.1632,440.6951695
1.1634,440.9543943
1.1636,441.2136074
1.1638,441.4056187
1.164,441.3960547
1.1642,441.3193034
1.1644,440.7722536
1.1646,440.7627027
1.1648,440.6859689
1.165,440.3405118
1.1652,440.1966095
1.1654,439.9855344
1.1656,439.4385822
1.1658,438.6901261
1.166,438.4119219
1.1662,438.1337293
1.1664,437.7212057
1.1666,437.3086995
1.1668,436.9633792
1.167,436.9539085
1.1672,436.9444377
1.1674,436.5319824
1.1676,436.5225204
1.1678,436.7145418
1.168,437.0408739
1.1682,437.9716157
1.1684,437.6263376
1.1686,437.7511615
1.1688,437.8759795
1.169,438.0007918
1.1692,438.394202
1.1694,438.6532958
1.1696,438.6437857
1.1698,438.4999824
1.17,438.8262009
1.1702,438.6823991
1.1704,438.9414565
1.1706,438.7976575
1.1708,438.989561
1.171,439.0471801
1.1712,439.1719326
1.1714,439.3638143
1.1716,439.4885536
1.1718,439.4790231
1.172,439.4023621
1.1722,439.1243166
1.1724,438.7120274
1.1726,438.434008
1.1728,437.686127
1.173,437.2738945
1.1732,436.3918265
1.1734,436.3152411
1.1736,435.9701829
1.1738,436.2291966
1.174,435.6156903
1.1742,435.7404705
1.1744,435.9994711
1.1746,435.9229018
1.1748,436.1147761
1.175,436.1053155
1.1752,436.2971768
1.1754,436.2877119
1.1756,436.3453513
1.1758,436.2687819
1.176,436.2593169
1.1762,436.384052
1.1764,436.4416827
1.1766,436.6335047
1.1768,436.8253179
1.177,437.0842166
1.1772,437.0747327
1.1774,437.3336139
1.1776,437.3241242
1.1778,437.582988
1.178,437.9760139
1.1782,437.9665096
1.1784,438.2253414
1.1786,438.2829138
1.1788,438.5417266
1.179,438.2638907
1.1792,438.187301
1.1794,438.0436374
1.1796,437.6987539
1.1798,437.4880326
1.18,437.0090305
1.1802,436.7983325
1.1804,436.9229904
1.1806,436.7123026
1.1808,436.8369561
1.181,436.8945387
1.1812,436.8179912
1.1814,436.7414466
1.1816,436.5978442
1.1818,436.2530699
1.182,436.1094835
1.1822,431.8084098
1.1824,436.0905477
1.1826,436.2151867
1.1828,436.5409758
1.183,436.5985482
1.1832,436.6561178
1.1834,437.11597
1.1836,437.0394327
1.1838,437.0969877
1.184,436.95341
1.1842,437.1450471
1.1844,436.8673932
1.1846,436.8579064
1.1848,436.8484196
1.185,437.1741126
1.1852,437.5668255
1.1854,437.8254549
1.1856,437.9500094
1.1858,438.0745581
1.186,438.3331584
1.1862,438.1895836
1.1864,438.1130405
1.1866,437.5673301
1.1868,437.3567572
1.187,437.1461931
1.1872,437.0696776
1.1874,436.8591281
1.1876,436.7826213
1.1878,434.4275878
1.188,436.7636448
1.1882,436.9551945
1.1884,437.0127131
1.1886,436.3331215
1.1888,436.1896254
1.189,435.5770872
1.1892,435.5676237
1.1894,435.4911562
1.1896,435.4816942
1.1898,435.6732352
1.19,435.9987666
1.1902,436.2572853
1.1904,436.783779
1.1906,436.9752734
1.1908,436.6978029
1.191,436.2863595
1.1912,436.1428968
1.1914,435.8654613
1.1916,435.5880373
1.1918,435.7795303
1.192,436.2389546
1.1922,436.5643913
1.1924,437.4926524
1.1926,438.0189888
1.1928,438.8801978
1.193,439.3395027
1.1932,439.3969296
1.1934,435.9716632
1.1936,439.5117746
1.1938,439.5022208
1.194,439.1578148
1.1942,438.8134233
1.1944,438.6029815
1.1946,438.3255823
1.1948,438.4499826
1.195,437.8377822
1.1952,437.7613017
1.1954,437.8857048
1.1956,437.6753081
1.1958,437.2640481
1.196,436.8528056
1.1962,436.5754894
1.1964,436.4320908
1.1966,435.9539404
1.1968,435.8775108
1.197,436.2027758
1.1972,435.9255019
1.1974,436.3176965
1.1976,436.4420967
1.1978,436.3656628
1.198,436.2892317
1.1982,436.4136232
1.1984,436.2033168
1.1986,435.9930191
1.1988,435.9166012
1.199,431.9580111
1.1992,435.6968414
1.1994,435.7542959
1.1996,436.2802553
1.1998,436.4046221
1.2,436.6628365
1.2002,437.05489
1.2004,437.1792305
1.2006,437.2366428
1.2008,437.0932894
1.201,437.0168612
1.2012,436.873518
1.2014,436.663264
1.2016,436.3861035
1.2018,436.1089548
1.202,435.7649054
1.2022,435.4877814
1.2024,434.8761225
1.2026,434.7997526
1.2028,434.4557601
1.203,434.0448771
1.2032,433.7678186
1.2034,433.8252819
1.2036,434.0165434
1.2038,434.0739979
1.204,434.0645519
1.2042,434.3226906
1.2044,434.246344
1.2046,435.3071862
1.2048,435.0301452
1.205,435.0206773
1.2052,434.8774316
1.2054,434.8679666
1.2056,434.9922737
1.2058,435.1165749
1.206,435.2408703
1.2062,435.164515
1.2064,435.3556833
1.2066,435.8812365
1.2068,436.0055028
1.207,436.2635149
1.2072,436.5883897
1.2074,436.9801229
1.2076,437.1043528
1.2078,437.5629268
1.208,437.8208748
1.2082,438.0788112
1.2084,438.0692734
1.2086,437.9260073
1.2088,437.7158843
1.209,437.5057702
1.2092,437.2288048
1.2094,436.8181344
1.2096,436.6080522
1.2098,436.3311233
1.21,436.054206
1.2102,440.189567
1.2104,435.7678106
1.2106,436.0257194
1.2108,435.7488312
1.211,435.5388013
1.2112,435.1282445
1.2114,435.1187679
1.2116,434.7082373
1.2118,434.6319285
1.212,434.288265
1.2122,434.6798336
1.2124,434.8040388
1.2126,434.9282381
1.2128,435.3865996
1.213,435.1766193
1.2132,435.3676318
1.2134,435.1576602
1.2136,434.8808696
1.2138,434.8713959
1.214,434.5946227
1.2142,434.3846846
1.2144,434.3752211
1.2146,434.8335011
1.2148,435.0913035
1.215,435.6831823
1.2152,435.7405058
1.2154,436.3323438
1.2156,436.2560234
1.2158,440.5892822
1.216,436.4374428
1.2162,436.0270796
1.2164,436.1511931
1.2166,435.7408531
1.2168,435.4641397
1.217,435.588256
1.2172,435.4451602
1.2174,435.5692707
1.2176,435.4261808
1.2178,435.2830967
1.218,434.6724481
1.2182,434.5293858
1.2184,434.2527437
1.2186,434.1096959
1.2188,433.8330742
1.219,433.8236179
1.2192,433.7473747
1.2194,433.9382766
1.2196,434.0623857
1.2198,434.1197063
1.22,434.5777111
1.2202,434.7017968
1.2204,434.7590985
1.2206,434.4825131
1.2208,434.6065916
1.221,434.7974382
1.2212,434.6544138
1.2214,439.0518231
1.2216,434.7022301
1.2218,435.2268967
1.222,435.6180068
1.2222,435.8755691
1.2224,436.4669383
1.2226,436.3906587
1.2228,436.7149468
1.223,436.7054236
1.2232,436.4956267
1.2234,436.4861078
1.2236,436.0760591
1.2238,435.8662884
1.224,435.6565264
1.2242,435.1130201
1.2244,435.3037779
1.2246,435.2275361
1.2248,435.0178047
1.225,434.9415717
1.2252,434.7318548
1.2254,434.1884373
1.2256,434.0454857
1.2258,433.8358009
1.226,433.4926498
1.2262,433.2829854
1.2264,433.1400643
1.2266,433.1306153
1.2268,433.5215565
1.227,438.3834061
1.2272,434.1032002
1.2274,434.2271841
1.2276,434.2177104
1.2278,434.2082367
1.228,434.198763
1.2282,434.1892893
1.2284,434.0463755
1.2286,433.7033117
1.2288,433.6271311
1.229,433.8845317
1.2292,434.2753492
1.2294,434.6661492
1.2296,434.7900865
1.2298,434.9807278
1.23,435.4381939
1.2302,435.4953981
1.2304,435.7527157
1.2306,435.7432056
1.2308,435.5335878
1.231,435.0571742
1.2312,434.7141804
1.2314,434.5045975
1.2316,434.1616298
1.2318,433.6852861
1.232,433.3423505
1.2322,433.5996609
1.2324,433.3234322
1.2326,435.7814836
1.2328,433.0377618
1.233,433.2283682
1.2332,432.285319
1.2334,432.1425144
1.2336,431.8663512
1.2338,431.7235611
1.234,431.5807769
1.2342,431.5713542
1.2344,432.028666
1.2346,432.085908
1.2348,432.7432082
1.235,432.7337593
1.2352,433.057663
1.2354,432.6481923
1.2356,433.0387506
1.2358,433.2292929
1.236,433.1531676
1.2362,433.0103819
1.2364,433.1342493
1.2366,433.2581108
1.2368,433.2486488
1.237,433.572474
1.2372,433.9629406
1.2374,434.020117
1.2376,434.2105968
1.2378,434.2677645
1.238,434.6581801
1.2382,435.7150655
1.2384,434.0393667
1.2386,433.8299483
1.2388,433.9537604
1.239,433.6110664
1.2392,433.6015941
1.2394,433.4588419
1.2396,432.8496259
1.2398,432.8401697
1.24,432.8973491
1.2402,432.3548181
1.2404,431.8123105
1.2406,431.0033012
1.2408,431.0605141
1.241,430.8512107
1.2412,430.9084235
1.2414,430.6991318
1.2416,430.8229686
1.2418,431.0800447
1.242,431.6035932
1.2422,431.7274009
1.2424,431.7845847
1.2426,432.0416156
1.2428,431.9655587
1.243,432.089346
1.2432,432.2131275
1.2434,432.1370706
1.2436,432.127626
1.2438,433.4503404
1.244,432.6415888
1.2442,433.2315779
1.2444,433.7549372
1.2446,433.7454562
1.2448,434.0689786
1.245,434.1260895
1.2452,433.9834043
1.2454,433.640936
1.2456,433.3650771
1.2458,432.8894496
1.246,432.8133942
1.2462,432.6707512
1.2464,432.3283469
1.2466,432.1857199
1.2468,431.7767543
1.247,431.7673141
1.2472,431.824457
1.2474,431.6818519
1.2476,431.2729314
1.2478,430.8640283
1.248,430.6548749
1.2482,430.3125784
1.2484,430.5694666
1.2486,430.6931972
1.2488,430.4840641
1.249,430.8740707
1.2492,430.8646479
1.2494,431.7871658
1.2496,431.7777227
1.2498,431.5020224
1.25,431.8253992
1.2502,431.882516
1.2504,432.0061898
1.2506,431.8636239
1.2508,432.0538489
1.251,432.2440651
1.2512,432.767043
1.2514,433.3565502
1.2516,433.9460312
1.2518,434.069638
1.252,434.2597873
1.2522,434.716115
1.2524,434.0411514
1.2526,433.6323925
1.2528,432.757854
1.253,432.3491402
1.2532,431.8739044
1.2534,431.7979174
1.2536,431.6553967
1.2538,431.7790224
1.254,432.1022434
1.2542,432.4254499
1.2544,432.7486418
1.2546,433.2048778
1.2548,433.328454
1.255,433.1193923
1.2552,432.5111895
1.2554,432.3686775
1.2556,431.827039
1.2558,431.2854238
1.256,430.810351
1.2562,430.7344048
1.2564,430.5254289
1.2566,430.582521
1.2568,430.4400701
1.257,430.82972
1.2572,431.3523733
1.2574,431.2764226
1.2576,431.6660274
1.2578,432.1221208
1.258,432.1126616
1.2582,432.2362087
1.2584,432.4262517
1.2586,432.6162859
1.2588,432.4738176
1.259,432.9963282
1.2592,433.1198404
1.2594,433.5758187
1.2596,433.4998331
1.2598,433.6898164
1.26,433.6138308
1.2602,433.6043368
1.2604,433.3953813
1.2606,432.9869776
1.2608,432.5785914
1.261,432.6356019
1.2612,432.4266844
1.2614,432.2842553
1.2616,432.2083105
1.2618,432.1323686
1.262,432.0564297
1.2622,431.7810715
1.2624,431.9045604
1.2626,431.7621591
1.2628,431.154476
1.263,431.1450329
1.2632,431.2020565
1.2634,431.2590772
1.2636,430.9837758
1.2638,430.8414109
1.264,430.8319736
1.2642,431.0883741
1.2644,430.946015
1.2646,431.335314
1.2648,430.8606794
1.265,430.784787
1.2652,431.1740628
1.2654,431.4304196
1.2656,431.9525619
1.2658,431.8766506
1.266,432.0665276
1.2662,432.4557305
1.2664,432.9778029
1.2666,433.699178
1.2668,433.5567941
1.267,433.8130505
1.2672,433.93642
1.2674,433.794039
1.2676,434.1167068
1.2678,433.5757278
1.268,433.0347721
1.2682,432.8259913
1.2684,432.3515038
1.2686,432.2756012
1.2688,432.0668496
1.269,431.9909557
1.2692,431.5829495
1.2694,431.2413823
1.2696,431.2983506
1.2698,431.0896412
1.27,431.2130267
1.2702,430.7386644
1.2704,430.5299797
1.2706,430.5869553
1.2708,430.5111051
1.271,430.1032081
1.2712,430.0937795
1.2714,430.217165
1.2716,430.4733559
1.2718,430.4639186
1.272,430.8528974
1.2722,430.8434513
1.2724,430.9668048
1.2726,431.2229491
1.2728,431.4790817
1.273,432.1335751
1.2732,432.5224637
1.2734,432.8449422
1.2736,433.3665793
1.2738,433.7554139
1.274,434.2770074
1.2742,434.4002575
1.2744,434.3243462
1.2746,434.447589
1.2748,434.2389145
1.275,433.8311063
1.2752,433.3569361
1.2754,432.8827863
1.2756,432.4750334
1.2758,431.9345479
1.276,431.9914478
1.2762,431.6501121
1.2764,431.5079029
1.2766,431.4984379
1.2768,431.0907665
1.277,430.9485777
1.2772,430.1427464
1.2774,429.8678571
1.2776,429.4602556
1.2778,429.0526715
1.278,428.9105409
1.2782,428.9011313
1.2784,428.6926534
1.2786,428.8159574
1.2788,429.1383151
1.279,429.4606582
1.2792,429.7166366
1.2794,430.1053009
1.2796,430.2949057
1.2798,430.3518099
1.28,430.5414001
1.2802,430.3992666
1.2804,430.7878712
1.2806,430.7120778
1.2808,431.1669963
1.281,431.4228829
1.2812,431.5460865
1.2814,431.8019527
1.2816,432.0578073
1.2818,432.1146562
1.282,431.8398528
1.2822,431.6977178
1.2824,431.7545697
1.2826,431.479791
1.2828,431.0060517
1.283,430.4660102
1.2832,430.4565613
1.2834,430.4471123
1.2836,430.5702998
1.2838,430.2955808
1.284,430.4187655
1.2842,430.0777471
1.2844,430.3998675
1.2846,430.1914857
1.2848,429.8504936
1.285,429.7084402
1.2852,429.5663926
1.2854,429.7558765
1.2856,430.0779591
1.2858,430.3337249
1.286,430.7883813
1.2862,431.1767181
1.2864,431.4324416
1.2866,432.0196356
1.2868,432.4079185
1.287,432.7961839
1.2872,433.1181398
1.2874,433.0423377
1.2876,433.6294297
1.2878,433.8850571
1.288,434.2069591
1.2882,434.1311381
1.2884,434.2541698
1.2886,434.6423231
1.2888,434.8978982
1.289,435.1534616
1.2892,435.0113485
1.2894,434.8029652
1.2896,433.931845
1.2898,433.7897668
1.29,433.3163363
1.2902,433.2405473
1.2904,432.9659549
1.2906,432.7576415
1.2908,432.8144001
1.291,432.7386271
1.2912,432.9279087
1.2914,432.8521357
1.2916,432.8426256
1.2918,432.3030471
1.292,432.0285202
1.2922,431.8202607
1.2924,431.4795015
1.2926,430.8737459
1.2928,430.4667704
1.293,430.5898109
1.2932,430.5803488
1.2934,430.7033806
1.2936,430.6276702
1.2938,430.8169386
1.294,430.6087431
1.2942,430.6655207
1.2944,430.4573369
1.2946,430.3816381
1.2948,430.1734688
1.295,430.164014
1.2952,430.220793
1.2954,430.2113368
1.2956,430.3343424
1.2958,430.9209481
1.296,431.1101598
1.2962,431.3655893
1.2964,431.2898818
1.2966,431.08173
1.2968,430.8073648
1.297,430.6654526
1.2972,429.7289152
1.2974,429.1235076
1.2976,428.5181262
1.2978,428.3762751
1.298,428.1020031
1.2982,427.6953187
1.2984,427.5534939
1.2986,427.7427201
1.2988,427.6008996
1.299,427.922528
1.2992,427.780709
1.2994,428.0361152
1.2996,427.1660795
1.2998,426.8918846
1.3,427.0148945
1.3002,426.873109
1.3004,426.8637212
1.3006,426.7881388
1.3008,426.9111386
1.301,427.1003241
1.3012,427.2895008
1.3014,427.5448575
1.3016,427.336892
1.3018,427.4598641
1.302,427.5166461
1.3022,427.6396079
1.3024,427.762564
1.3026,427.9516942
1.3028,427.9422801
1.303,427.9990432
1.3032,428.3866811
1.3034,428.7743016
1.3036,428.9633867
1.3038,429.4171478
1.304,429.3415305
1.3042,429.5967577
1.3044,429.3226384
1.3046,429.1808616
1.3048,429.0390907
1.305,428.4341882
1.3052,428.093956
1.3054,427.9522171
1.3056,427.6781677
1.3058,428.2641664
1.306,427.7916559
1.3062,427.8483956
1.3064,427.9051324
1.3066,428.1603188
1.3068,428.2831948
1.307,428.2076212
1.3072,428.3304899
1.3074,428.0564828
1.3076,427.980918
1.3078,428.1037823
1.308,428.3589221
1.3082,428.3494935
1.3084,428.1416518
1.3086,427.8015462
1.3088,427.7259945
1.309,428.0472458
1.3092,427.8394274
1.3094,427.7638785
1.3096,427.6883326
1.3098,428.1418099
1.31,428.5291407
1.3102,429.3793263
1.3104,429.369873
1.3106,429.8893933
1.3108,430.0782891
1.311,430.5977701
1.3112,431.0511105
1.3114,430.4465764
1.3116,430.1726406
1.3118,429.6342646
1.312,429.2942464
1.3122,429.218683
1.3124,428.7464709
1.3126,428.2081721
1.3128,427.6698965
1.313,427.2638527
1.3132,427.254443
1.3134,427.57554
1.3136,427.3678235
1.3138,426.9618204
1.314,426.6880288
1.3142,426.5464398
1.3144,426.4709506
1.3146,426.3293718
1.3148,425.9234343
1.315,425.3853349
1.3152,425.508141
1.3154,425.4987677
1.3156,425.8859063
1.3158,425.9426082
1.316,425.9993072
1.3162,425.9899223
1.3164,426.2448553
1.3166,426.3015426
1.3168,426.7546865
1.317,426.3488334
1.3172,426.4715871
1.3174,426.1979017
1.3176,426.6510063
1.3178,426.773744
1.318,426.8964758
1.3182,427.217401
1.3184,427.3401169
1.3186,427.6610173
1.3188,427.9819032
1.319,428.1045928
1.3192,427.9630402
1.3194,427.4251475
1.3196,427.3496715
1.3198,427.3402531
1.32,426.7363552
1.3202,426.0003798
1.3204,425.7928394
1.3206,425.7174056
1.3208,425.8401171
1.321,425.7646847
1.3212,426.1515671
1.3214,426.0100873
1.3216,426.1988215
1.3218,425.9913058
1.322,426.0479538
1.3222,425.7744126
1.3224,425.6989904
1.3226,425.6235712
1.3228,425.6802206
1.323,425.8028986
1.3232,425.9916008
1.3234,426.0482371
1.3236,425.9067894
1.3238,426.1615011
1.324,426.1521046
1.3242,426.4067989
1.3244,426.265354
1.3246,426.2559545
1.3248,426.3125734
1.325,426.5672401
1.3252,426.6898642
1.3254,427.2085664
1.3256,427.3311701
1.3258,427.5857902
1.326,427.774389
1.3262,428.0949953
1.3264,427.9535403
1.3266,427.812091
1.3268,427.6046438
1.327,427.133196
1.3272,427.1897756
1.3274,426.8503558
1.3276,426.7749423
1.3278,426.3035528
1.328,425.1722331
1.3282,426.1527579
1.3284,426.143357
1.3286,426.1339561
1.3288,425.8605983
1.329,425.7192276
1.3292,425.5778628
1.3294,425.4365038
1.3296,425.2951507
1.3298,425.2197853
1.33,425.0124618
1.3302,425.3329794
1.3304,425.4555497
1.3306,425.3142096
1.3308,424.9089767
1.331,425.1634934
1.3312,425.0881396
1.3314,424.7489076
1.3316,424.8055032
1.3318,424.7961285
1.332,425.0506175
1.3322,425.5029883
1.3324,426.0872648
1.3326,426.6715151
1.3328,426.9918987
1.333,427.2463091
1.3332,427.6985795
1.3334,427.6231835
1.3336,426.6903847
1.3338,427.6702588
1.334,426.9353535
1.3342,426.7940294
1.3344,426.5867627
1.3346,426.7751868
1.3348,426.69982
1.335,426.3606797
1.3352,426.4172098
1.3354,426.5396781
1.3356,426.332442
1.3358,426.1911529
1.336,425.9839328
1.3362,425.6448507
1.3364,425.1739154
1.3366,424.8348653
1.3368,424.5617608
1.337,424.3545975
1.3372,424.3452271
1.3374,424.3358568
1.3376,424.128711
1.3378,424.3171161
1.338,423.9781345
1.3382,423.9687715
1.3384,423.9594084
1.3386,423.2908664
1.3388,423.1496851
1.339,422.7448496
1.3392,422.4718586
1.3394,423.2534724
1.3396,423.7054982
1.3398,424.0256853
1.34,424.6094886
1.3402,425.2591719
1.3404,425.4474927
1.3406,425.8335147
1.3408,426.0218136
1.341,425.8806016
1.3412,425.7393955
1.3414,425.4005027
1.3416,425.3252086
1.3418,424.9863391
1.342,424.5156978
1.3422,424.6381021
1.3424,424.7605006
1.3426,424.2240055
1.3428,424.4781815
1.343,424.1393731
1.3432,424.1958857
1.3434,424.1865125
1.3436,424.0453762
1.3438,424.233646
1.344,424.0266355
1.3442,423.9513881
1.3444,423.6126409
1.3446,423.6691535
1.3448,422.9351901
1.345,423.5845561
1.3452,423.8386738
1.3454,423.4340961
1.3456,423.6882052
1.3458,423.5471097
1.346,423.340156
1.3462,423.6601116
1.3464,423.8483303
1.3466,424.0365404
1.3468,423.8295926
1.347,424.1495074
1.3472,424.4694077
1.3474,424.986855
1.3476,425.3067218
1.3478,425.7582759
1.348,426.2098096
1.3482,426.793019
1.3484,427.1128159
1.3486,427.3667532
1.3488,427.4889916
1.349,427.0844866
1.3492,427.2067249
1.3494,426.1438504
1.3496,426.002752
1.3498,425.6641503
1.35,424.9963887
1.3502,424.7236568
1.3504,423.4634568
1.3506,424.1782281
1.3508,424.2346767
1.351,424.4886052
1.3512,424.2817389
1.3514,424.601479
1.3516,424.5920883
1.3518,424.5168758
1.352,424.4416662
1.3522,424.3664595
1.3524,424.0279859
1.3526,423.8869749
1.3528,423.4827115
1.353,423.4733441
1.3532,423.4639767
1.3534,423.5204194
1.3536,423.7084766
1.3538,423.7649106
1.354,423.7555359
1.3542,424.4700089
1.3544,424.7896326
1.3546,424.7802346
1.3548,424.6392367
1.355,424.6298416
1.3552,424.8836348
1.3554,425.2690075
1.3556,425.325392
1.3558,425.5133589
1.356,424.8460311
1.3562,425.2313689
1.3564,425.4851125
1.3566,425.3441233
1.3568,425.0057837
1.357,425.0621624
1.3572,424.5264956
1.3574,424.1224143
1.3576,423.9156891
1.3578,423.9720853
1.358,423.7653718
1.3582,423.8875432
1.3584,423.8781612
1.3586,424.1318684
1.3588,424.0567098
1.359,424.2446316
1.3592,424.3667768
1.3594,424.5546826
1.3596,424.5452846
1.3598,424.5358866
1.36,424.6580129
1.3602,424.5170906
1.3604,424.5076926
1.3606,424.2352636
1.3608,424.0286025
1.361,423.8219502
1.3612,423.9440735
1.3614,423.8689352
1.3616,423.3335466
1.3618,423.9816635
1.362,424.1037708
1.3622,424.2258723
1.3624,424.347968
1.3626,424.4700578
1.3628,424.789367
1.363,424.9114409
1.3632,425.2964642
1.3634,425.2870458
1.3636,425.4090993
1.3638,425.3339435
1.364,425.1273246
1.3642,425.1179092
1.3644,424.582653
1.3646,424.4417919
1.3648,424.1037551
1.365,423.96291
1.3652,423.6906222
1.3654,423.9441285
1.3656,424.1976232
1.3658,424.3853864
1.366,424.5731408
1.3662,424.6294525
1.3664,424.6200458
1.3666,424.2820687
1.3668,424.2726692
1.367,424.0661363
1.3672,423.1368052
1.3674,423.5873883
1.3676,423.709417
1.3678,423.6343238
1.368,423.4278258
1.3682,423.0899317
1.3684,422.883454
1.3686,422.6769852
1.3688,422.404827
1.369,422.2640736
1.3692,422.3204115
1.3694,422.3767465
1.3696,422.827232
1.3698,423.1463156
1.37,423.6624526
1.3702,424.1785663
1.3704,424.6946568
1.3706,424.5538743
1.3708,425.0699327
1.371,425.1261934
1.3712,425.2481319
1.3714,425.1730271
1.3716,424.9665698
1.3718,425.0228262
1.372,424.8820554
1.3722,425.1353303
1.3724,425.2572498
1.3726,425.3791635
1.3728,425.1070576
1.373,425.4259709
1.3732,425.9418677
1.3734,425.7354308
1.3736,425.7916552
1.3738,425.5195683
1.374,425.1818328
1.3742,424.7127944
1.3744,424.2437764
1.3746,424.2343696
1.3748,423.9623453
1.375,423.9529444
1.3752,423.6152861
1.3754,423.6715425
1.3756,423.6621474
1.3758,423.3245168
1.376,423.1838377
1.3762,422.6492992
1.3764,422.5086404
1.3766,422.3679875
1.3768,422.7524591
1.377,423.1369132
1.3772,423.7182606
1.3774,423.9057689
1.3776,424.4214386
1.3778,425.4621455
1.378,425.8464947
1.3782,426.2964562
1.3784,426.5495127
1.3786,427.1306912
1.3788,426.9899655
1.379,427.0461171
1.3792,426.8397763
1.3794,426.6334442
1.3796,426.2302626
1.3798,425.6302444
1.38,425.6208012
1.3802,425.3488978
1.3804,424.7489378
1.3806,424.6082893
1.3808,424.2708144
1.381,424.3270097
1.3812,424.2519864
1.3814,423.7833279
1.3816,423.6427143
1.3818,423.6989168
1.382,423.4271066
1.3822,423.3521095
1.3824,423.4739125
1.3826,423.2677217
1.3828,422.799155
1.383,422.3306086
1.3832,422.2556421
1.3834,422.2462703
1.3836,422.0401275
1.3838,422.0307601
1.384,421.8246305
1.3842,422.471127
1.3844,422.8552564
1.3846,423.5017006
1.3848,424.0169525
1.385,424.5321811
1.3852,424.3915995
1.3854,424.9723733
1.3856,425.2908178
1.3858,425.3469504
1.386,424.9440701
1.3862,424.7379215
1.3864,424.6629215
1.3866,424.7846299
1.3868,424.6440644
1.387,424.8313326
1.3872,424.5596431
1.3874,424.746904
1.3876,424.4096664
1.3878,424.2691227
1.388,423.9319099
1.3882,423.2669274
1.3884,423.1919725
1.3886,423.1170206
1.3888,422.7798616
1.389,422.7049213
1.3892,422.4333352
1.3894,422.4239532
1.3896,421.9557446
1.3898,423.4539125
1.39,423.510051
1.3902,423.6972711
1.3904,423.9500234
1.3906,423.4162914
1.3908,423.6034999
1.391,423.3319444
1.3912,423.0604005
1.3914,422.8544018
1.3916,423.0416045
1.3918,423.4253904
1.392,424.2023339
1.3922,424.6516038
1.3924,424.9042746
1.3926,425.6156074
1.3928,425.8682446
1.393,426.251914
1.3932,426.1114023
1.3934,426.4295294
1.3936,425.5683262
1.3938,425.4278378
1.394,424.8942674
1.3942,424.5572599
1.3944,424.4823138
1.3946,424.27635
1.3948,424.3979391
1.395,424.5850297
1.3952,423.5274995
1.3954,424.5006535
1.3956,424.4257161
1.3958,424.7437908
1.396,424.5378504
1.3962,424.0699242
1.3964,424.0604986
1.3966,423.9855772
1.3968,423.7796702
1.397,423.8357432
1.3972,423.6953392
1.3974,423.6859208
1.3976,423.611014
1.3978,423.732571
1.398,423.2647526
1.3982,423.1898589
1.3984,422.8530377
1.3986,422.5817122
1.3988,422.4413577
1.399,422.562922
1.3992,422.1606662
1.3994,422.3477058
1.3996,422.5347367
1.3998,423.0491209
1.4,423.301598
1.4002,423.226716
1.4004,423.1518368
1.4006,423.2078938
1.4008,422.6747616
1.401,423.51639
1.4012,423.1796605
1.4014,423.1047886
1.4016,422.7680824
1.4018,422.9550536
1.402,423.2074725
1.4022,423.1980599
1.4024,423.3195543
1.4026,423.3101388
1.4028,423.2352728
1.403,423.2913079
1.4032,423.2164448
1.4034,423.4033694
1.4036,422.870393
1.4038,422.7955429
1.404,422.9824632
1.4042,422.711292
1.4044,422.5710103
1.4046,422.2998595
1.4048,422.4213365
1.405,422.5428076
1.4052,422.4025405
1.4054,422.6548691
1.4056,422.3837444
1.4058,422.1780602
1.406,421.9723848
1.4062,421.6358664
1.4064,420.5142701
1.4066,420.9628732
1.4068,421.2151916
1.407,421.0095584
1.4072,421.065608
1.4074,421.4487402
1.4076,421.9626863
1.4078,422.4111948
1.408,423.0559211
1.4082,423.5697958
1.4084,424.2798766
1.4086,424.5320669
1.4088,424.7842456
1.409,424.7093854
1.4092,424.4383161
1.4094,424.1018559
1.4096,423.5692071
1.4098,423.4943789
1.41,423.3541554
1.4102,423.1485411
1.4104,423.073726
1.4106,423.0643076
1.4108,423.3818509
1.411,423.6993797
1.4112,423.8861151
1.4114,423.8766778
1.4116,423.7364674
1.4118,423.2693376
1.412,422.6060773
1.4122,422.2043747
1.4124,421.8680703
1.4126,421.3356428
1.4128,420.8032385
1.413,420.8592445
1.4132,420.7844978
1.4134,420.8405009
1.4136,420.5042694
1.4138,420.6256458
1.414,420.7470165
1.4142,420.6722785
1.4144,420.9897403
1.4146,421.2418229
1.4148,421.5592571
1.415,422.072762
1.4152,422.5862436
1.4154,423.0997019
1.4156,423.0902777
1.4158,423.4076332
1.416,423.3982017
1.4162,423.7155354
1.4164,423.5100419
1.4166,423.1085068
1.4168,422.7723378
1.417,422.5015305
1.4172,421.9040062
1.4174,421.8946067
1.4176,420.9704074
1.4178,421.1570525
1.418,421.0823291
1.4182,420.9422702
1.4184,420.606206
1.4186,420.335492
1.4188,420.260792
1.419,419.7940989
1.4192,419.5234197
1.4194,419.1874225
1.4196,419.112753
1.4198,419.1034132
1.42,419.0940735
1.4202,418.9540859
1.4204,419.2060389
1.4206,419.5886222
1.4208,419.9711881
1.421,420.0271461
1.4212,419.8218345
1.4214,419.7471621
1.4216,419.5418652
1.4218,419.5325137
1.422,419.653784
1.4222,419.9056671
1.4224,420.0269227
1.4226,420.3440918
1.4228,420.8571615
1.423,421.2396007
1.4232,421.1649079
1.4234,421.8085249
1.4236,421.8644202
1.4238,421.5938241
1.424,421.4538321
1.4242,421.3791408
1.4244,420.9126923
1.4246,420.4462641
1.4248,420.1104372
1.425,419.774625
1.4252,419.2429646
1.4254,418.9071858
1.4256,419.2242676
1.4258,419.3454854
1.426,419.4666974
1.4262,419.0003814
1.4264,419.056316
1.4266,419.2428025
1.4268,419.0376249
1.427,418.8977304
1.4272,418.8231148
1.4274,418.8137736
1.4276,418.6738922
1.4278,418.7298225
1.428,419.1773527
1.4282,419.6248626
1.4284,419.6155024
1.4286,419.6061423
1.4288,419.3357369
1.429,419.0653431
1.4292,418.6644441
1.4294,418.5245905
1.4296,418.1889761
1.4298,418.0491385
1.43,418.170317
1.4302,418.2914896
1.4304,418.5431559
1.4306,419.0558033
1.4308,419.8294144
1.431,420.0157829
1.4312,419.8106795
1.4314,419.9317969
1.4316,419.7919447
1.4318,419.6520983
1.432,418.9251155
1.4322,418.6548208
1.4324,418.058362
1.4326,417.9185651
1.4328,418.2353995
1.433,418.2912963
1.4332,418.3471902
1.4334,418.4030812
1.4336,419.0460067
1.4338,418.7105292
1.434,418.8316305
1.4342,418.822282
1.4344,418.3563896
1.4346,417.9557367
1.4348,417.5551012
1.435,417.741429
1.4352,418.0581774
1.4354,418.1792715
1.4356,418.3003597
1.4358,418.3562318
1.436,418.4773098
1.4362,418.4027597
1.4364,418.1325945
1.4366,417.8624409
1.4368,417.2010805
1.437,416.8005557
1.4372,416.8564496
1.4374,416.9123405
1.4376,417.0986231
1.4378,417.4804844
1.438,417.6667452
1.4382,418.6353119
1.4384,419.2778778
1.4386,419.4640847
1.4388,419.5850943
1.439,419.4453498
1.4392,419.4359824
1.4394,419.0355101
1.4396,419.0261514
1.4398,418.6257052
1.44,418.5511754
1.4402,418.1507569
1.4404,418.2717709
1.4406,418.849007
1.4408,419.0351732
1.441,418.765123
1.4412,418.8861108
1.4414,418.8767535
1.4416,418.9977326
1.4418,418.5973723
1.442,418.3273599
1.4422,417.6663765
1.4424,417.6570455
1.4426,417.3219101
1.4428,417.7035428
1.443,417.3684206
1.4432,417.3590954
1.4434,416.8936848
1.4436,417.2752913
1.4438,416.9402069
1.444,417.0611918
1.4442,416.5958279
1.4444,416.5865187
1.4446,416.5120632
1.4448,416.5027554
1.445,416.8191647
1.4452,417.0704174
1.4454,417.4519395
1.4456,417.8334441
1.4458,418.1497937
1.446,418.5312648
1.4462,418.8475838
1.4464,418.9684886
1.4466,418.8939923
1.4468,419.0148899
1.447,418.9403951
1.4472,418.7356484
1.4474,418.6611623
1.4476,418.7169281
1.4478,418.3819529
1.448,418.3074784
1.4482,418.4283672
1.4484,418.5492502
1.4486,418.4747758
1.4488,417.9444941
1.449,417.7398071
1.4492,417.6653545
1.4494,417.3304593
1.4496,416.9955787
1.4498,416.6607127
1.45,416.7816102
1.4502,416.5769742
1.4504,416.5676592
1.4506,416.8187547
1.4508,417.0698386
1.451,416.8652127
1.4512,416.0747112
1.4514,416.1956
1.4516,415.7957201
1.4518,415.7864211
1.452,415.6469372
1.4522,415.8329141
1.4524,415.8887032
1.4526,416.4651939
1.4528,416.7162254
1.453,417.6180969
1.4532,418.1294254
1.4534,418.250237
1.4536,418.6964468
1.4538,418.5569221
1.454,418.6777149
1.4542,418.082661
1.4544,417.6828583
1.4546,417.4132201
1.4548,417.4689538
1.455,417.3294728
1.4552,417.5153434
1.4554,417.8313407
1.4556,418.2123896
1.4558,418.2030324
1.456,418.3238018
1.4562,418.3144417
1.4564,417.7845982
1.4566,417.189719
1.4568,416.9201536
1.457,416.3253196
1.4572,416.1208393
1.4574,415.9814209
1.4576,416.2973702
1.4578,416.7434053
1.458,416.9942737
1.4582,417.4402724
1.4584,417.6260673
1.4586,417.9419423
1.4588,417.4122444
1.459,417.2728187
1.4592,416.8081987
1.4594,416.4086376
1.4596,416.3993168
1.4598,416.1298533
1.46,416.1855725
1.4602,416.8265835
1.4604,417.142409
1.4606,417.5232498
1.4608,418.1641866
1.461,418.4149327
1.4612,418.7957181
1.4614,418.6562939
1.4616,418.9070109
1.4618,418.3124419
1.462,418.3680955
1.4622,418.2286918
1.4624,417.6991933
1.4626,418.0799322
1.4628,418.0705706
1.463,417.9961966
1.4632,418.2468801
1.4634,417.9124668
1.4636,417.9681161
1.4638,417.5687167
1.464,417.4293551
1.4642,417.5500138
1.4644,417.4106581
1.4646,417.8563147
1.4648,417.6519581
1.465,417.7725994
1.4652,418.1532204
1.4654,418.0138646
1.4656,418.1344884
1.4658,417.7351705
1.466,417.5958322
1.4662,417.1965434
1.4664,416.7322844
1.4666,416.333032
1.4668,415.5438887
1.467,415.5995628
1.4672,415.7851975
1.4674,415.9058432
1.4676,416.5463142
1.4678,416.731914
1.468,416.5276492
1.4682,417.168062
1.4684,417.4186072
1.4686,417.4742259
1.4688,417.3999015
1.469,417.4555173
1.4692,417.446163
1.4694,417.631706
1.4696,417.947169
1.4698,417.7429144
1.47,418.2532441
1.4702,417.7891511
1.4704,417.9746635
1.4706,417.6405109
1.4708,417.5012396
1.471,417.1021575
1.4712,416.9629036
1.4714,416.7587043
1.4716,417.0741119
1.4718,417.3245567
1.472,417.510043
1.4722,417.6955205
1.4724,418.0108771
1.4726,418.2612768
1.4728,417.9921364
1.473,417.6580683
1.4732,417.6487052
1.4734,416.6652921
1.4736,416.2014043
1.4738,416.3868746
1.474,416.7022007
1.4742,416.3032729
1.4744,416.4237978
1.4746,416.6092447
1.4748,416.9245359
1.475,417.3047376
1.4752,417.2953803
1.4754,417.4158673
1.4756,417.2766658
1.4758,417.3322278
1.476,417.842211
1.4762,417.9626732
1.4764,418.4077038
1.4766,418.2035803
1.4768,418.7134966
1.477,419.2233896
1.4772,419.8630773
1.4774,420.1132906
1.4776,419.9091496
1.4778,419.2506848
1.478,419.2412809
1.4782,418.6477615
1.4784,418.3138694
1.4786,418.2395871
1.4788,417.5163342
1.479,417.4420723
1.4792,417.9518634
1.4794,418.0722732
1.4796,418.2575688
1.4798,418.4428556
1.48,418.4334678
1.4802,418.2943056
1.4804,417.5062921
1.4806,417.3022719
1.4808,416.4494324
1.481,416.1805628
1.4812,415.5873055
1.4814,415.3833449
1.4816,415.5037781
1.4818,415.2998277
1.482,415.4851306
1.4822,415.0865711
1.4824,415.1421272
1.4826,415.3274199
1.4828,414.8640213
1.483,414.7898439
1.4832,414.650804
1.4834,414.9658171
1.4836,415.2808157
1.4838,415.1417729
1.484,415.5864716
1.4842,415.9662918
1.4844,416.1515247
1.4846,416.5961695
1.4848,417.235355
1.485,416.5774667
1.4852,416.2438614
1.4854,415.7157227
1.4856,415.4469987
1.4858,414.9189008
1.486,414.520516
1.4862,414.3166792
1.4864,414.0480091
1.4866,414.1683942
1.4868,414.0294169
1.487,414.6036599
1.4872,414.5943507
1.4874,414.7795458
1.4876,414.8350656
1.4878,414.9554143
1.488,414.8812659
1.4882,414.8071205
1.4884,414.6033231
1.4886,414.5291864
1.4888,414.4550526
1.489,414.1864524
1.4892,414.1771505
1.4894,414.1678485
1.4896,414.2881841
1.4898,413.7603409
1.49,413.4917844
1.4902,413.4176827
1.4904,414.121339
1.4906,413.4639223
1.4908,413.3898249
1.491,413.5749647
1.4912,413.88971
1.4914,414.334052
1.4916,414.907982
1.4918,415.1578721
1.492,415.4077505
1.4922,415.2688184
1.4924,415.2594888
1.4926,414.9909716
1.4928,415.0464433
1.493,414.7779421
1.4932,414.44466
1.4934,414.1113924
1.4936,413.9725083
1.4938,413.8984182
1.494,414.0186912
1.4942,414.1389583
1.4944,414.1296521
1.4946,414.2499105
1.4948,414.2406013
1.495,414.360851
1.4952,414.4810949
1.4954,414.1478972
1.4956,414.2033645
1.4958,413.4815455
1.496,413.9904296
1.4962,413.2038763
1.4964,413.5832044
1.4966,413.379605
1.4968,413.1112479
1.497,412.9724322
1.4972,412.7688589
1.4974,412.4357704
1.4976,412.167457
1.4978,411.704878
1.498,411.1775618
1.4982,411.103562
1.4984,410.835301
1.4986,411.3440905
1.4988,411.9823603
1.499,412.1673487
1.4992,412.481826
1.4994,412.7315415
1.4996,412.9812452
1.4998,413.0367038
1.5,413.3511317
1.5002,413.5360619
1.5004,413.2030622
1.5006,413.1290317
1.5008,413.2492159
1.501,413.2399227
1.5012,413.4248325
1.5014,413.4802678
1.5016,414.0535514
1.5018,413.5911297
1.502,413.9054702
1.5022,413.896161
1.5024,414.1457542
1.5026,413.9422668
1.5028,413.8682335
1.503,413.794203
1.5032,414.1084941
1.5034,413.646151
1.5036,413.6368461
1.5038,413.3686798
1.504,413.4888086
1.5042,413.4795067
1.5044,413.7937599
1.5046,413.4609029
1.5048,412.9339361
1.505,412.6011125
1.5052,412.074188
1.5054,412.0002129
1.5056,412.0556453
1.5058,411.7875706
1.506,411.7783051
1.5062,412.221925
1.5064,412.9890068
1.5066,413.6266637
1.5068,414.0055173
1.507,414.1902771
1.5072,414.5691001
1.5074,414.7538381
1.5076,414.7445041
1.5078,415.2526604
1.508,414.7905211
1.5082,414.5224522
1.5084,414.254395
1.5086,414.3744322
1.5088,414.7531795
1.509,414.6791665
1.5092,414.4111282
1.5094,414.3371255
1.5096,414.0691062
1.5098,414.577159
1.51,415.0851886
1.5102,414.8818381
1.5104,414.4844942
1.5106,414.3458314
1.5108,414.14251
1.511,414.1978492
1.5112,413.9945394
1.5114,413.8558984
1.5116,413.4586288
1.5118,413.190691
1.512,412.9227648
1.5122,412.9781215
1.5124,412.7102114
1.5126,412.6362669
1.5128,412.9502245
1.513,412.4237381
1.5132,412.5437447
1.5134,412.7930365
1.5136,412.9130285
1.5138,412.9683721
1.514,413.4115596
1.5142,413.7254474
1.5144,414.4917882
1.5146,414.2885425
1.5148,414.6023881
1.515,414.6576836
1.5152,414.9068735
1.5154,415.2206827
1.5156,415.3405888
1.5158,415.5897451
1.516,415.4511304
1.5162,415.7648973
1.5164,415.3677893
1.5166,415.3584321
1.5168,415.0905918
1.517,414.7581439
1.5172,414.2318569
1.5174,414.2225244
1.5176,414.0839621
1.5178,414.3330864
1.518,413.9360789
1.5182,413.7975311
1.5184,413.6589891
1.5186,413.3912376
1.5188,413.4465288
1.519,413.2433981
1.5192,413.234086
1.5194,413.0955702
1.5196,413.1508614
1.5198,413.3353475
1.52,413.1968375
1.5202,413.3167175
1.5204,413.0490242
1.5206,413.2334943
1.5208,412.7074476
1.521,412.7627359
1.5212,412.2367226
1.5214,412.2274309
1.5216,412.0243817
1.5218,412.1442631
1.522,412.6516361
1.5222,412.3840084
1.5224,412.7621923
1.5226,412.4945733
1.5228,413.3247764
1.523,413.1863072
1.5232,413.2415663
1.5234,412.6510954
1.5236,412.1897932
1.5238,412.1159302
1.524,411.8483651
1.5242,411.3871109
1.5244,411.1841389
1.5246,411.0457396
1.5248,411.5529713
1.525,411.4145691
1.5252,411.9217689
1.5254,411.9770382
1.5256,413.1943253
1.5258,412.6040102
1.526,412.8529205
1.5262,412.5854005
1.5264,412.4469939
1.5266,412.437692
1.5268,410.7501429
1.527,412.3545417
1.5272,412.6034214
1.5274,412.6586588
1.5276,412.7784353
1.5278,412.9627467
1.528,413.0825102
1.5282,413.0086545
1.5284,412.805729
1.5286,412.5382774
1.5288,412.7225714
1.529,412.0679412
1.5292,412.1877061
1.5294,412.049349
1.5296,411.8464701
1.5298,412.0307568
1.53,412.1505101
1.5302,412.5928736
1.5304,412.7771297
1.5306,413.154938
1.5308,413.2746534
1.531,413.3298456
1.5312,413.1914871
1.5314,413.1821633
1.5316,413.4954047
1.5318,413.4860737
1.532,413.5412527
1.5322,413.1448683
1.5324,406.8138383
1.5326,413.577761
1.5328,414.1489657
1.533,413.9461102
1.5332,414.4527786
1.5334,414.1854245
1.5336,414.176076
1.5338,414.2312245
1.534,414.4798568
1.5342,414.1480305
1.5344,413.9452041
1.5346,413.0974744
1.5348,412.8301903
1.535,412.4984295
1.5352,412.4891174
1.5354,411.8994369
1.5356,411.5032344
1.5358,410.913602
1.536,410.6464009
1.5362,410.57265
1.5364,410.3699458
1.5366,410.1672504
1.5368,409.9645637
1.537,409.8263595
1.5372,409.8171056
1.5374,409.8723225
1.5376,409.7341285
1.5378,409.5959403
1.538,406.1055029
1.5382,409.5129763
1.5384,409.5681917
1.5386,409.6878664
1.5388,409.8719958
1.539,409.7982799
1.5392,410.2402285
1.5394,410.4243318
1.5396,410.3506071
1.5398,410.8569654
1.54,410.6543296
1.5402,410.6450539
1.5404,410.4424313
1.5406,410.4976075
1.5408,410.4883347
1.541,410.5435065
1.5412,410.5342322
1.5414,410.5893996
1.5416,410.2579227
1.5418,410.6997258
1.542,410.6260098
1.5422,410.8744762
1.5424,410.220849
1.5426,410.0182817
1.5428,410.2667436
1.543,410.1930437
1.5432,410.0549181
1.5434,410.1100797
1.5436,405.0756097
1.5438,410.2848184
1.544,409.8890105
1.5442,410.6528036
1.5444,410.8367831
1.5446,410.9563355
1.5448,410.6249634
1.545,410.8733453
1.5452,410.9284734
1.5454,410.7259483
1.5456,410.2013763
1.5458,410.2565146
1.546,410.5692829
1.5462,411.0108501
1.5464,411.1947757
1.5466,411.5075003
1.5468,412.0778199
1.547,412.1973067
1.5472,412.3167878
1.5474,412.3718649
1.5476,412.0405598
1.5478,411.8380595
1.548,411.1204186
1.5482,410.789163
1.5484,410.7798757
1.5486,410.5774204
1.5488,410.5681374
1.549,410.7520136
1.5492,404.1110797
1.5494,411.5704239
1.5496,411.8186456
1.5498,411.8093335
1.55,411.8000214
1.5502,411.5331987
1.5504,411.1376354
1.5506,411.0639631
1.5508,410.9902937
1.551,410.65914
1.5512,410.3280008
1.5514,410.7049342
1.5516,410.6312779
1.5518,411.1369185
1.552,410.8701613
1.5522,410.9252312
1.5524,410.851575
1.5526,410.3274004
1.5528,410.1250428
1.553,409.7939793
1.5532,409.591642
1.5534,409.0675417
1.5536,408.8652292
1.5538,408.9203311
1.554,408.9110801
1.5542,408.9661777
1.5544,409.2786606
1.5546,409.3980921
1.5548,403.0187582
1.555,409.4439096
1.5552,409.4989868
1.5554,409.6184009
1.5556,409.2231024
1.5558,409.2781796
1.556,409.204583
1.5562,409.3239913
1.5564,409.7007237
1.5566,409.4984592
1.5568,409.9394994
1.557,409.9302222
1.5572,410.4998852
1.5574,409.9116679
1.5576,410.0953621
1.5578,410.0860805
1.558,410.076799
1.5582,409.8745592
1.5584,409.993918
1.5586,409.8560049
1.5588,410.0396728
1.559,409.8374506
1.5592,409.5709249
1.5594,409.8832069
1.5596,409.4237638
1.5598,409.0929565
1.56,408.5692449
1.5602,408.75291
1.5604,408.2935324
1.5606,408.6057984
1.5608,408.3393455
1.561,408.5872964
1.5612,408.7066406
1.5614,408.9545712
1.5616,408.9453115
1.5618,409.2575178
1.562,409.0553756
1.5622,408.7889518
1.5624,408.5868285
1.5626,408.6418635
1.5628,408.7611814
1.563,408.3662179
1.5632,408.4855358
1.5634,408.604848
1.5636,408.9169946
1.5638,409.2934053
1.564,409.7340757
1.5642,410.11045
1.5644,410.1011612
1.5646,410.2846909
1.5648,410.146855
1.565,410.5874541
1.5652,410.5138851
1.5654,409.9261832
1.5656,409.9811628
1.5658,410.2289318
1.566,407.0707697
1.5662,409.9533007
1.5664,410.0082731
1.5666,409.8062095
1.5668,409.7326682
1.567,409.4663638
1.5672,409.3928328
1.5674,409.1907997
1.5676,408.4105166
1.5678,408.2085141
1.568,407.9422724
1.5682,408.5112482
1.5684,408.0522753
1.5686,407.9145413
1.5688,407.3913596
1.569,407.6390908
1.5692,407.7583316
1.5694,407.8133287
1.5696,407.8683229
1.5698,407.7948442
1.57,407.785602
1.5702,407.9048239
1.5704,408.1525011
1.5706,408.6570834
1.5708,409.0974146
1.571,409.152368
1.5712,409.3999929
1.5714,409.5191594
1.5716,414.3265164
1.5718,410.0143567
1.572,410.197719
1.5722,410.5095075
1.5724,410.307553
1.5726,410.2340365
1.5728,410.3531623
1.573,410.6007057
1.5732,410.2703454
1.5734,410.3252522
1.5736,410.3159489
1.5738,409.8572045
1.574,409.9121157
1.5742,409.5176034
1.5744,409.1873101
1.5746,409.3706316
1.5748,409.1045543
1.575,409.0952771
1.5752,409.2143913
1.5754,409.3334996
1.5756,409.2600239
1.5758,409.186551
1.576,408.9205116
1.5762,408.5902954
1.5764,408.3242807
1.5766,407.8015358
1.5768,407.7281023
1.577,407.7188542
1.5772,412.6515512
1.5774,408.4705139
1.5776,408.9104957
1.5778,409.0937502
1.578,409.5336971
1.5782,409.7811022
1.5784,409.9001508
1.5786,409.76251
1.5788,409.3681971
1.579,409.1022378
1.5792,408.83629
1.5794,408.8270143
1.5796,408.8819023
1.5798,408.8726251
1.58,408.606705
1.5802,408.9823893
1.5804,409.2297405
1.5806,409.0279855
1.5808,409.0187039
1.581,408.945269
1.5812,408.422773
1.5814,408.0286014
1.5816,407.8268944
1.5818,407.6251962
1.582,408.0008223
1.5822,407.7991284
1.5824,407.7257299
1.5826,407.5881924
1.5828,411.1066602
1.583,407.5696905
1.5832,407.5604395
1.5834,407.6794605
1.5836,407.2853995
1.5838,406.8272229
1.584,406.4973299
1.5842,406.5522324
1.5844,406.4788746
1.5846,406.2772652
1.5848,406.4604193
1.585,406.5153159
1.5852,406.7625783
1.5854,406.4968577
1.5856,406.4235086
1.5858,406.7348734
1.586,406.7256385
1.5862,406.2034788
1.5864,406.3224838
1.5866,406.0568068
1.5868,405.919364
1.587,405.7178172
1.5872,405.7086041
1.5874,405.8917115
1.5876,405.8183887
1.5878,406.0014845
1.588,406.376879
1.5882,406.1112458
1.5884,407.1917153
1.5886,405.8364067
1.5888,406.0835759
1.589,406.1384478
1.5892,406.3215043
1.5894,406.2481828
1.5896,406.6235002
1.5898,406.4860851
1.59,407.0536429
1.5902,406.8521369
1.5904,406.9710647
1.5906,407.1540703
1.5908,407.0166566
1.591,407.0714906
1.5912,407.190401
1.5914,407.18115
1.5916,407.1078228
1.5918,407.6752467
1.592,407.9222776
1.5922,407.7207934
1.5924,407.5833884
1.5926,407.1256442
1.5928,407.0523257
1.593,406.7868118
1.5932,406.7775681
1.5934,406.3198822
1.5936,406.4387721
1.5938,406.1092344
1.594,406.4202993
1.5942,406.603235
1.5944,406.4658824
1.5946,406.520699
1.5948,406.7036187
1.595,406.9505811
1.5952,407.0053817
1.5954,407.3163739
1.5956,407.4992571
1.5958,407.2978574
1.596,407.9290417
1.5962,407.5995549
1.5964,408.2307028
1.5966,407.9652632
1.5968,408.404258
1.597,407.8826777
1.5972,408.0014759
1.5974,408.1843024
1.5976,408.0469571
1.5978,407.8455865
1.598,407.8363137
1.5982,407.5068997
1.5984,407.241527
1.5986,406.8481153
1.5988,406.4547211
1.599,406.3814565
1.5992,406.3081947
1.5994,406.2349359
1.5996,406.5457883
1.5998,406.4725266
1.6,406.3352526
1.6002,406.1979844
1.6004,405.8686854
1.6006,405.6674225
1.6008,405.4661684
1.601,405.2649229
1.6012,404.8076606
1.6014,404.4784287
1.6016,404.6612391
1.6018,404.8440408
1.602,405.2828361
1.6022,405.3376163
1.6024,405.6483843
1.6026,405.8311453
1.6028,406.0778923
1.603,406.0046611
1.6032,406.1234084
1.6034,405.8582075
1.6036,405.9769519
1.6038,405.6477781
1.604,405.766521
1.6042,405.6293198
1.6044,406.1319556
1.6046,405.9307698
1.6048,405.9855136
1.605,406.680042
1.6052,406.0949925
1.6054,406.3416551
1.6056,405.6926647
1.6058,405.6194597
1.606,405.6742006
1.6062,405.4090885
1.6064,405.3998623
1.6066,405.2627019
1.6068,405.0615817
1.607,405.3721837
1.6072,405.5548457
1.6074,405.8654215
1.6076,405.8561836
1.6078,406.1027792
1.608,406.3493631
1.6082,406.0842918
1.6084,405.8831861
1.6086,405.8739468
1.6088,405.4170499
1.609,405.53572
1.6092,405.3985917
1.6094,405.7090961
1.6096,406.019586
1.6098,406.13823
1.61,406.3208104
1.6102,406.3755003
1.6104,406.4941268
1.6106,406.4209335
1.6108,406.091997
1.611,405.5073347
1.6112,405.1784332
1.6114,405.169207
1.6116,404.7124658
1.6118,404.5753913
1.612,404.7579616
1.6122,405.0044494
1.6124,405.1230759
1.6126,405.4973902
1.6128,405.3603113
1.613,405.6067613
1.6132,405.7253616
1.6134,405.7161208
1.6136,405.3233832
1.6138,404.9945777
1.614,404.6657868
1.6142,404.8483046
1.6144,405.0947241
1.6146,405.4050407
1.6148,405.3318984
1.615,406.1534423
1.6152,406.3359034
1.6154,406.6461618
1.6156,406.6368977
1.6158,406.4359333
1.616,406.6822683
1.6162,406.4174139
1.6164,406.4720499
1.6166,406.3988945
1.6168,406.0062777
1.617,405.8053525
1.6172,405.9238858
1.6174,405.9146363
1.6176,405.7776127
1.6178,405.3211671
1.618,405.1202784
1.6182,404.8555157
1.6184,404.399121
1.6186,404.389905
1.6188,404.1251758
1.619,404.2437193
1.6192,404.3622569
1.6194,404.4807887
1.6196,404.2160799
1.6198,404.6539639
1.62,404.8363493
1.6202,405.082594
1.6204,405.3926938
1.6206,405.5750486
1.6208,405.2464848
1.621,405.492696
1.6212,405.7388956
1.6214,406.048943
1.6216,406.167402
1.6218,406.2858552
1.622,406.4681576
1.6222,406.7143048
1.6224,406.9604404
1.6226,406.8873111
1.6228,407.0057323
1.623,406.9964522
1.6232,406.9871722
1.6234,406.339444
1.6236,406.4578652
1.6238,406.0655453
1.624,406.0562856
1.6242,406.2385429
1.6244,406.5484665
1.6246,406.6668673
1.6248,406.657593
1.625,406.9036514
1.6252,406.6390445
1.6254,406.3744493
1.6256,405.9183793
1.6258,405.526157
1.626,405.0063004
1.6262,404.9332381
1.6264,404.9878247
1.6266,404.9785868
1.6268,405.2884492
1.627,405.789753
1.6272,405.7804962
1.6274,406.0265022
1.6276,406.3363107
1.6278,406.1356025
1.628,406.4453936
1.6282,405.9894517
1.6284,405.9801891
1.6286,406.2261543
1.6288,406.0892749
1.629,406.1438134
1.6292,406.5811646
1.6294,406.827092
1.6296,407.0730077
1.6298,407.38271
1.63,407.5010075
1.6302,407.3003225
1.6304,406.9720586
1.6306,406.5162244
1.6308,406.2517835
1.631,405.9873542
1.6312,405.7229365
1.6314,405.4585305
1.6316,405.8957725
1.6318,405.8865084
1.632,406.3237198
1.6322,406.5057878
1.6324,406.879185
1.6326,406.6147863
1.6328,406.6055047
1.633,406.1497987
1.6332,406.0129804
1.6334,405.7486239
1.6336,405.2291967
1.6338,405.0286385
1.634,404.7643212
1.6342,404.9463791
1.6344,404.7458397
1.6346,404.9278888
1.6348,404.9186436
1.635,404.9093985
1.6352,404.5813588
1.6354,404.6996358
1.6356,404.371615
1.6358,404.4261361
1.636,404.4806542
1.6362,404.790176
1.6364,404.9084327
1.6366,404.8991861
1.6368,405.0811813
1.637,405.199422
1.6372,405.8276117
1.6374,405.6908575
1.6376,405.681592
1.6378,405.7998064
1.638,405.5355838
1.6382,405.6537954
1.6384,405.963208
1.6386,406.0176694
1.6388,405.8809297
1.639,406.1265834
1.6392,406.1173062
1.6394,406.5541274
1.6396,406.7360208
1.6398,406.4081019
1.64,405.9527496
1.6402,405.5611402
1.6404,405.2969904
1.6406,405.2240111
1.6408,404.8961621
1.641,404.8869111
1.6412,404.9413754
1.6414,404.8684092
1.6416,404.7954459
1.6418,404.977329
1.642,404.7769469
1.6422,404.5128655
1.6424,404.3125023
1.6426,404.0484428
1.6428,404.1029129
1.643,403.9662736
1.6432,404.084443
1.6434,404.075208
1.6436,404.4481597
1.6438,404.7573976
1.644,404.9392312
1.6442,405.4395232
1.6444,405.621332
1.6446,405.8668227
1.6448,406.0486126
1.645,406.1667062
1.6452,406.4121663
1.6454,406.020768
1.6456,405.8204368
1.6458,405.6201144
1.646,405.4198007
1.6462,405.2831745
1.6464,405.273909
1.6466,405.4556713
1.6468,405.128029
1.647,404.9277473
1.6472,405.1731754
1.6474,405.2275814
1.6476,404.8363039
1.6478,405.2090504
1.648,405.0087876
1.6482,405.0631907
1.6484,404.4172998
1.6486,404.4717131
1.6488,404.6534434
1.649,404.4532141
1.6492,404.4439646
1.6494,404.0527818
1.6496,403.8525787
1.6498,403.3977738
1.65,403.0702916
1.6502,403.0610727
1.6504,402.7336124
1.6506,402.7880476
1.6508,402.8424798
1.651,402.8332652
1.6512,403.3331903
1.6514,403.4512461
1.6516,403.6329356
1.6518,403.3691497
1.652,403.3599221
1.6522,403.5415999
1.6524,403.8505365
1.6526,403.9049294
1.6528,403.5775346
1.653,403.3774131
1.6532,403.4318118
1.6534,403.6134606
1.6536,403.4769756
1.6538,403.8494848
1.654,403.5857557
1.6542,403.3856589
1.6544,403.4400475
1.6546,403.6852863
1.6548,403.6760484
1.655,403.4123514
1.6552,403.4031193
1.6554,403.2666635
1.6556,403.7663178
1.6558,403.3754232
1.656,403.3661912
1.6562,403.3569592
1.6564,403.3477271
1.6566,403.5929077
1.6568,404.2832884
1.657,404.3376347
1.6572,404.5191757
1.6574,404.700708
1.6576,404.9458274
1.6578,405.2545296
1.658,404.6093229
1.6582,404.2185113
1.6584,403.700537
1.6586,403.2461747
1.6588,402.7918327
1.659,402.4010968
1.6592,402.6462206
1.6594,402.2555051
1.6596,402.3734575
1.6598,402.7457235
1.66,402.8636585
1.6602,403.2994723
1.6604,403.0995109
1.6606,402.8359842
1.6608,402.6360417
1.661,402.2453946
1.6612,402.1726133
1.6614,401.9091304
1.6616,401.9634926
1.6618,401.8907216
1.662,401.945081
1.6622,402.1265623
1.6624,402.8165223
1.6626,403.0615339
1.6628,403.1794179
1.663,403.2337395
1.6632,403.732944
1.6634,403.533035
1.6636,403.6508957
1.6638,403.1332432
1.664,403.2511068
1.6642,403.1147733
1.6644,403.1055383
1.6646,402.8421237
1.6648,402.7058077
1.665,402.3788715
1.6652,402.2425715
1.6654,402.1698163
1.6656,402.0970641
1.6658,402.0243149
1.666,401.5703602
1.6662,401.5611588
1.6664,401.3613619
1.6666,401.0980434
1.6668,401.152381
1.667,400.5714413
1.6672,400.6257876
1.6674,400.1719348
1.6676,400.2898101
1.6678,400.2806363
1.668,400.3985028
1.6682,400.5798822
1.6684,400.6342184
1.6686,401.0061306
1.6688,401.4415397
1.669,401.4323382
1.6692,402.058251
1.6694,402.3665848
1.6696,402.3573615
1.6698,402.6021665
1.67,402.1483981
1.6702,402.4566999
1.6704,402.2569656
1.6706,402.4382475
1.6708,402.3655215
1.671,402.2927984
1.6712,402.8550469
1.6714,403.0997922
1.6716,403.3445258
1.6718,403.3987702
1.672,403.4530118
1.6722,403.3167816
1.6724,402.8631166
1.6726,402.7269054
1.6728,402.5272148
1.673,402.1370816
1.6732,401.8104482
1.6734,401.7377528
1.6736,401.6015809
1.6738,401.9732383
1.674,402.0909724
1.6742,401.9548005
1.6744,402.0725287
1.6746,402.0633068
1.6748,401.8002023
1.675,401.5371095
1.6752,401.5278993
1.6754,401.2648239
1.6756,401.6364085
1.6758,401.6271954
1.676,401.87183
1.6762,401.8626111
1.6764,401.9803102
1.6766,402.0980035
1.6768,402.2791471
1.677,402.3333726
1.6772,401.9434228
1.6774,401.7438458
1.6776,401.7980786
1.6778,401.5350643
1.678,401.5258512
1.6782,401.9607595
1.6784,402.0784251
1.6786,402.3229709
1.6788,402.3771804
1.679,402.5582672
1.6792,402.8027839
1.6794,402.4129171
1.6796,401.8961964
1.6798,401.8869731
1.68,401.6240185
1.6802,401.8685265
1.6804,401.5421537
1.6806,402.2306506
1.6808,401.8408566
1.681,402.2121865
1.6812,402.4566508
1.6814,402.8279486
1.6816,403.0089655
1.6818,402.9362949
1.682,403.1807184
1.6822,403.2348799
1.6824,402.845131
1.6826,402.7090552
1.6828,402.4461603
1.683,402.1198661
1.6832,401.7301769
1.6834,401.7209536
1.6836,401.7117303
1.6838,401.9561276
1.684,401.9468985
1.6842,401.8742671
1.6844,401.6114363
1.6846,401.4754158
1.6848,400.9590139
1.685,400.7596174
1.6852,400.3700447
1.6854,400.2340635
1.6856,400.0980881
1.6858,400.3424622
1.686,400.5868245
1.6862,400.7677876
1.6864,400.7585832
1.6866,400.9395331
1.6868,401.4373908
1.687,401.7450798
1.6872,401.7992325
1.6874,401.6632455
1.6876,401.7807742
1.6878,401.7715451
1.688,401.8890652
1.6882,402.2600719
1.6884,402.0607161
1.6886,402.0514797
1.6888,401.9788745
1.689,402.6666799
1.6892,402.7207948
1.6894,402.5214492
1.6896,402.3221123
1.6898,401.9960613
1.69,402.1769049
1.6902,401.9142299
1.6904,401.7149236
1.6906,400.9454251
1.6908,400.8095036
1.691,400.5468825
1.6912,400.284273
1.6914,400.1483748
1.6916,399.5056954
1.6918,399.5598612
1.692,399.0439149
1.6922,399.2247761
1.6924,399.3422859
1.6926,399.5864721
1.6928,399.3872692
1.693,400.0114714
1.6932,400.3189609
1.6934,400.6264357
1.6936,400.8072285
1.6938,401.5580037
1.694,401.3587804
1.6942,401.4762131
1.6944,401.5936399
1.6946,401.9643672
1.6948,402.0184515
1.695,401.8192384
1.6952,401.8733227
1.6954,402.3073284
1.6956,402.7413137
1.6958,402.9853252
1.696,403.1660087
1.6962,402.9034793
1.6964,402.4510211
1.6966,402.1885193
1.6968,402.1159608
1.697,401.7268597
1.6972,401.3377762
1.6974,400.885404
1.6976,400.4330521
1.6978,400.7403596
1.698,400.8577471
1.6982,400.8485282
1.6984,401.2191026
1.6986,401.1465775
1.6988,401.643719
1.699,401.5711866
1.6992,401.6252433
1.6994,401.362839
1.6996,400.910576
1.6998,400.8380654
1.7,400.6389833
1.7002,400.8196246
1.7004,400.6838356
1.7006,400.8644667
1.7008,401.4247776
1.701,401.7319424
1.7012,402.0390926
1.7014,402.0931202
1.7016,402.0838692
1.7018,402.0113441
1.702,401.7490039
1.7022,401.8030315
1.7024,401.350898
1.7026,401.4049313
1.7028,401.1426275
1.703,401.4497239
1.7032,401.5670139
1.7034,401.3047232
1.7036,401.0424442
1.7038,400.9066959
1.704,400.7709534
1.7042,400.4454468
1.7044,400.2464652
1.7046,399.6047161
1.7048,399.6587713
1.705,399.3333186
1.7052,399.3241273
1.7054,399.5046798
1.7056,399.74847
1.7058,400.1187386
1.706,400.2992591
1.7062,400.7959813
1.7064,400.9132364
1.7066,400.7775289
1.7068,400.6418272
1.707,400.6326039
1.7072,400.5601458
1.7074,400.1715237
1.7076,399.846151
1.7078,399.9634061
1.708,399.5748235
1.7082,399.5656235
1.7084,399.4931974
1.7086,399.7368973
1.7088,399.5380234
1.709,399.3391582
1.7092,398.8874207
1.7094,398.8150165
1.7096,398.6161804
1.7098,398.1644895
1.71,397.9024623
1.7102,397.8932987
1.7104,397.757712
1.7106,397.6853412
1.7108,397.7393906
1.711,398.1726801
1.7112,398.416332
1.7114,398.596768
1.7116,398.5875869
1.7118,398.8312112
1.712,399.011624
1.7122,399.192028
1.7124,399.5620142
1.7126,399.6792007
1.7128,400.23874
1.713,400.166327
1.7132,400.7258284
1.7134,400.7165964
1.7136,401.149682
1.7138,401.1404398
1.714,401.1311975
1.7142,401.0587714
1.7144,400.796801
1.7146,401.0402899
1.7148,400.9046901
1.715,400.9586303
1.7152,400.8230378
1.7154,400.6874511
1.7156,400.2991756
1.7158,400.4794675
1.716,399.9648722
1.7162,399.387131
1.7164,399.1252552
1.7166,398.4212262
1.7168,398.1593839
1.717,398.0238802
1.7172,398.0778685
1.7174,398.3213355
1.7176,398.3753135
1.7178,398.366131
1.718,398.8621981
1.7182,399.3582419
1.7184,399.538496
1.7186,399.845045
1.7188,399.9621283
1.719,400.3949504
1.7192,400.8277521
1.7194,400.9448034
1.7196,400.9987043
1.7198,401.3683178
1.72,401.4222055
1.7202,401.6023708
1.7204,402.2244985
1.7206,401.9626751
1.7208,401.9534067
1.721,401.7547351
1.7212,401.3035406
1.7214,400.9786295
1.7216,400.5906028
1.7218,400.0763366
1.722,399.9408562
1.7222,399.6791303
1.7224,399.2280436
1.7226,399.0925909
1.7228,399.3358715
1.723,399.7053802
1.7232,399.822398
1.7234,400.0656438
1.7236,399.7408389
1.7238,399.6685045
1.724,399.2806103
1.7242,398.6402894
1.7244,398.3155457
1.7246,397.9908165
1.7248,397.7923153
1.725,397.8462438
1.7252,398.2787922
1.7254,398.7744226
1.7256,398.8283235
1.7258,399.1346191
1.726,400.07188
1.7262,400.3150355
1.7264,400.3688942
1.7266,400.1072819
1.7268,400.2242342
1.727,399.8995457
1.7272,399.9534073
1.7274,400.1334415
1.7276,399.9980354
1.7278,400.1149745
1.728,400.0426576
1.7282,399.9072617
1.7284,400.2765156
1.7286,399.1949338
1.7288,399.3118759
1.729,398.6718986
1.7292,398.095025
1.7294,397.9596901
1.7296,397.9505047
1.7298,398.0043896
1.73,397.9952026
1.7302,397.9229483
1.7304,398.2921586
1.7306,398.5982869
1.7308,398.9674635
1.731,399.0213149
1.7312,398.8229229
1.7314,399.1920676
1.7316,399.4350804
1.7318,400.1194719
1.732,400.1102341
1.7322,400.1009962
1.7324,400.5331181
1.7326,400.7760698
1.7328,400.7668159
1.733,400.757562
1.7332,400.180898
1.7334,399.9825249
1.7336,399.7841606
1.7338,399.3966813
1.734,399.1983388
1.7342,398.0544307
1.7344,398.7386431
1.7346,398.666399
1.7348,398.6571917
1.735,398.6479844
1.7352,398.3866531
1.7354,398.4404812
1.7356,397.9900816
1.7358,397.9808889
1.736,397.908671
1.7362,397.5843611
1.7364,397.6381993
1.7366,397.3769306
1.7368,397.8088865
1.737,397.9257325
1.7372,398.3576549
1.7374,398.6635269
1.7376,399.0323979
1.7378,399.3382394
1.738,399.4550345
1.7382,399.2567778
1.7384,399.6886071
1.7386,399.6163659
1.7388,400.1111708
1.739,400.3539391
1.7392,399.840673
1.7394,400.1464358
1.7396,399.9481923
1.7398,399.6239624
1.74,400.2446882
1.7402,399.9834602
1.7404,399.5962576
1.7406,399.2090724
1.7408,398.8219047
1.741,398.0568219
1.7412,397.6696978
1.7414,397.2825913
1.7416,396.5805801
1.7418,396.1935158
1.742,396.0583949
1.7422,395.9232799
1.7424,396.1660424
1.7426,396.2198617
1.7428,395.9587997
1.743,395.9496463
1.7432,396.0034657
1.7434,396.1202534
1.7436,396.3629751
1.7438,396.6686535
1.744,397.0372844
1.7442,397.3429322
1.7444,397.7115296
1.7446,397.9541843
1.7448,398.1968272
1.745,398.565378
1.7452,398.3043291
1.7454,398.5469459
1.7456,398.6006852
1.7458,398.5914677
1.746,398.6452027
1.7462,398.7618856
1.7464,398.9415122
1.7466,398.7434419
1.7468,398.9230598
1.747,398.7879433
1.7472,398.3381144
1.7474,398.4547857
1.7476,398.3826289
1.7478,398.3734144
1.748,397.6718837
1.7482,397.2850668
1.7484,396.8353325
1.7486,396.8890864
1.7488,396.9428373
1.749,396.6819325
1.7492,396.6098267
1.7494,396.5377238
1.7496,396.2768452
1.7498,396.3935267
1.75,396.5102024
1.7502,396.4381068
1.7504,396.5547751
1.7506,396.2310053
1.7508,396.8510119
1.751,397.3451574
1.7512,397.7134504
1.7514,397.8929867
1.7516,398.4499841
1.7518,398.8182248
1.752,398.9348131
1.7522,398.9255811
1.7524,398.6647258
1.7526,398.5925952
1.7528,398.268856
1.753,398.196737
1.7532,397.8730211
1.7534,397.9267109
1.7536,397.9175007
1.7538,398.1598729
1.754,398.0248686
1.7542,397.7640847
1.7544,397.6919861
1.7546,397.5570008
1.7548,397.4849095
1.755,397.2241605
1.7552,396.9005377
1.7554,396.8913494
1.7556,396.6935135
1.7558,396.7472105
1.756,396.8637843
1.7562,396.9803522
1.7564,396.9711609
1.7566,397.6535972
1.7568,397.7072637
1.757,397.9495442
1.7572,397.8774588
1.7574,397.616768
1.7576,397.418957
1.7578,397.3468875
1.758,397.3376861
1.7582,397.0770302
1.7584,397.1935589
1.7586,397.058639
1.7588,397.0494433
1.759,397.3545365
1.7592,397.3453336
1.7594,397.0847112
1.7596,396.9498073
1.7598,396.7520573
1.76,396.6171665
1.7602,396.2937345
1.7604,396.2217073
1.7606,396.4010674
1.7608,396.0148169
1.761,396.3827024
1.7612,396.4992033
1.7614,396.7413791
1.7616,396.7321878
1.7618,396.7229965
1.762,397.0279849
1.7622,397.1444553
1.7624,396.8839218
1.7626,396.5605683
1.7628,396.8027004
1.763,397.1076494
1.7632,396.9099664
1.7634,397.4033751
1.7636,397.2685178
1.7638,397.5106033
1.764,397.6898557
1.7642,397.8062795
1.7644,397.7970606
1.7646,397.9762927
1.7648,397.7158072
1.765,397.7694038
1.7652,397.6345596
1.7654,397.7509659
1.7656,397.4276984
1.7658,397.2300619
1.766,396.9696274
1.7662,396.5207885
1.7664,396.3231855
1.7666,396.0627888
1.7668,395.9280057
1.767,395.730429
1.7672,395.5328609
1.7674,395.8376746
1.7676,395.7029075
1.7678,395.9449086
1.768,395.6845599
1.7682,395.8009677
1.7684,395.5406336
1.7686,395.6570385
1.7688,395.836224
1.769,395.7642609
1.7692,395.6295171
1.7694,395.6831254
1.7696,395.9250725
1.7698,396.1042289
1.77,396.2205989
1.7702,396.336963
1.7704,396.3277717
1.7706,395.5653005
1.7708,396.7487923
1.771,397.2417541
1.7712,396.9814651
1.7714,396.9722578
1.7716,396.6492204
1.7718,396.8910786
1.772,396.6935835
1.7722,397.060952
1.7724,396.9262214
1.7726,396.7287379
1.7728,396.6567776
1.773,396.7730879
1.7732,396.7638835
1.7734,396.7546791
1.7736,396.3689658
1.7738,396.2342701
1.774,396.0368316
1.7742,395.6511605
1.7744,395.5164895
1.7746,395.1308475
1.7748,394.9334513
1.775,394.8615463
1.7752,395.0406037
1.7754,395.4706059
1.7756,395.4614292
1.7758,395.8914008
1.776,396.070416
1.7762,391.0426194
1.7764,396.2402268
1.7766,396.2310312
1.7768,396.3472919
1.777,396.3380934
1.7772,396.2034442
1.7774,396.4451439
1.7776,396.5613872
1.7778,396.426741
1.778,396.7311368
1.7782,396.784646
1.7784,397.026302
1.7786,396.8289407
1.7788,397.00787
1.779,396.998654
1.7792,397.3029916
1.7794,397.1056405
1.7796,396.9710059
1.7798,397.2126153
1.78,396.7644591
1.7802,397.1314682
1.7804,396.4325259
1.7806,396.6114231
1.7808,396.1006217
1.781,395.8406341
1.7812,396.1449237
1.7814,396.1357252
1.7816,396.2519131
1.7818,396.1173281
1.782,395.9200585
1.7822,396.3496865
1.7824,395.9016701
1.7826,395.8924759
1.7828,395.3818055
1.783,394.9965246
1.7832,394.1724898
1.7834,394.2886952
1.7836,394.2168587
1.7838,394.0823479
1.784,394.0731945
1.7842,394.1893897
1.7844,394.6189435
1.7846,395.048477
1.7848,395.2899801
1.785,395.1554605
1.7852,395.271615
1.7854,395.1997669
1.7856,395.3159141
1.7858,395.118742
1.786,395.2975461
1.7862,395.037723
1.7864,395.0912032
1.7866,395.2699941
1.7868,395.3234655
1.787,395.439588
1.7872,395.5557046
1.7874,393.8549352
1.7876,395.5999717
1.7878,395.5281308
1.788,395.2057061
1.7882,394.8206508
1.7884,394.7488318
1.7886,394.739658
1.7888,394.6678434
1.789,394.971868
1.7892,395.0253263
1.7894,394.8908722
1.7896,394.9443291
1.7898,395.1856838
1.79,395.0512341
1.7902,394.7915289
1.7904,394.4065769
1.7906,394.2721535
1.7908,393.9498569
1.791,394.003324
1.7912,393.6810478
1.7914,393.546652
1.7916,393.4748825
1.7918,393.4031159
1.792,393.1434995
1.7922,393.7605202
1.7924,393.7513653
1.7926,393.9926632
1.7928,393.858279
1.793,397.2926865
1.7932,394.1530076
1.7934,394.2690572
1.7936,394.2598892
1.7938,394.2507213
1.794,394.2415533
1.7942,394.4201899
1.7944,394.3484175
1.7946,394.5270425
1.7948,394.0170898
1.795,394.0705219
1.7952,394.0613569
1.7954,394.302563
1.7956,394.3559835
1.7958,393.7209122
1.796,394.4002272
1.7962,394.5162274
1.7964,394.4444651
1.7966,394.7482103
1.7968,394.864193
1.797,394.7298452
1.7972,394.9084018
1.7974,394.8366366
1.7976,394.8900279
1.7978,394.693115
1.798,394.6213586
1.7982,394.5496051
1.7984,394.5404255
1.7986,396.5960398
1.7988,394.3969301
1.799,394.3251868
1.7992,394.0031858
1.7994,393.6811993
1.7996,393.9848498
1.7998,393.5377563
1.8,393.5285985
1.8002,393.7071144
1.8004,393.6979522
1.8006,393.751345
1.8008,394.0549489
1.801,394.2959862
1.8012,394.3493601
1.8014,393.902338
1.8016,394.1433607
1.8018,394.0090944
1.802,394.2501026
1.8022,394.1783826
1.8024,394.1066655
1.8026,394.3476533
1.8028,393.96324
1.803,394.204219
1.8032,394.4451864
1.8034,394.4360039
1.8036,394.3642882
1.8038,394.1675122
1.804,394.2833959
1.8042,395.3997337
1.8044,394.4526185
1.8046,394.5059603
1.8048,394.3092017
1.805,394.3625436
1.8052,394.5409255
1.8054,394.2816585
1.8056,394.3975145
1.8058,394.0132279
1.806,393.8165057
1.8062,393.4947638
1.8064,393.3605747
1.8066,393.5389479
1.8068,393.0297042
1.807,393.4581093
1.8072,393.1989181
1.8074,393.1897603
1.8076,393.3681145
1.8078,393.0464396
1.808,393.1622869
1.8082,392.8406309
1.8084,392.9564768
1.8086,392.2598594
1.8088,392.4382078
1.809,392.2415846
1.8092,392.6698937
1.8094,392.723237
1.8096,393.0265351
1.8098,392.5799629
1.81,393.0082225
1.8102,392.6866407
1.8104,392.8649425
1.8106,392.793307
1.8108,392.4092707
1.811,392.2126897
1.8112,392.2035509
1.8114,392.194412
1.8116,392.1227982
1.8118,392.4885014
1.812,392.6667712
1.8122,392.9075028
1.8124,392.7109392
1.8126,393.388931
1.8128,393.0674322
1.813,393.0582715
1.8132,392.6743314
1.8134,392.7276412
1.8136,392.5311068
1.8138,392.5219577
1.814,392.262979
1.8142,392.6285715
1.8144,392.8692376
1.8146,392.9849859
1.8148,392.7260188
1.815,392.9666645
1.8152,392.9575038
1.8154,392.9483431
1.8156,392.8142908
1.8158,392.5553558
1.816,392.0466609
1.8162,391.9126378
1.8164,391.8410605
1.8166,391.8319245
1.8168,391.5730404
1.817,391.8136526
1.8172,391.6796484
1.8174,392.2324094
1.8176,392.4729881
1.8178,392.4638361
1.818,392.2049709
1.8182,391.9461174
1.8184,391.7497009
1.8186,391.8029889
1.8188,391.6065841
1.819,391.3477669
1.8192,391.4634788
1.8194,391.2046763
1.8196,391.7573018
1.8198,392.0602404
1.82,391.8638545
1.8202,392.2291879
1.8204,392.2824497
1.8206,392.5853461
1.8208,392.7010041
1.821,392.6918434
1.8212,392.8074927
1.8214,392.4863113
1.8216,392.7891655
1.8218,392.8424025
1.822,392.8332375
1.8222,392.8240724
1.8224,392.8773036
1.8226,393.1801112
1.8228,393.3581174
1.823,393.2865474
1.8232,393.1525897
1.8234,392.89386
1.8236,392.5727543
1.8238,392.5635936
1.824,392.3048944
1.8242,391.9838236
1.8244,391.7875309
1.8246,391.5912469
1.8248,391.4573504
1.825,391.198705
1.8252,391.0648231
1.8254,390.8685726
1.8256,390.9218227
1.8258,390.9750699
1.826,390.5293537
1.8262,390.9568184
1.8264,390.6358569
1.8266,390.8138355
1.8268,390.8047126
1.827,391.1074037
1.8272,391.2229963
1.8274,391.338583
1.8276,391.3918055
1.8278,391.507382
1.828,391.4358862
1.8282,391.2396851
1.8284,391.3552558
1.8286,391.0967138
1.8288,391.336981
1.829,391.1407989
1.8292,391.4433997
1.8294,391.5589501
1.8296,391.6121507
1.8298,391.7900332
1.83,391.7808842
1.8302,392.2704511
1.8304,391.7625861
1.8306,391.753437
1.8308,391.6819528
1.831,391.7351389
1.8312,391.7259898
1.8314,391.3428562
1.8316,391.6453624
1.8318,391.573887
1.832,391.8763728
1.8322,391.9295443
1.8324,391.9203894
1.8326,391.5373024
1.8328,391.278874
1.833,390.8334998
1.8332,390.5750991
1.8334,390.3790261
1.8336,390.6191652
1.8338,390.9216059
1.834,391.1617202
1.8342,391.8379955
1.8344,392.2026942
1.8346,392.6919903
1.8348,392.9943451
1.835,392.6736398
1.8352,392.97598
1.8354,392.343781
1.8356,392.0854123
1.8358,391.7647565
1.836,391.8801962
1.8362,391.7464467
1.8364,391.8618806
1.8366,392.1641873
1.8368,392.0927308
1.837,392.6441772
1.8372,392.7595776
1.8374,393.0618334
1.8376,393.1772177
1.8378,393.1057437
1.838,392.5982936
1.8382,392.5268356
1.8384,392.3308209
1.8386,392.1970933
1.8388,392.4370329
1.839,392.55241
1.8392,392.7923292
1.8394,392.9076918
1.8396,393.2721328
1.8398,393.1383993
1.84,393.1914762
1.8402,392.9954834
1.8404,392.737234
1.8406,392.7280515
1.8408,392.5943442
1.841,392.7719473
1.8412,392.7005038
1.8414,392.6290633
1.8416,392.8689083
1.8418,392.9219765
1.842,393.3485633
1.8422,393.2148605
1.8424,393.2056648
1.8426,393.2587184
1.8428,393.3117691
1.843,393.3025706
1.8432,393.1688823
1.8434,393.1596866
1.8436,393.150491
1.8438,393.1412953
1.844,393.1320997
1.8442,393.4963296
1.8444,393.1759445
1.8446,393.2289821
1.8448,393.1575503
1.845,393.5217438
1.8452,393.4503077
1.8454,393.6900187
1.8456,393.6808085
1.8458,394.1071799
1.846,394.2846329
1.8462,394.4620773
1.8464,394.8261776
1.8466,394.8169397
1.8468,394.7454832
1.847,394.5495952
1.8472,394.3537159
1.8474,394.6555597
1.8476,394.5841119
1.8478,394.1393987
1.848,393.6947059
1.8482,393.3744504
1.8484,393.4896586
1.8486,392.9205999
1.8488,392.9114043
1.849,392.7156007
1.8492,392.8308118
1.8494,392.5728187
1.8496,392.3770354
1.8498,392.3056546
1.85,392.2964721
1.8502,391.7897382
1.8504,391.6561824
1.8506,391.6470144
1.8508,391.9487942
1.851,391.6908666
1.8512,391.6816971
1.8514,391.796898
1.8516,391.8499094
1.8518,391.9029179
1.852,391.9559234
1.8522,391.822388
1.8524,391.9997479
1.8526,391.5553346
1.8528,391.5461666
1.853,391.5369986
1.8532,391.7143469
1.8534,391.3943214
1.8536,391.4473255
1.8538,391.7489976
1.854,391.7398238
1.8542,391.8549796
1.8544,391.9701295
1.8546,392.0231118
1.8548,391.8896098
1.855,391.6317958
1.8552,391.4361508
1.8554,391.3026707
1.8556,391.0448872
1.8558,390.7871154
1.856,391.0265687
1.8562,390.9552593
1.8564,391.2568454
1.8566,391.4962696
1.8568,391.859974
1.857,391.8507944
1.8572,391.7173288
1.8574,391.8945766
1.8576,391.8232555
1.8578,392.1247688
1.858,391.8048962
1.8582,391.8578523
1.8584,391.786537
1.8586,391.7773573
1.8588,391.9545716
1.859,392.2560369
1.8592,392.2468457
1.8594,392.1755274
1.8596,392.2905886
1.8598,392.467768
1.86,392.2100806
1.8602,392.076647
1.8604,391.7568603
1.8606,391.5613246
1.8608,391.6763814
1.861,391.6672018
1.8612,391.7822498
1.8614,391.6488425
1.8616,391.7017738
1.8618,391.9410307
1.862,391.6834117
1.8622,391.9847634
1.8624,392.0376802
1.8626,392.2148013
1.8628,392.3919137
1.863,392.3206144
1.8632,392.249318
1.8634,392.2401224
1.8636,392.1688304
1.8638,391.9112565
1.864,392.0883485
1.8642,392.0791558
1.8644,392.0078725
1.8646,391.8745031
1.8648,392.1757529
1.865,392.0423849
1.8652,392.2815311
1.8654,392.2102492
1.8656,391.8285612
1.8658,392.1297747
1.866,391.6860267
1.8662,391.6147638
1.8664,391.5435038
1.8666,391.0997995
1.8668,390.7802617
1.867,390.4607385
1.8672,390.3274404
1.8674,389.9458732
1.8676,389.688458
1.8678,389.5551861
1.868,389.1115983
1.8682,389.0404082
1.8684,388.7209752
1.8686,388.9600967
1.8688,388.4545042
1.869,388.6936198
1.8692,388.8706681
1.8694,388.7994911
1.8696,388.6662643
1.8698,389.0294533
1.87,389.0823759
1.8702,389.2593922
1.8704,389.5604936
1.8706,389.6133987
1.8708,389.8524327
1.871,389.7812426
1.8712,390.0823018
1.8714,390.3213067
1.8716,389.9399186
1.8718,390.551135
1.872,390.4178995
1.8722,390.5328048
1.8724,390.7097367
1.8726,390.4524438
1.8728,390.5053096
1.873,390.4341166
1.8732,390.6110325
1.8734,390.4157894
1.8736,390.3446022
1.8738,390.33544
1.874,390.2022365
1.8742,390.0070196
1.8744,390.4319891
1.8746,390.3608077
1.8748,390.5376886
1.875,390.7145608
1.8752,390.6433765
1.8754,390.6342057
1.8756,390.5630257
1.8758,390.4298412
1.876,390.4206746
1.8762,390.6595267
1.8764,390.836364
1.8766,390.8271873
1.8768,391.4380135
1.877,390.8088338
1.8772,391.2336388
1.8774,390.9144723
1.8776,391.2772594
1.8778,391.020099
1.878,390.8869334
1.8782,390.8157636
1.8784,391.1165287
1.8786,391.1073433
1.8788,391.1601435
1.879,391.460878
1.8792,391.5756495
1.8794,391.7523965
1.8796,391.9911146
1.8798,391.8579505
1.88,391.9727
1.8802,391.3437374
1.8804,391.2725705
1.8806,390.3957624
1.8808,390.5105339
1.881,390.067572
1.8812,389.8105354
1.8814,389.8633444
1.8816,389.1725663
1.8818,389.4112786
1.882,389.0923174
1.8822,389.5169025
1.8824,389.2599124
1.8826,389.1268501
1.8828,389.42749
1.883,388.6748775
1.8832,388.541837
1.8834,388.3468502
1.8836,388.151872
1.8838,387.7710546
1.884,387.6380462
1.8842,387.3192043
1.8844,387.4339918
1.8846,387.5487734
1.8848,387.5396651
1.885,387.5924974
1.8852,387.707266
1.8854,387.6981533
1.8856,387.5032319
1.8858,387.4941236
1.886,387.4850154
1.8862,387.4139752
1.8864,387.2810075
1.8866,387.2719036
1.8868,387.3247272
1.887,387.2536958
1.8872,387.4303656
1.8874,387.7927961
1.8876,387.9694441
1.8878,387.9603227
1.888,388.1988764
1.8882,388.6231703
1.8884,388.6140329
1.8886,388.5429811
1.8888,388.5957581
1.889,388.8342666
1.8892,388.8251234
1.8894,388.8159802
1.8896,388.8687441
1.8898,389.292939
1.89,389.5933052
1.8902,389.2127265
1.8904,389.5130796
1.8906,389.442019
1.8908,389.6185549
1.891,389.6093913
1.8912,383.472576
1.8914,389.9005342
1.8916,390.077041
1.8918,390.0678657
1.892,390.1205801
1.8922,390.297068
1.8924,390.4116604
1.8926,390.2168205
1.8928,390.0838732
1.893,389.9509318
1.8932,389.941758
1.8934,389.9944636
1.8936,390.1090444
1.8938,390.1617427
1.894,389.7813126
1.8942,389.8340153
1.8944,389.8867151
1.8946,390.3106364
1.8948,390.4251909
1.895,390.6634753
1.8952,390.901748
1.8954,390.8925494
1.8956,390.5121702
1.8958,390.6267044
1.896,390.6793722
1.8962,390.4846007
1.8964,390.7228414
1.8966,390.3425088
1.8968,393.5497667
1.897,390.324135
1.8972,389.8819855
1.8974,389.7491081
1.8976,389.4925387
1.8978,389.0504387
1.898,388.6702051
1.8982,388.4136779
1.8984,388.2190055
1.8986,388.0243418
1.8988,387.8296869
1.899,387.8205567
1.8992,387.9351011
1.8994,387.925968
1.8996,388.0405037
1.8998,387.907702
1.9,387.9604003
1.9002,387.642116
1.9004,386.9528752
1.9006,386.5728017
1.9008,386.4400481
1.901,386.183652
1.9012,385.9272675
1.9014,386.1654645
1.9016,385.9709115
1.9018,386.0236404
1.902,386.3236339
1.9022,386.6236128
1.9024,391.1887394
1.9026,386.605402
1.9028,386.5962966
1.903,386.5253817
1.9032,386.4544696
1.9034,386.3835605
1.9036,386.4362647
1.9038,386.8597885
1.904,386.8506759
1.9042,387.1505674
1.9044,387.4504444
1.9046,387.8121048
1.9048,387.8647653
1.905,387.6702429
1.9052,387.0431742
1.9054,387.4666004
1.9056,387.2103092
1.9058,386.7686619
1.906,386.574186
1.9062,386.8122229
1.9064,387.0502481
1.9066,387.1029115
1.9068,387.4026997
1.907,387.7642538
1.9072,387.8786744
1.9074,387.9313117
1.9076,388.4163787
1.9078,388.8396477
1.908,390.5601333
1.9082,388.697777
1.9084,388.2562244
1.9086,388.1853051
1.9088,387.9908539
1.909,387.6728797
1.9092,387.3549201
1.9094,387.3457899
1.9096,387.3366598
1.9098,387.2040095
1.91,387.6271927
1.9102,387.6798124
1.9104,387.5471621
1.9106,387.6615347
1.9108,387.281879
1.911,387.643257
1.9112,387.695868
1.9114,387.7484761
1.9116,387.6775874
1.9118,387.668447
1.912,387.4740745
1.9122,387.4649386
1.9124,387.7645084
1.9126,387.7553652
1.9128,387.7462219
1.913,387.5518683
1.9132,387.7896708
1.9134,387.4101228
1.9136,388.6973677
1.9138,387.5153129
1.914,387.259256
1.9142,387.2501229
1.9144,387.1175367
1.9146,387.1701317
1.9148,387.0992764
1.915,387.275313
1.9152,386.9575746
1.9154,386.8867281
1.9156,386.8158844
1.9158,387.0536258
1.916,386.7359209
1.9162,386.6650845
1.9164,387.0262354
1.9166,386.6468417
1.9168,386.1440473
1.917,386.0732299
1.9172,386.1258278
1.9174,385.9316038
1.9176,385.6756852
1.9178,385.2346727
1.918,385.4106845
1.9182,385.154795
1.9184,385.0840096
1.9186,385.3217073
1.9188,385.3743095
1.919,385.3652158
1.9192,385.541197
1.9194,385.7788598
1.9196,386.0165108
1.9198,386.0690884
1.92,386.121663
1.9202,386.3592879
1.9204,386.3501694
1.9206,386.2176879
1.9208,386.3936124
1.921,386.8162424
1.9212,386.8687893
1.9214,386.7979821
1.9216,387.1588971
1.9218,387.0880855
1.922,387.5723183
1.9222,387.4398296
1.9224,387.3690151
1.9226,387.0515359
1.9228,386.8574021
1.923,386.8482691
1.9232,386.9624611
1.9234,386.5833586
1.9236,386.635891
1.9238,386.6267624
1.924,386.9259173
1.9242,386.9784366
1.9244,386.9076454
1.9246,386.8368571
1.9248,386.581119
1.925,386.5103409
1.9252,386.5012137
1.9254,386.2455003
1.9256,386.1130888
1.9258,385.5491777
1.926,385.6017145
1.9262,385.530967
1.9264,385.7067793
1.9266,385.6976696
1.9268,385.6269235
1.927,385.8027199
1.9272,385.9168741
1.9274,386.0310224
1.9276,385.9602734
1.9278,385.7046402
1.928,385.6339014
1.9282,385.1934086
1.9284,385.4308078
1.9286,385.9763115
1.9288,385.7207059
1.929,385.7115933
1.9292,385.517624
1.9294,385.0771938
1.9296,385.3145595
1.9298,385.5519136
1.93,385.6044169
1.9302,385.2256362
1.9304,385.1549236
1.9306,385.3306486
1.9308,385.3215432
1.931,385.8668897
1.9312,385.7345626
1.9314,385.725447
1.9316,385.7163315
1.9318,385.584016
1.932,385.8212973
1.9322,385.5041937
1.9324,385.4950824
1.9326,385.2395948
1.9328,385.2304894
1.933,385.3445664
1.9332,385.6434069
1.9334,385.8806445
1.9336,385.8099363
1.9338,385.4928894
1.934,385.4221928
1.9342,385.2283342
1.9344,385.1576463
1.9346,384.7790636
1.9348,384.3389202
1.935,384.3298337
1.9352,384.7517736
1.9354,384.8658245
1.9356,385.103014
1.9358,384.970767
1.936,385.0848033
1.9362,385.01413
1.9364,385.2512919
1.9366,385.1806171
1.9368,384.9868182
1.937,384.6699038
1.9372,384.6608072
1.9374,384.8363881
1.9376,385.3813066
1.9378,385.6799738
1.938,386.0401813
1.9382,386.2772646
1.9384,386.3912324
1.9386,386.5667449
1.9388,386.5576016
1.939,386.3638158
1.9392,385.9238544
1.9394,385.6070026
1.9396,385.4132517
1.9398,385.4656764
1.94,385.5796384
1.9402,385.6320558
1.9404,385.807545
1.9406,385.8599537
1.9408,386.1584972
1.941,386.0262953
1.9412,386.2017568
1.9414,385.7619089
1.9416,385.5066673
1.9418,384.8207472
1.942,384.7501161
1.9422,384.0642456
1.9424,383.6860209
1.9426,383.6154204
1.9428,383.6063427
1.943,383.8433387
1.9432,383.8957721
1.9434,383.8866871
1.9436,384.1851723
1.9438,384.1760801
1.944,384.6590769
1.9442,384.3424245
1.9444,384.0257868
1.9446,383.9551906
1.9448,383.9461027
1.945,384.306038
1.9452,384.6044533
1.9454,384.9643551
1.9456,385.3242394
1.9458,385.6226081
1.946,385.9209624
1.9462,386.0963118
1.9464,386.0256778
1.9466,385.9550467
1.9468,385.6999463
1.947,385.4448575
1.9472,385.1282925
1.9474,384.7502557
1.9476,384.679661
1.9478,384.4246188
1.948,384.8458905
1.9482,384.8982584
1.9484,385.1350607
1.9486,385.3103737
1.9488,384.9323922
1.949,385.1691756
1.9492,384.6682679
1.9494,384.5976864
1.9496,384.0968151
1.9498,383.9647806
1.95,384.0786218
1.9502,384.5612532
1.9504,384.5521449
1.9506,384.5430366
1.9508,384.2880818
1.951,384.1560589
1.9512,384.2698768
1.9514,384.1993171
1.9516,384.2516719
1.9518,383.996752
1.952,384.1105611
1.9522,384.2243645
1.9524,384.522512
1.9526,385.1278876
1.9528,384.934422
1.953,385.2325302
1.9532,385.1005147
1.9534,385.0913904
1.9536,384.9593835
1.9538,384.9502621
1.954,384.818264
1.9542,384.5019611
1.9544,384.5542853
1.9546,384.4837387
1.9548,384.53606
1.955,384.5269474
1.9552,384.3949755
1.9554,384.6930065
1.9556,384.5610361
1.9558,384.306221
1.956,384.3585365
1.9562,384.0423151
1.9564,384.0332126
1.9566,384.146949
1.9568,384.2606795
1.957,384.3129877
1.9572,384.4881231
1.9574,384.786077
1.9576,385.0226042
1.9578,385.1362983
1.958,385.4342144
1.9582,385.0566303
1.9584,385.0475016
1.9586,385.038373
1.9588,384.8450341
1.959,384.5903019
1.9592,384.7039845
1.9594,384.6948631
1.9596,384.7471392
1.9598,384.6766203
1.96,384.9744722
1.9602,384.7811639
1.9604,384.6492561
1.9606,384.4559638
1.9608,384.3854579
1.961,384.2535675
1.9612,383.6919814
1.9614,383.4373439
1.9616,383.6737823
1.9618,383.6646828
1.962,383.9624838
1.9622,384.0761343
1.9624,384.0056473
1.9626,384.4261692
1.9628,384.1715536
1.963,383.9783224
1.9632,383.9692141
1.9634,383.7146261
1.9636,383.7668921
1.9638,383.7577882
1.964,383.6259532
1.9642,383.8009445
1.9644,383.9145644
1.9646,384.4577068
1.9648,384.2031464
1.965,384.8076136
1.9652,384.614413
1.9654,384.9734195
1.9656,384.7802232
1.9658,384.4029784
1.966,384.516559
1.9662,384.2620365
1.9664,384.3756142
1.9666,384.2437996
1.9668,384.2346811
1.967,384.1028751
1.9672,383.8483905
1.9674,383.4098951
1.9676,383.3394562
1.9678,383.0236686
1.968,382.8919049
1.9682,382.5761421
1.9684,382.3830609
1.9686,382.6193129
1.9688,382.9168839
1.969,383.459757
1.9692,383.0826883
1.9694,383.0735945
1.9696,383.3098
1.9698,383.2393771
1.97,383.6595322
1.9702,383.09854
1.9704,383.2734017
1.9706,382.8963971
1.9708,383.0099384
1.971,383.2461031
1.9712,383.6661955
1.9714,383.7183975
1.9716,383.647976
1.9718,383.7614838
1.972,383.9362932
1.9722,384.2337055
1.9724,383.7954503
1.9726,384.031548
1.9728,383.7159205
1.973,383.9520081
1.9732,383.9428896
1.9734,384.5467424
1.9736,384.9666791
1.9738,384.8349474
1.974,384.9483927
1.9742,385.245706
1.9744,385.4817149
1.9746,385.1661165
1.9748,384.605385
1.975,384.3511071
1.9752,384.2194089
1.9754,384.2102817
1.9756,383.4044999
1.9758,383.2728323
1.976,383.0186141
1.9762,383.0095146
1.9764,383.000415
1.9766,383.6653277
1.9768,384.0238464
1.977,384.1372639
1.9772,383.9443283
1.9774,384.1190095
1.9776,383.9873492
1.9778,384.2232853
1.978,383.9691006
1.9782,384.3275494
1.9784,383.9508519
1.9786,384.0029869
1.9788,384.6064394
1.979,384.9648373
1.9792,385.3844726
1.9794,385.191553
1.9796,385.2436501
1.9798,385.2957444
1.98,385.4703338
1.9802,385.5224193
1.9804,384.9620401
1.9806,385.1978685
1.9808,385.1274689
1.981,385.2407976
1.9812,385.2316398
1.9814,384.9162875
1.9816,384.9683745
1.9818,384.5918066
1.982,384.2152561
1.9822,384.1448886
1.9824,384.1357555
1.9826,383.7592415
1.9828,383.1378301
1.983,382.9450386
1.9832,382.69103
1.9834,382.6819304
1.9836,382.6728309
1.9838,382.5412885
1.984,382.2873119
1.9842,382.1557841
1.9844,381.9018279
1.9846,382.015177
1.9848,381.8224496
1.985,381.5685182
1.9852,381.5594433
1.9854,381.5503685
1.9856,381.6637104
1.9858,381.6546327
1.986,381.8291712
1.9862,381.6364772
1.9864,381.688602
1.9866,382.2915333
1.9868,382.0376412
1.987,382.0285533
1.9872,381.897072
1.9874,381.7044013
1.9876,381.6341269
1.9878,381.2578939
1.988,381.3712052
1.9882,381.3009424
1.9884,381.3530584
1.9886,381.4051716
1.9888,381.3960968
1.989,381.1422877
1.9892,381.3779472
1.9894,381.246511
1.9896,380.8703638
1.9898,380.9224784
1.99,380.8522375
1.9902,380.965524
1.9904,380.956458
1.9906,381.3144235
1.9908,381.4888601
1.991,381.663288
1.9912,381.9600423
1.9914,382.5014464
1.9916,382.5535072
1.9918,382.6667282
1.992,382.3518112
1.9922,382.4650307
1.9924,382.394768
1.9926,382.5079803
1.9928,382.2542512
1.993,382.3674606
1.9932,382.4806641
1.9934,382.6550134
1.9936,382.7682038
1.9938,383.125983
1.994,382.9334201
1.9942,383.1077402
1.9944,383.0374745
1.9946,383.2729259
1.9948,383.2638001
1.995,382.3375758
1.9952,382.8175794
1.9954,382.8084639
1.9956,383.0438904
1.9958,383.1570372
1.996,383.1479129
1.9962,383.1999198
1.9964,383.2519237
1.9966,383.2427965
1.9968,383.0502889
1.997,383.3467927
1.9972,383.0320432
1.9974,383.0229203
1.9976,383.0749184
1.9978,383.4325113
1.998,383.240024
1.9982,383.1697787
1.9984,383.1606515
1.9986,383.1515243
1.9988,382.9590604
1.999,383.1332699
1.9992,383.001924
1.9994,382.5650445
1.9996,382.494824
1.9998,382.5468163
2,382.2932882
2.0002,382.5896901
2.0004,382.6416751
2.0006,376.2171483
2.0008,383.0511249
2.001,382.2477467
2.0012,382.1775436
2.0014,381.7407835
2.0016,381.1818601
2.0018,380.928415
2.002,380.4306256
2.0022,380.3604721
2.0024,379.8016331
2.0026,380.2812582
2.0028,380.5165276
2.003,380.7517853
2.0032,381.0481116
2.0034,380.4893206
2.0036,380.7856382
2.0038,380.8987136
2.004,381.133932
2.0042,380.8805552
2.0044,380.9325476
2.0046,380.8623969
2.0048,380.670112
2.005,381.1495741
2.0052,381.3236846
2.0054,381.7420432
2.0056,381.549754
2.0058,382.0291476
2.006,381.9589795
2.0062,383.7205657
2.0064,381.818652
2.0066,381.5653262
2.0068,381.4951741
2.007,381.3639723
2.0072,381.7822363
2.0074,381.4068345
2.0076,381.8250766
2.0078,381.8159712
2.008,381.7458206
2.0082,381.7367167
2.0084,381.3613585
2.0086,380.924977
2.0088,380.8548525
2.009,380.662655
2.0092,380.5315027
2.0094,380.6444966
2.0096,380.879552
2.0098,380.9925313
2.01,381.2275663
2.0102,381.2184726
2.0104,381.5755457
2.0106,381.4443905
2.0108,381.4352909
2.011,380.9990273
2.0112,381.1730039
2.0114,381.1639102
2.0116,381.3988927
2.0118,379.7423175
2.012,381.5637421
2.0122,381.9207264
2.0124,381.9116137
2.0126,382.0245246
2.0128,382.0764194
2.013,381.8842757
2.0132,381.5701259
2.0134,380.8289489
2.0136,380.94187
2.0138,380.9937823
2.014,380.98469
2.0142,380.7315971
2.0144,381.0275041
2.0146,381.1404049
2.0148,381.4972829
2.015,381.2442002
2.0152,381.3570864
2.0154,380.8600526
2.0156,380.546012
2.0158,380.231986
2.016,380.0399486
2.0162,380.0308767
2.0164,379.5949159
2.0166,379.6468368
2.0168,379.7597361
2.017,380.2385082
2.0172,380.534322
2.0174,384.7936167
2.0176,381.125906
2.0178,380.9338846
2.018,380.8028444
2.0182,380.6718101
2.0184,380.3578728
2.0186,380.0439501
2.0188,379.6690754
2.019,379.5990441
2.0192,379.8338345
2.0194,379.824764
2.0196,379.5108894
2.0198,379.9285419
2.02,380.2852161
2.0202,380.2151776
2.0204,379.9622769
2.0206,379.4655736
2.0208,379.5174625
2.021,379.3864966
2.0212,379.3164857
2.0214,379.18553
2.0216,379.4202578
2.0218,379.5330842
2.022,379.6459049
2.0222,380.3681389
2.0224,380.6028143
2.0226,380.654661
2.0228,380.7065048
2.023,384.6582555
2.0232,380.8711183
2.0234,380.7401524
2.0236,380.6091923
2.0238,380.6610288
2.024,380.5910048
2.0242,380.7646932
2.0244,380.7555951
2.0246,380.746497
2.0248,380.5546299
2.025,380.5455362
2.0252,380.962883
2.0254,380.7710232
2.0256,380.7619236
2.0258,380.0218355
2.026,380.5000675
2.0262,380.3691482
2.0264,380.116412
2.0266,379.6809578
2.0268,379.3673408
2.027,379.2364593
2.0272,379.2883002
2.0274,379.157426
2.0276,378.7829472
2.0278,378.8956951
2.028,378.643039
2.0282,378.8166822
2.0284,378.6858327
2.0286,381.6606508
2.0288,378.4241513
2.029,378.5977814
2.0292,378.5887299
2.0294,378.6405679
2.0296,378.6924029
2.0298,378.9268949
2.03,378.9178346
2.0302,379.0914254
2.0304,379.143243
2.0306,379.3777
2.0308,379.2468695
2.031,378.9942891
2.0312,378.7417203
2.0314,378.3065384
2.0316,378.6018587
2.0318,378.3493161
2.032,378.1576558
2.0322,378.392088
2.0324,378.383038
2.0326,378.4348541
2.0328,378.7909911
2.033,378.2950245
2.0332,378.3468377
2.0334,378.1552065
2.0336,378.2070197
2.0338,378.1979726
2.034,378.0672134
2.0342,378.8492785
2.0344,378.109978
2.0346,378.4051906
2.0348,378.4569878
2.035,378.5087821
2.0352,378.2563371
2.0354,378.0039037
2.0356,377.6906377
2.0358,377.8641295
2.036,377.5508809
2.0362,377.7852068
2.0364,377.6544899
2.0366,377.4629416
2.0368,377.7580872
2.037,378.2357207
2.0372,378.1050038
2.0374,378.1567864
2.0376,378.1477364
2.0378,378.1995147
2.038,378.0079824
2.0382,378.1205862
2.0384,378.4156561
2.0386,378.4674213
2.0388,378.3975414
2.039,378.5101233
2.0392,378.8659721
2.0394,378.9785365
2.0396,379.3951714
2.0398,379.0820203
2.04,379.6202566
2.0402,378.881438
2.0404,378.6291299
2.0406,378.3160254
2.0408,378.1245484
2.041,377.8114701
2.0412,377.9240317
2.0414,378.2189938
2.0416,378.0883366
2.0418,378.2616813
2.042,378.3742196
2.0422,378.7299373
2.0424,378.7816632
2.0426,378.5294191
2.0428,378.0948107
2.043,378.0857563
2.0432,377.9551237
2.0434,377.7637094
2.0436,377.4507316
2.0438,377.2593377
2.044,377.0679525
2.0442,376.8765761
2.0444,377.1714509
2.0446,376.4938494
2.0448,377.2141602
2.045,376.7796931
2.0452,376.9529912
2.0454,377.3085998
2.0456,377.3603329
2.0458,377.2905229
2.046,376.9776412
2.0462,376.9078428
2.0464,377.2634077
2.0466,377.0720764
2.0468,377.3060937
2.047,377.2362925
2.0472,377.1057342
2.0474,376.8536648
2.0476,376.783878
2.0478,376.9571165
2.048,376.7050675
2.0482,376.6960407
2.0484,376.5655115
2.0486,376.6779872
2.0488,376.7297087
2.049,376.6599336
2.0492,376.5901615
2.0494,376.8848558
2.0496,376.8150807
2.0498,377.2312367
2.05,377.3436744
2.0502,377.0916778
2.0504,377.2041127
2.0506,377.1950714
2.0508,377.3074974
2.051,377.3591855
2.0512,377.6537939
2.0514,377.5232822
2.0516,377.6964158
2.0518,377.8088143
2.052,377.921207
2.0522,377.7906996
2.0524,377.5994761
2.0526,377.6511437
2.0528,377.7635276
2.053,377.6937526
2.0532,377.988278
2.0534,378.1613593
2.0536,378.3344318
2.0538,378.3860718
2.054,378.5591297
2.0542,378.428634
2.0544,378.2981442
2.0546,378.2890723
2.0548,378.4014096
2.055,378.2709285
2.0552,377.8976464
2.0554,378.3741852
2.0556,378.0009176
2.0558,378.1132462
2.056,378.225569
2.0562,378.0951083
2.0564,378.3288111
2.0566,378.4411194
2.0568,378.4320416
2.057,378.3015867
2.0572,378.0497633
2.0574,378.3441228
2.0576,378.1529938
2.0578,378.2652875
2.058,378.316894
2.0582,378.3684976
2.0584,378.3594199
2.0586,378.532373
2.0588,378.6446419
2.059,378.756905
2.0592,378.6264719
2.0594,377.9500045
2.0596,377.9409355
2.0598,377.4465207
2.06,377.4981302
2.0602,377.2464101
2.0604,377.1160295
2.0606,376.9249922
2.0608,376.7339638
2.061,376.9069008
2.0612,376.473249
2.0614,376.4642135
2.0616,376.3338678
2.0618,376.0215669
2.062,376.437107
2.0622,375.8822147
2.0624,375.812543
2.0626,375.8035221
2.0628,375.7945011
2.063,375.4822556
2.0632,375.4732419
2.0634,375.7067963
2.0636,375.4552146
2.0638,375.6887573
2.064,375.6797378
2.0642,375.6707183
2.0644,375.6616989
2.0646,375.6526794
2.0648,375.6436599
2.065,375.9377922
2.0652,375.6862498
2.0654,375.9197387
2.0656,376.1532159
2.0658,376.3866815
2.066,376.4382662
2.0662,376.3686047
2.0664,376.4808066
2.0666,376.2899092
2.0668,376.2808722
2.067,376.63553
2.0672,376.3234126
2.0674,376.4356
2.0676,376.4265587
2.0678,376.9630072
2.068,376.7721271
2.0682,376.9448983
2.0684,376.8752383
2.0686,377.0479978
2.0688,377.1601459
2.069,376.9086806
2.0692,376.7784266
2.0694,376.7693751
2.0696,376.6997267
2.0698,377.0542492
2.07,377.3481602
2.0702,377.3390942
2.0704,377.5723923
2.0706,377.6844997
2.0708,378.0995419
2.071,378.5145638
2.0712,378.6266391
2.0714,378.3752058
2.0716,378.3661135
2.0718,378.6599256
2.072,378.7719849
2.0722,378.8840383
2.0724,378.996086
2.0726,378.7446775
2.0728,378.8567222
2.073,379.1504775
2.0732,379.1413648
2.0734,379.3139598
2.0736,378.9414362
2.0738,378.6900627
2.074,378.8020899
2.0742,378.6718577
2.0744,378.5416314
2.0746,378.2902898
2.0748,378.03896
2.075,378.0298721
2.0752,378.2630086
2.0754,378.3750242
2.0756,378.1237147
2.0758,377.7513134
2.076,377.4394798
2.0762,377.2487585
2.0764,377.542425
2.0766,376.9278879
2.0768,376.8582803
2.077,376.6070465
2.0772,376.537449
2.0774,376.5283946
2.0776,376.4588015
2.0778,376.5102858
2.078,376.3801599
2.0782,375.9473684
2.0784,375.9383271
2.0786,375.4450348
2.0788,375.6781248
2.079,375.3059185
2.0792,375.1758377
2.0794,375.287865
2.0796,375.2788382
2.0798,375.3908567
2.08,375.381827
2.0802,375.4333171
2.0804,375.3637677
2.0806,375.0521539
2.0808,374.8010701
2.081,374.8525674
2.0812,374.4199622
2.0814,374.0478884
2.0816,373.9178703
2.0818,374.0298902
2.082,374.1419044
2.0822,374.2539127
2.0824,374.4869226
2.0826,374.2359028
2.0828,374.7109043
2.083,374.7018877
2.0832,374.753369
2.0834,374.8048474
2.0836,374.614343
2.0838,374.968289
2.084,375.2012334
2.0842,375.6761286
2.0844,375.9090439
2.0846,375.8999967
2.0848,375.7699771
2.085,375.8819024
2.0852,376.2962386
2.0854,376.5291087
2.0856,376.3990847
2.0858,376.1481086
2.086,375.9576217
2.0862,376.0695237
2.0864,376.1814199
2.0866,376.0514178
2.0868,375.9214214
2.087,375.7309607
2.0872,375.5405088
2.0874,375.8338039
2.0876,375.9456871
2.0878,375.8761711
2.088,375.927584
2.0882,375.5557635
2.0884,375.909481
2.0886,376.0213466
2.0888,376.1936636
2.089,376.2450605
2.0892,376.3569086
2.0894,376.1664872
2.0896,376.4596849
2.0898,376.5715186
2.09,376.5624496
2.0902,376.5533806
2.0904,376.3629752
2.0906,376.6561307
2.0908,377.0701567
2.091,376.9401924
2.0912,377.1728719
2.0914,376.9220341
2.0916,376.9129549
2.0918,376.6016993
2.092,376.713495
2.0922,376.1605288
2.0924,375.9097434
2.0926,375.6589697
2.0928,375.2873516
2.093,375.2783103
2.0932,375.0275686
2.0934,375.1393804
2.0936,374.828231
2.0938,375.0608828
2.094,375.0518459
2.0942,374.9823911
2.0944,374.7316901
2.0946,374.1789263
2.0948,373.7470155
2.095,373.4359492
2.0952,373.1248973
2.0954,373.1159055
2.0956,373.0465061
2.0958,373.0979219
2.096,372.8473112
2.0962,373.3819545
2.0964,373.7353662
2.0966,374.2095612
2.0968,374.2005417
2.097,374.0103299
2.0972,373.6993349
2.0974,373.6299325
2.0976,373.4397469
2.0978,373.6723113
2.098,373.482133
2.0982,373.7750731
2.0984,373.7660623
2.0986,373.5155084
2.0988,374.1103468
2.099,374.1013273
2.0992,374.4545964
2.0994,374.0832884
2.0996,373.8931333
2.0998,373.5218559
2.1,373.6336007
2.1002,373.3227207
2.1004,373.5552094
2.1006,373.5462016
2.1008,373.5371937
2.101,373.8903958
2.1012,374.5454148
2.1014,374.657113
2.1016,374.6480775
2.1018,375.0012169
2.102,374.9921727
2.1022,375.2245668
2.1024,375.4569492
2.1026,375.50825
2.1028,375.6802583
2.103,375.7315504
2.1032,375.6017826
2.1034,375.6530732
2.1036,375.8250597
2.1038,375.8159936
2.104,375.9276205
2.1042,375.7978615
2.1044,375.7887954
2.1046,375.7193872
2.1048,375.7706633
2.105,375.9426148
2.1052,376.1145576
2.1054,376.1054828
2.1056,376.096408
2.1058,376.0873332
2.106,375.8369307
2.1062,375.8881921
2.1064,375.4568186
2.1066,375.2667757
2.1068,375.2577198
2.107,375.0073653
2.1072,375.4205776
2.1074,374.7479782
2.1076,374.9802151
2.1078,374.9711651
2.108,375.1430671
2.1082,374.9530649
2.1084,374.823386
2.1086,374.9952778
2.1088,374.6846686
2.109,374.7359344
2.1092,374.5459629
2.1094,374.4163072
2.1096,374.4072688
2.1098,374.5791431
2.11,374.6304032
2.1102,374.6213589
2.1104,374.9138142
2.1106,374.6032704
2.1108,374.8354142
2.111,374.585182
2.1112,374.4555497
2.1114,374.1450452
2.1116,374.07572
2.1118,373.5843698
2.112,373.0327546
2.1122,373.1443203
2.1124,373.0147389
2.1126,373.3071505
2.1128,373.4187002
2.113,373.5905251
2.1132,373.8226208
2.1134,373.9944267
2.1136,373.8045643
2.1138,373.4941603
2.114,373.0632235
2.1142,372.8131238
2.1144,372.4424942
2.1146,372.433498
2.1148,372.6053054
2.115,372.7168377
2.1152,373.009159
2.1154,373.1206753
2.1156,370.7011797
2.1158,374.4283809
2.116,374.6603717
2.1162,374.5308048
2.1164,374.4012438
2.1166,374.5729624
2.1168,373.9613793
2.117,374.0728475
2.1172,373.9433083
2.1174,373.9342728
2.1176,373.6842473
2.1178,374.3379239
2.118,375.0518132
2.1182,375.8259106
2.1184,375.8168285
2.1186,375.9282268
2.1188,375.8589031
2.119,375.9100568
2.1192,375.7805001
2.1194,375.7714181
2.1196,375.4611713
2.1198,375.391865
2.12,375.5032517
2.1202,375.976004
2.1204,376.3282787
2.1206,376.499859
2.1208,376.791879
2.121,376.7225479
2.1212,371.2935256
2.1214,377.0656532
2.1216,377.0565377
2.1218,376.6861206
2.122,376.7372292
2.1222,376.7883349
2.1224,377.1405005
2.1226,377.4926486
2.1228,377.3631021
2.123,377.3539778
2.1232,377.22444
2.1234,377.4561397
2.1236,377.5674201
2.1238,377.3174805
2.124,376.9471508
2.1242,376.8778358
2.1244,376.6881277
2.1246,376.9198041
2.1248,376.7902983
2.125,376.9015729
2.1252,376.772073
2.1254,376.7629604
2.1256,376.6334692
2.1258,376.443796
2.126,376.314318
2.1262,375.6431817
2.1264,375.3331781
2.1266,375.4444629
2.1268,373.3892431
2.127,375.5466568
2.1272,375.1163286
2.1274,375.1072537
2.1276,374.676956
2.1278,374.7882379
2.128,374.4783114
2.1282,374.5294215
2.1284,374.0390088
2.1286,374.0299588
2.1288,373.7802448
2.129,373.4703781
2.1292,373.3410151
2.1294,372.9108499
2.1296,372.9619861
2.1298,372.53185
2.13,372.3423632
2.1302,372.453664
2.1304,372.3243417
2.1306,372.0747195
2.1308,371.7048062
2.131,371.5153601
2.1312,371.5063683
2.1314,371.6778176
2.1316,371.5485302
2.1318,371.7801134
2.132,371.831257
2.1322,372.0026801
2.1324,375.9027594
2.1326,371.9846702
2.1328,371.6749811
2.133,371.9666604
2.1332,372.0779233
2.1334,372.0689155
2.1336,372.1200386
2.1338,372.1711589
2.134,372.4026606
2.1342,372.8145306
2.1344,373.0460047
2.1346,373.2774671
2.1348,373.1481841
2.135,373.3195111
2.1352,373.1902324
2.1354,373.5419029
2.1356,373.8334396
2.1358,374.0047316
2.136,373.7552201
2.1362,374.046729
2.1364,374.3382235
2.1366,374.9903584
2.1368,374.9812763
2.137,375.2126194
2.1372,375.2636363
2.1374,375.434857
2.1376,375.5459671
2.1378,375.3565691
2.138,379.7347035
2.1382,375.5186771
2.1384,375.2091001
2.1386,375.3802946
2.1388,375.4913872
2.139,375.8428408
2.1392,376.0140062
2.1394,376.0649853
2.1396,376.1159614
2.1398,376.2270206
2.14,376.3981583
2.1402,376.6894533
2.1404,376.6803261
2.1406,376.8514391
2.1408,375.8810496
2.141,376.5327901
2.1412,376.6438172
2.1414,376.2742445
2.1416,376.5054172
2.1418,376.1358648
2.142,376.0066095
2.1422,376.0575653
2.1424,376.2286521
2.1426,376.2795991
2.1428,376.090287
2.143,375.7808584
2.1432,375.6516278
2.1434,375.7025821
2.1436,377.9156299
2.1438,375.6243117
2.144,375.374985
2.1442,375.12567
2.1444,375.1165763
2.1446,375.0474316
2.1448,374.9182403
2.145,374.6089107
2.1452,374.4797354
2.1454,374.2905209
2.1456,374.5816644
2.1458,374.1522868
2.146,374.2032557
2.1462,374.4343396
2.1464,373.3445791
2.1466,373.93589
2.1468,373.8667876
2.147,373.9777885
2.1472,373.5484953
2.1474,373.2392836
2.1476,373.2302321
2.1478,372.9210423
2.148,372.6118671
2.1482,372.7829044
2.1484,372.6538165
2.1486,372.7047999
2.1488,372.6357396
2.149,372.5066634
2.1492,373.6979772
2.1494,372.8486884
2.1496,372.599586
2.1498,372.4705214
2.15,372.3414626
2.1502,372.33243
2.1504,372.2033799
2.1506,372.6744085
2.1508,372.7853787
2.151,372.8963432
2.1512,373.4273223
2.1514,373.418262
2.1516,374.1292018
2.1518,374.1201241
2.152,374.2310405
2.1522,374.041973
2.1524,374.0928909
2.1526,374.2637913
2.1528,374.3746918
2.153,374.4255966
2.1532,374.7164519
2.1534,374.5273975
2.1536,375.0581771
2.1538,375.2290266
2.154,375.2799023
2.1542,374.8509265
2.1544,374.901808
2.1546,375.2525774
2.1548,375.0035623
2.155,374.2747568
2.1552,374.205698
2.1554,374.2565868
2.1556,374.2475018
2.1558,374.0585085
2.156,374.5291716
2.1562,374.4001463
2.1564,374.5709521
2.1566,374.5618584
2.1568,374.3728782
2.157,374.3637889
2.1572,374.234781
2.1574,374.2256946
2.1576,374.3964771
2.1578,374.027657
2.158,374.2583886
2.1582,374.3692046
2.1584,374.4200643
2.1586,374.5308701
2.1588,374.8215129
2.159,374.8124104
2.1592,374.8033079
2.1594,374.8541487
2.1596,374.785103
2.1598,374.7160602
2.16,374.2274483
2.1602,374.1584216
2.1604,373.4900383
2.1606,373.6008354
2.1608,373.2920954
2.161,373.1032331
2.1612,372.6746591
2.1614,372.3060341
2.1616,372.0572811
2.1618,371.8085397
2.162,371.6197342
2.1622,371.610706
2.1624,371.3020708
2.1626,371.2930499
2.1628,371.164192
2.163,371.3948421
2.1632,371.3858182
2.1634,370.5979109
2.1636,370.9483819
2.1638,370.4600787
2.164,370.3312572
2.1642,370.0227167
2.1644,369.7740975
2.1646,369.6453008
2.1648,369.7561255
2.165,370.1664567
2.1652,370.1574605
2.1654,370.0885648
2.1656,369.9597739
2.1658,370.3700585
2.166,370.3610565
2.1662,370.4718419
2.1664,370.3430524
2.1666,370.3340504
2.1668,370.3250484
2.167,370.4957101
2.1672,370.5465902
2.1674,370.4178123
2.1676,370.1692733
2.1678,370.2201562
2.168,370.2710363
2.1682,370.0823968
2.1684,369.9536437
2.1686,369.6452677
2.1688,369.6362802
2.169,369.148306
2.1692,369.3189458
2.1694,369.489577
2.1696,369.8996753
2.1698,369.950548
2.17,370.12115
2.1702,370.5312017
2.1704,371.0609594
2.1706,371.2913823
2.1708,371.7612346
2.171,371.8719107
2.1712,371.9825812
2.1714,371.973534
2.1716,372.1440501
2.1718,372.1948516
2.172,371.9463926
2.1722,371.7577953
2.1724,371.8086011
2.1726,371.6200155
2.1728,371.910204
2.173,372.0806895
2.1732,372.3708519
2.1734,372.1822691
2.1736,372.2928944
2.1738,372.0444834
2.174,372.0952689
2.1742,371.7870384
2.1744,371.7181587
2.1746,371.2902865
2.1748,371.3410836
2.175,370.97307
2.1752,371.0836997
2.1754,370.835363
2.1756,370.8263391
2.1758,370.936963
2.176,370.8082914
2.1762,371.0983722
2.1764,371.0295216
2.1766,370.9008559
2.1768,370.6525628
2.177,370.703357
2.1772,370.7541483
2.1774,370.4460634
2.1776,370.5566683
2.1778,370.6074581
2.178,370.7778607
2.1782,370.709029
2.1784,371.1784445
2.1786,371.2890159
2.1788,370.8015614
2.179,370.6729336
2.1792,370.7237088
2.1794,370.5352906
2.1796,369.988104
2.1798,369.6801225
2.18,369.4917421
2.1802,369.123995
2.1804,368.875846
2.1806,368.5679199
2.1808,368.3795832
2.181,368.1912552
2.1812,367.6442287
2.1814,368.0537578
2.1816,368.1045767
2.1818,368.2151729
2.182,368.2062058
2.1822,368.257016
2.1824,368.06872
2.1826,367.9999815
2.1828,368.2898833
2.183,368.2809133
2.1832,368.2121733
2.1834,368.3227418
2.1836,368.1942362
2.1838,368.5438614
2.184,368.7739407
2.1842,369.0040085
2.1844,368.875497
2.1846,368.7469915
2.1848,368.9770417
2.185,369.0875665
2.1852,369.3773518
2.1854,369.2488448
2.1856,369.0008385
2.1858,368.9320971
2.186,369.0426074
2.1862,369.3921044
2.1864,369.3233572
2.1866,369.1351224
2.1868,368.767665
2.187,368.8781636
2.1872,368.9886564
2.1874,369.039404
2.1876,369.0304107
2.1878,368.961681
2.188,369.2513643
2.1882,369.6007667
2.1884,370.0696159
2.1886,370.0605965
2.1888,369.8723893
2.189,369.8036464
2.1892,370.033538
2.1894,370.0245185
2.1896,369.8960522
2.1898,369.6481479
2.19,369.6391371
2.1902,369.9287215
2.1904,370.2780089
2.1906,370.3286983
2.1908,370.3793847
2.191,370.1315022
2.1912,370.1224784
2.1914,370.1731648
2.1916,369.985013
2.1918,369.8565773
2.192,369.6087355
2.1922,369.181792
2.1924,369.232493
2.1926,369.0443849
2.1928,369.2741862
2.193,369.4442772
2.1932,369.4352679
2.1934,369.4262586
2.1936,369.4769436
2.1938,369.7067041
2.194,369.3395393
2.1942,369.4499113
2.1944,368.9633929
2.1946,369.0737678
2.1948,369.0647658
2.195,368.8170274
2.1952,369.166127
2.1954,369.1571221
2.1956,369.1481171
2.1958,369.1391122
2.196,369.6671986
2.1962,369.4791545
2.1964,369.5894886
2.1966,369.2224374
2.1968,369.4521135
2.197,369.0850826
2.1972,368.8374054
2.1974,368.7090731
2.1976,368.3420859
2.1978,368.2734347
2.198,368.1451242
2.1982,368.0764803
2.1984,368.0674987
2.1986,367.8795434
2.1988,367.8705661
2.199,367.622969
2.1992,367.7333046
2.1994,367.1874616
2.1996,366.8205968
2.1998,366.6923459
2.2,366.6237486
2.2002,366.7937392
2.2004,367.0830106
2.2006,367.3126241
2.2008,367.8404353
2.201,368.0700182
2.2012,368.3592285
2.2014,368.2309616
2.2016,368.3412448
2.2018,368.5111568
2.202,368.3828943
2.2022,368.195006
2.2024,368.3052775
2.2026,368.0577706
2.2028,368.704685
2.203,368.5764313
2.2032,368.9251786
2.2034,368.9757937
2.2036,369.1456489
2.2038,369.1366352
2.204,369.1276215
2.2042,369.4166935
2.2044,369.2288255
2.2046,369.2794232
2.2048,369.0915669
2.205,368.9037193
2.2052,369.3119789
2.2054,368.8260923
2.2056,369.0555122
2.2058,369.0464985
2.206,368.8586728
2.2062,369.1476763
2.2064,369.1386598
2.2066,369.0104439
2.2068,368.7034392
2.207,368.6348361
2.2072,368.5066406
2.2074,368.6764201
2.2076,368.6674137
2.2078,369.2543165
2.208,369.3644744
2.2082,369.3554506
2.2084,369.5847729
2.2086,369.8140836
2.2088,370.2817171
2.209,369.915177
2.2092,369.8465578
2.2094,369.6587831
2.2096,369.6497505
2.2098,369.8790233
2.21,369.8699849
2.2102,369.801373
2.2104,369.7327641
2.2106,369.6045875
2.2108,369.8934003
2.211,369.1099814
2.2112,369.5774898
2.2114,369.2110689
2.2116,369.0233553
2.2118,369.0143358
2.212,368.6479542
2.2122,368.5198257
2.2124,368.1534733
2.2126,367.5489144
2.2128,367.7185934
2.213,367.6500514
2.2132,367.5815123
2.2134,367.5129762
2.2136,367.4444429
2.2138,367.4354599
2.214,367.4860225
2.2142,367.7747596
2.2144,367.4085106
2.2146,367.3399861
2.2148,367.1523845
2.215,366.7861762
2.2152,366.5985965
2.2154,366.7682392
2.2156,366.4615999
2.2158,366.571704
2.216,366.5627399
2.2162,366.732365
2.2164,366.6043398
2.2166,366.5358474
2.2168,366.4078324
2.217,366.2202993
2.2172,365.9137299
2.2174,365.5476541
2.2176,365.5982328
2.2178,365.7083267
2.218,365.4017981
2.2182,365.3928602
2.2184,365.2053809
2.2186,365.4940088
2.2188,365.485068
2.219,365.4166177
2.2192,365.4076783
2.2194,365.5772583
2.2196,365.2112844
2.2198,365.4403636
2.22,365.550427
2.2202,365.6009838
2.2204,365.8895346
2.2206,366.0590753
2.2208,366.585585
2.221,367.0525737
2.2212,367.4600457
2.2214,367.5700377
2.2216,367.6205334
2.2218,368.2064273
2.222,368.0784414
2.2222,368.6642946
2.2224,368.5957875
2.2226,368.1109011
2.2228,368.280337
2.223,368.4497641
2.2232,368.3812673
2.2234,368.3127734
2.2236,368.1253305
2.2238,368.1757942
2.224,367.988363
2.2242,368.2172413
2.2244,367.9703473
2.2246,367.9613395
2.2248,367.5955286
2.225,367.4675981
2.2252,367.6964589
2.2254,367.6874569
2.2256,367.4406095
2.2258,367.4316133
2.226,367.541534
2.2262,367.7703628
2.2264,367.99918
2.2266,368.2874396
2.2268,367.9811585
2.227,368.2099523
2.2272,368.3792849
2.2274,368.4891604
2.2276,368.4801366
2.2278,368.9466754
2.228,368.5215327
2.2282,368.2152953
2.2284,368.0279544
2.2286,367.7811827
2.2288,367.7721748
2.229,367.6442938
2.2292,367.5164185
2.2294,367.3885492
2.2296,367.37955
2.2298,367.4894125
2.23,367.5992691
2.2302,367.4714085
2.2304,367.2247008
2.2306,366.2054804
2.2308,366.7313204
2.231,366.3658036
2.2312,366.0597249
2.2314,365.5159842
2.2316,365.2099404
2.2318,364.6662463
2.232,364.716726
2.2322,364.7077895
2.2324,364.7582648
2.2326,364.8681476
2.2328,364.9186157
2.233,365.4443407
2.2332,365.7324154
2.2334,366.1392847
2.2336,365.8926994
2.2338,365.6461256
2.234,365.3995636
2.2342,365.2718106
2.2344,365.6192419
2.2346,365.3133014
2.2348,365.0667699
2.235,365.0578218
2.2352,365.1082651
2.2354,365.5744356
2.2356,365.4466972
2.2358,365.4377389
2.236,365.5475518
2.2362,359.422019
2.2364,365.5296293
2.2366,365.5800493
2.2368,365.5117068
2.237,365.3839888
2.2372,365.3750305
2.2374,365.484823
2.2376,365.5352358
2.2378,365.5856456
2.238,365.8735369
2.2382,365.8645654
2.2384,366.0930667
2.2386,366.2028229
2.2388,366.0157469
2.239,366.4223177
2.2392,366.4133317
2.2394,366.4043457
2.2396,366.5140786
2.2398,366.6831636
2.24,366.8522399
2.2402,366.7838872
2.2404,366.8935983
2.2406,367.0033035
2.2408,366.8756
2.241,366.5105054
2.2412,366.7389062
2.2414,366.9672954
2.2416,366.9582934
2.2418,366.8306045
2.242,366.8216054
2.2422,366.6939253
2.2424,366.7442681
2.2426,366.7946081
2.2428,366.9636174
2.243,366.7172752
2.2432,366.4709446
2.2434,366.5212845
2.2436,366.096979
2.2438,365.9693381
2.244,365.7823757
2.2442,365.595422
2.2444,366.0017221
2.2446,365.9334174
2.2448,366.3396884
2.245,366.5679785
2.2452,366.8555757
2.2454,366.7279378
2.2456,367.0155161
2.2458,366.769251
2.246,366.6416233
2.2462,366.3360672
2.2464,365.9119057
2.2466,365.7249986
2.2468,365.7160213
2.247,365.7663497
2.2472,365.3422421
2.2474,369.128644
2.2476,365.2057026
2.2478,365.196737
2.248,365.0098765
2.2482,365.1195089
2.2484,364.8733632
2.2486,364.0935837
2.2488,364.0846443
2.249,363.6013768
2.2492,363.9481864
2.2494,363.6428093
2.2496,363.81174
2.2498,363.6842361
2.25,363.8531566
2.2502,363.9035038
2.2504,363.7760057
2.2506,363.5299546
2.2508,363.1653593
2.251,362.9786109
2.2512,362.6733212
2.2514,363.0200551
2.2516,362.8333227
2.2518,363.1207641
2.252,363.4674602
2.2522,363.5770679
2.2524,364.2200661
2.2526,364.5074435
2.2528,364.7948063
2.253,366.622964
2.2532,364.2435398
2.2534,364.0568147
2.2536,363.5145531
2.2538,363.6833906
2.254,363.4966917
2.2542,363.3692547
2.2544,363.4788303
2.2546,364.0624022
2.2548,364.4681986
2.255,364.6369852
2.2552,365.0427466
2.2554,365.3299987
2.2556,365.3802644
2.2558,364.9565951
2.256,365.4215471
2.2562,365.0571352
2.2564,365.1666381
2.2566,365.0391923
2.2568,365.3856263
2.257,365.7320429
2.2572,365.9599793
2.2574,366.2471339
2.2576,366.5935024
2.2578,366.9990804
2.258,366.9900594
2.2582,366.9810385
2.2584,366.7943498
2.2586,367.1998812
2.2588,366.4209985
2.259,366.4712089
2.2592,366.4621996
2.2594,366.8676975
2.2596,366.858678
2.2598,366.6128089
2.26,366.89985
2.2602,367.009248
2.2604,367.5330965
2.2606,367.2280266
2.2608,366.8637662
2.261,366.8547453
2.2612,366.6681177
2.2614,367.0735064
2.2616,366.7684831
2.2618,366.4634744
2.262,366.6320514
2.2622,366.5046449
2.2624,366.7324052
2.2626,366.7233857
2.2628,366.2408417
2.263,365.9950774
2.2632,365.5717618
2.2634,365.4443975
2.2636,365.4354086
2.2638,365.1305033
2.264,365.1807035
2.2642,364.9349989
2.2644,365.2219162
2.2646,365.4496415
2.2648,365.2631231
2.265,365.2541371
2.2652,364.9492856
2.2654,364.9994785
2.2656,364.6354772
2.2658,364.4489996
2.266,364.0850289
2.2662,363.8394073
2.2664,363.9487835
2.2666,364.0581538
2.2668,363.9900341
2.267,364.0402372
2.2672,363.6763276
2.2674,363.7856921
2.2676,363.7767396
2.2678,363.4128621
2.268,363.6405291
2.2682,363.1583695
2.2684,363.0311319
2.2686,362.9630485
2.2688,362.7175273
2.269,362.8268904
2.2692,362.8179597
2.2694,362.9273141
2.2696,363.0366626
2.2698,363.205145
2.27,363.3144804
2.2702,363.42381
2.2704,363.3557281
2.2706,363.2285153
2.2708,363.2195729
2.271,363.2106306
2.2712,363.438206
2.2714,363.3701298
2.2716,363.5976892
2.2718,363.4113615
2.272,363.9345257
2.2722,364.1620531
2.2724,364.0348446
2.2726,364.2623574
2.2728,364.3125052
2.273,364.1853011
2.2732,364.412792
2.2734,364.4038176
2.2736,364.690403
2.2738,364.6223109
2.274,365.2044211
2.2742,365.3727492
2.2744,365.6001746
2.2746,365.709379
2.2748,365.6412679
2.275,365.3958545
2.2752,365.4459542
2.2754,365.2005568
2.2756,365.4279502
2.2758,365.1825644
2.276,365.6463241
2.2762,365.4009441
2.2764,365.8646747
2.2766,365.9738413
2.2768,366.1420907
2.277,366.1921569
2.2772,365.9467915
2.2774,365.7605221
2.2776,365.7515099
2.2778,365.5652535
2.278,365.5562457
2.2782,365.3109239
2.2784,365.53823
2.2786,365.411071
2.2788,365.6974366
2.279,365.8065697
2.2792,365.7975546
2.2794,366.0838881
2.2796,366.133934
2.2798,365.9477097
2.28,365.6433633
2.2802,365.2209038
2.2804,365.2119017
2.2806,365.1438387
2.2808,364.8395404
2.281,364.7714891
2.2812,364.4672141
2.2814,364.281064
2.2816,364.3311375
2.2818,364.1449991
2.282,364.4903267
2.2822,363.9498965
2.2824,363.8818757
2.2826,363.7548114
2.2828,363.5687079
2.283,363.6187873
2.2832,363.3736533
2.2834,363.2466123
2.2836,363.2376554
2.2838,363.1696608
2.284,363.0426329
2.2842,363.0927152
2.2844,362.9066612
2.2846,362.7206159
2.2848,362.5936098
2.285,362.7617544
2.2852,362.9889178
2.2854,363.0389913
2.2856,363.2071111
2.2858,363.1391296
2.286,363.4252812
2.2862,363.416317
2.2864,363.4073529
2.2866,363.2803541
2.2868,363.0943452
2.287,363.0263739
2.2872,362.8993926
2.2874,362.89044
2.2876,362.5274272
2.2878,362.4594749
2.288,362.5095397
2.2882,362.7956243
2.2884,362.9636859
2.2886,362.6007138
2.2888,362.0607553
2.289,362.2288213
2.2892,362.1018866
2.2894,362.2109454
2.2896,361.671048
2.2898,361.9570933
2.29,361.4762206
2.2902,361.8802379
2.2904,362.2842349
2.2906,363.1011289
2.2908,363.4460882
2.291,363.4961035
2.2912,363.6640836
2.2914,364.1859492
2.2916,364.412884
2.2918,364.5808277
2.292,364.3359165
2.2922,364.6218061
2.2924,364.0230544
2.2926,364.8986732
2.2928,365.0076097
2.293,365.2934527
2.2932,365.4023732
2.2934,365.3933523
2.2936,365.4432977
2.2938,365.2573806
2.294,364.9535452
2.2942,364.9445345
2.2944,364.6996815
2.2946,364.6906766
2.2948,364.4458411
2.295,364.2010173
2.2952,364.4867976
2.2954,364.6546569
2.2956,364.6456519
2.2958,364.4008456
2.296,364.1560509
2.2962,364.2649525
2.2964,364.0791183
2.2966,364.2469601
2.2968,363.9432485
2.297,363.9342596
2.2972,363.68951
2.2974,363.857343
2.2976,364.0841046
2.2978,364.2519187
2.298,364.0071837
2.2982,364.2339234
2.2984,364.2838572
2.2986,364.3337881
2.2988,364.4426445
2.299,364.2568599
2.2992,364.0121583
2.2994,363.8263926
2.2996,363.6995583
2.2998,363.8084148
2.3,363.5637467
2.3002,363.6136819
2.3004,363.5457805
2.3006,363.4189666
2.3008,363.1154166
2.301,362.9297062
2.3012,362.7440045
2.3014,362.4994019
2.3016,362.3137192
2.3018,361.9513251
2.302,362.0012851
2.3022,361.7567233
2.3024,361.7477824
2.3026,361.9155441
2.3028,361.7888001
2.303,361.6620619
2.3032,361.9476049
2.3034,362.0564483
2.3036,361.9297115
2.3038,362.2741176
2.304,362.2651621
2.3042,362.5506528
2.3044,362.6594656
2.3046,362.7682725
2.3048,362.5826495
2.305,362.5736853
2.3052,362.7413669
2.3054,362.7323984
2.3056,362.9000669
2.3058,363.0088492
2.306,363.2942539
2.3062,362.9908975
2.3064,363.2174145
2.3066,363.5027916
2.3068,363.8470244
2.307,363.6025514
2.3072,363.5346922
2.3074,363.1725063
2.3076,363.3401181
2.3078,363.2134061
2.308,363.3221461
2.3082,363.5486005
2.3084,363.5396086
2.3086,363.3540452
2.3088,363.5804807
2.309,363.9246131
2.3092,364.562992
2.3094,363.8477577
2.3096,364.0153068
2.3098,363.888605
2.31,364.0561439
2.3102,364.0471376
2.3104,364.3323516
2.3106,364.4410232
2.3108,364.7262125
2.311,364.7171886
2.3112,364.9435178
2.3114,365.1698353
2.3116,365.3373059
2.3118,365.0340965
2.312,364.9073991
2.3122,364.6630455
2.3124,364.5363626
2.3126,364.3508574
2.3128,364.165361
2.313,363.9798733
2.3132,363.9708655
2.3134,363.7853909
2.3136,363.894029
2.3138,363.9438419
2.314,363.7583805
2.3142,363.5729277
2.3144,363.9756334
2.3146,364.0254376
2.3148,363.8399907
2.315,363.5369313
2.3152,363.5279322
2.3154,363.7541638
2.3156,363.9803838
2.3158,364.0889826
2.316,364.1387723
2.3162,364.0709553
2.3164,363.7679396
2.3166,363.7001342
2.3168,363.6911293
2.317,363.2705521
2.3172,363.0851736
2.3174,362.4882519
2.3176,362.3029011
2.3178,362.4703003
2.318,362.4025357
2.3182,362.3935614
2.3184,362.2082295
2.3186,362.3756127
2.3188,362.5429871
2.319,362.3576639
2.3192,361.9960094
2.3194,361.693151
2.3196,361.2727528
2.3198,360.9699263
2.32,360.9609855
2.3202,361.1283628
2.3204,361.0606463
2.3206,360.9929327
2.3208,361.0427587
2.321,361.5039503
2.3212,361.4949949
2.3214,361.3685115
2.3216,361.3595589
2.3218,361.2918453
2.322,361.1066153
2.3222,361.215185
2.3224,361.0299652
2.3226,361.3147963
2.3228,361.24709
2.323,361.3556437
2.3232,360.2891733
2.3234,361.7489819
2.3236,361.6225217
2.3238,361.6135605
2.324,361.7808345
2.3242,361.8893561
2.3244,361.4691923
2.3246,361.460234
2.3248,361.3337971
2.325,361.5010551
2.3252,361.6683044
2.3254,361.4244006
2.3256,361.8853098
2.3258,362.1699997
2.326,362.5134056
2.3262,362.6806069
2.3264,362.906527
2.3266,362.8975308
2.3268,362.8298099
2.327,362.9382616
2.3272,363.3403165
2.3274,363.390029
2.3276,363.3223008
2.3278,363.4894453
2.328,363.715297
2.3282,364.058566
2.3284,363.9321131
2.3286,364.0405125
2.3288,357.9843406
2.329,363.7876242
2.3292,364.1308466
2.3294,364.121817
2.3296,364.2301959
2.3298,364.1037576
2.33,363.8599223
2.3302,363.9095984
2.3304,364.0179701
2.3306,363.9502448
2.3308,363.8238269
2.331,363.2865558
2.3312,363.277545
2.3314,363.2685343
2.3316,363.2595235
2.3318,363.4265777
2.332,363.3588757
2.3322,363.4672329
2.3324,363.4582163
2.3326,363.5078822
2.3328,363.6162262
2.333,363.1964483
2.3332,363.1287594
2.3334,362.8850434
2.3336,362.8173647
2.3338,362.5736677
2.334,362.5646715
2.3342,362.673017
2.3344,358.6158304
2.3346,362.7136867
2.3348,362.8806856
2.335,362.9890107
2.3352,362.9800028
2.3354,363.0883192
2.3356,363.0793085
2.3358,362.8943201
2.336,362.4747096
2.3362,362.2310882
2.3364,361.6355496
2.3366,361.2746536
2.3368,361.2070346
2.337,361.1980689
2.3372,361.0718053
2.3374,360.8869
2.3376,360.9952338
2.3378,360.9276279
2.338,360.9773113
2.3382,360.8510666
2.3384,360.6075472
2.3386,360.3640394
2.3388,360.2964553
2.339,360.346146
2.3392,360.689006
2.3394,360.5627846
2.3396,360.7297266
2.3398,361.0725502
2.34,365.4607312
2.3402,361.8753993
2.3404,361.925039
2.3406,362.1505486
2.3408,362.2001781
2.341,362.0153193
2.3412,362.2408085
2.3414,362.2318123
2.3416,362.34005
2.3418,361.9793578
2.342,361.7945253
2.3422,361.9027645
2.3424,362.1282202
2.3426,362.1192254
2.3428,361.4069318
2.343,362.0426292
2.3432,362.1508465
2.3434,362.2004542
2.3436,362.1914566
2.3438,362.006656
2.344,361.7632647
2.3442,361.6956792
2.3444,361.5109034
2.3446,361.4433266
2.3448,361.4929401
2.345,361.1324051
2.3452,361.182023
2.3454,361.1144593
2.3456,363.2732372
2.3458,361.1550999
2.346,360.7946159
2.3462,360.9028173
2.3464,360.7766847
2.3466,360.8262996
2.3468,360.8173325
2.347,360.8083654
2.3472,360.7408222
2.3474,360.7318565
2.3476,360.8986108
2.3478,360.831069
2.348,360.9978116
2.3482,360.9888387
2.3484,361.0384333
2.3486,360.7951948
2.3488,360.6690972
2.349,360.7772578
2.3492,360.7682892
2.3494,360.8764411
2.3496,360.6332347
2.3498,360.3314826
2.35,360.1468568
2.3502,360.0207941
2.3504,360.011843
2.3506,359.9443405
2.3508,359.8768408
2.351,359.4580528
2.3512,359.9174916
2.3514,359.3230856
2.3516,359.4312389
2.3518,359.8321001
2.352,359.4719043
2.3522,359.6385843
2.3524,359.7467173
2.3526,359.9133813
2.3528,360.2556429
2.353,360.4808191
2.3532,360.4133209
2.3534,360.1117013
2.3536,360.0442148
2.3538,359.8011467
2.354,360.2018841
2.3542,359.900298
2.3544,359.8328217
2.3546,359.7068259
2.3548,359.9904822
2.355,359.9230074
2.3552,359.9725714
2.3554,360.3147151
2.3556,360.1302057
2.3558,360.2967867
2.356,360.2878226
2.3562,360.5129012
2.3564,360.5039312
2.3566,360.6704846
2.3568,360.7785229
2.357,360.5355261
2.3572,360.7020649
2.3574,360.5760852
2.3576,360.4501113
2.3578,360.2071451
2.358,360.3151761
2.3582,360.0722244
2.3584,360.1802526
2.3586,360.2297816
2.3588,360.3377996
2.359,360.2118504
2.3592,360.1443959
2.3594,360.603331
2.3596,360.769813
2.3598,360.8193173
2.36,360.6348866
2.3602,360.9767988
2.3604,361.0262929
2.3606,361.1342628
2.3608,361.3007041
2.361,360.882379
2.3612,360.8733945
2.3614,360.5720457
2.3616,360.796954
2.3618,360.671031
2.362,360.4281769
2.3622,360.0099334
2.3624,360.1763659
2.3626,359.992005
2.3628,359.9830409
2.363,359.8571543
2.3632,359.4974346
2.3634,359.1961906
2.3636,359.0118748
2.3638,358.8860232
2.364,358.8770852
2.3642,358.8096948
2.3644,358.6838563
2.3646,358.6164731
2.3648,359.0751258
2.365,359.1246286
2.3652,359.4079094
2.3654,358.9898507
2.3656,359.2731198
2.3658,359.4394926
2.366,359.2552205
2.3662,359.3631467
2.3664,359.1204484
2.3666,359.1115017
2.3668,358.8688208
2.367,358.8014479
2.3672,358.9678004
2.3674,358.6082815
2.3676,358.7746296
2.3678,358.7072639
2.368,358.8736004
2.3682,358.689388
2.3684,358.7972938
2.3686,358.8467734
2.3688,358.954669
2.369,358.8873063
2.3692,358.8783625
2.3694,359.1030772
2.3696,359.4446065
2.3698,359.3772365
2.37,359.4851001
2.3702,359.4177315
2.3704,358.9999218
2.3706,358.815756
2.3708,358.6900034
2.371,358.3890476
2.3712,357.9713034
2.3714,358.0207801
2.3716,358.3622468
2.3718,358.7620933
2.372,359.0451279
2.3722,359.3281481
2.3724,359.5527608
2.3726,359.8357533
2.3728,359.5348325
2.373,359.4674799
2.3732,359.0498085
2.3734,358.9824705
2.3736,358.9151354
2.3738,358.9061858
2.374,359.0723796
2.3742,358.9466662
2.3744,359.3463627
2.3746,359.2206479
2.3748,359.4451908
2.375,359.3194789
2.3752,358.9602833
2.3754,358.8345889
2.3756,358.7672698
2.3758,358.5248495
2.376,358.4575406
2.3762,358.6236951
2.3764,358.3229315
2.3766,358.2556314
2.3768,358.5968594
2.377,358.8797106
2.3772,359.1041894
2.3774,358.9785183
2.3776,358.9695629
2.3778,358.6104866
2.378,358.6015399
2.3782,358.3008404
2.3784,357.9418064
2.3786,357.8745281
2.3788,357.6905602
2.379,357.6816354
2.3792,357.9060836
2.3794,357.8388111
2.3796,357.4798397
2.3798,357.587597
2.38,357.4619987
2.3802,356.9280542
2.3804,357.2691541
2.3806,357.0269056
2.3808,356.8430004
2.381,356.6007737
2.3812,356.8251885
2.3814,357.2245734
2.3816,357.5656122
2.3818,357.5566873
2.382,357.6060854
2.3822,357.0722661
2.3824,357.0633528
2.3826,356.5878914
2.3828,356.1707703
2.383,355.8119851
2.3832,355.6864743
2.3834,355.7942199
2.3836,356.3684498
2.3838,356.7094114
2.384,357.2252805
2.3842,357.0997477
2.3844,357.3240533
2.3846,357.5483472
2.3848,357.7726295
2.385,357.0057821
2.3852,357.1717663
2.3854,357.2211454
2.3856,357.2705216
2.3858,357.6113711
2.386,357.8939093
2.3862,358.001556
2.3864,358.1091969
2.3866,358.2168319
2.3868,358.557613
2.387,358.5486576
2.3872,358.2482769
2.3874,358.064478
2.3876,357.9389699
2.3878,357.2889415
2.388,357.5131336
2.3882,357.0379807
2.3884,357.2621669
2.3886,356.9618678
2.3888,357.4191374
2.389,357.5267521
2.3892,357.6926314
2.3894,357.858502
2.3896,357.6164908
2.3898,357.7823541
2.39,357.3655621
2.3902,357.5314225
2.3904,357.5807506
2.3906,357.3970347
2.3908,357.1550686
2.391,357.1461437
2.3912,357.2537308
2.3914,357.5360754
2.3916,357.6436464
2.3918,357.7512115
2.392,357.6840205
2.3922,357.5003352
2.3924,357.8991305
2.3926,357.7736938
2.3928,357.7065072
2.393,357.6975663
2.3932,357.630384
2.3934,357.8544043
2.3936,357.4377898
2.3938,357.4288548
2.394,357.4199197
2.3942,357.1198142
2.3944,357.0526538
2.3946,356.6361092
2.3948,356.3360444
2.395,356.0942225
2.3952,355.7359585
2.3954,355.7270642
2.3956,355.3688265
2.3958,355.5928308
2.396,355.8168234
2.3962,356.1572434
2.3964,355.9736832
2.3966,356.1394315
2.3968,356.3633863
2.397,356.3544745
2.3972,356.2291382
2.3974,355.9873862
2.3976,355.8038551
2.3978,355.9113722
2.398,355.4950256
2.3982,355.8353641
2.3984,355.3608358
2.3986,355.2937453
2.3988,355.9832656
2.399,356.0907595
2.3992,356.0818521
2.3994,356.1893372
2.3996,356.0640373
2.3998,355.7641632
2.4,356.0462225
2.4002,355.9209343
2.4004,355.8538408
2.4006,355.4958127
2.4008,355.6032906
2.401,355.7107626
2.4012,355.4691299
2.4014,355.6929623
2.4016,355.5677018
2.4018,355.966056
2.402,355.3753754
2.4022,355.3664826
2.4024,355.2412409
2.4026,355.1160051
2.4028,355.2234611
2.403,355.3890813
2.4032,355.5546927
2.4034,355.8366297
2.4036,355.9440551
2.4038,356.40046
2.404,356.7986789
2.4042,356.7897482
2.4044,356.8389773
2.4046,356.7718868
2.4048,356.87927
2.405,356.7540254
2.4052,356.8614028
2.4054,356.3872487
2.4056,356.4364778
2.4058,356.7764524
2.406,356.7675202
2.4062,356.7004413
2.4064,356.8078012
2.4066,356.5081485
2.4068,356.789934
2.407,356.5484368
2.4072,356.1906722
2.4074,356.2980292
2.4076,355.6496051
2.4078,355.4081588
2.408,355.7480605
2.4082,355.7972839
2.4084,355.6721121
2.4086,356.0119804
2.4088,356.0611921
2.409,356.5754118
2.4092,356.9152305
2.4094,356.9644146
2.4096,356.6648637
2.4098,356.4234479
2.41,356.4145202
2.4102,356.2893571
2.4104,356.512897
2.4106,356.155278
2.4108,356.0301295
2.411,356.0212105
2.4112,356.1285121
2.4114,356.2939169
2.4116,356.4012054
2.4118,356.2760642
2.412,356.383347
2.4122,356.1420055
2.4124,356.0749804
2.4126,356.0079583
2.4128,355.8247417
2.413,356.1063118
2.4132,355.5745263
2.4134,355.914182
2.4136,355.7890772
2.4138,355.9544354
2.414,355.8874249
2.4142,355.7623288
2.4144,355.5210645
2.4146,355.2217262
2.4148,354.9804866
2.415,354.9715894
2.4152,354.5561235
2.4154,354.7795556
2.4156,354.5964278
2.4158,354.9940774
2.416,355.4497821
2.4162,355.7893155
2.4164,356.0126865
2.4166,356.3521879
2.4168,356.3432543
2.417,356.2762525
2.4172,356.0931204
2.4174,355.9680622
2.4176,355.6688185
2.4178,355.7179632
2.418,355.7090442
2.4182,355.9323627
2.4184,355.9234379
2.4186,355.7984
2.4188,355.731423
2.419,355.5483418
2.4192,355.7716342
2.4194,355.4724589
2.4196,355.405495
2.4198,354.9902476
2.42,354.9232982
2.4202,354.7402622
2.4204,355.0215819
2.4206,355.1868032
2.4208,355.4100562
2.421,355.7493757
2.4212,355.7404522
2.4214,350.79846
2.4216,356.0127787
2.4218,356.1779476
2.422,356.1690125
2.4222,355.9859866
2.4224,356.0350848
2.4226,355.619961
2.4228,355.6110391
2.423,355.7181661
2.4232,356.0573792
2.4234,356.1064672
2.4236,355.9814919
2.4238,355.9725598
2.424,355.9636277
2.4242,355.7226326
2.4244,355.7717206
2.4246,355.4147159
2.4248,354.8836947
2.425,354.5267294
2.4252,354.5178322
2.4254,354.6829559
2.4256,354.7900654
2.4258,354.7231569
2.426,354.5982486
2.4262,354.7053508
2.4264,354.9284466
2.4266,354.5715483
2.4268,354.5626482
2.427,356.2936083
2.4272,354.1968846
2.4274,353.8400387
2.4276,354.1211109
2.4278,354.112221
2.428,353.9293669
2.4282,354.0944411
2.4284,354.2595067
2.4286,354.3085961
2.4288,354.5316293
2.429,354.1168622
2.4292,354.4558468
2.4294,354.4469467
2.4296,354.496023
2.4298,354.1972466
2.43,354.4782199
2.4302,354.2374301
2.4304,354.5183873
2.4306,354.9732374
2.4308,355.1961935
2.431,355.1293067
2.4312,354.7146343
2.4314,354.4738722
2.4316,354.6388548
2.4318,354.571987
2.432,354.4471631
2.4322,354.0905152
2.4324,354.197533
2.4326,358.0715926
2.4328,354.2956448
2.433,354.5185514
2.4332,354.6834961
2.4334,354.6745858
2.4336,354.2600444
2.4338,354.1352526
2.434,354.1842997
2.4342,354.291287
2.4344,354.5141513
2.4346,354.5052439
2.4348,354.6701522
2.435,355.0668002
2.4352,355.5213635
2.4354,355.3965615
2.4356,356.4883529
2.4358,356.4214633
2.436,356.3545766
2.4362,356.1139076
2.4364,356.104958
2.4366,355.8063811
2.4368,355.5078187
2.437,355.4409611
2.4372,355.3161853
2.4374,355.5968529
2.4376,355.6458331
2.4378,355.6948104
2.438,355.9175306
2.4382,355.9085839
2.4384,356.0154619
2.4386,355.5432251
2.4388,355.3605588
2.439,354.8304532
2.4392,354.2424674
2.4394,354.3493716
2.4396,354.2246555
2.4398,354.2157496
2.44,353.9752408
2.4402,354.4295347
2.4404,354.8259076
2.4406,355.1643637
2.4408,355.3291177
2.441,355.7254367
2.4412,355.4270316
2.4414,354.9549694
2.4416,355.0618212
2.4418,355.2844425
2.442,355.1018489
2.4422,354.6298407
2.4424,354.8524546
2.4426,355.1908205
2.4428,355.1240065
2.443,355.1729533
2.4432,355.2218971
2.4434,355.0393342
2.4436,354.7989054
2.4438,354.5006153
2.444,354.6653125
2.4442,354.830001
2.4444,354.6474686
2.4446,354.2334761
2.4448,354.3981616
2.445,354.3892455
2.4452,354.2646036
2.4454,354.197829
2.4456,353.8996175
2.4458,353.8328545
2.446,353.3610952
2.4462,353.467915
2.4464,353.5168748
2.4466,354.0865058
2.4468,353.672637
2.447,353.5480374
2.4472,353.5391402
2.4474,353.7616303
2.4476,353.9262635
2.4478,354.2065758
2.448,354.3133461
2.4482,354.1309054
2.4484,354.0063131
2.4486,354.113079
2.4488,354.2198391
2.449,353.8060766
2.4492,353.2766669
2.4494,353.2677741
2.4496,353.4323738
2.4498,353.5391353
2.45,353.8772027
2.4502,353.752641
2.4504,353.9172101
2.4506,353.9082998
2.4508,354.0728558
2.451,354.0061204
2.4512,353.939388
2.4514,353.5257522
2.4516,353.2855855
2.4518,353.2188749
2.452,353.0365405
2.4522,352.796403
2.4524,352.4984667
2.4526,352.6630168
2.4528,352.7119431
2.453,352.9342848
2.4532,352.9253964
2.4534,352.8009016
2.4536,352.9654212
2.4538,353.0721318
2.454,352.9476413
2.4542,353.0543461
2.4544,352.5830861
2.4546,352.8631771
2.4548,352.7964957
2.455,352.9031917
2.4552,353.0098819
2.4554,353.0587777
2.4556,353.5699679
2.4558,353.6766319
2.456,353.8410743
2.4562,353.7743769
2.4564,353.5921196
2.4566,353.5254309
2.4568,353.4587451
2.457,353.5076161
2.4572,353.2676067
2.4574,353.085383
2.4576,352.9609405
2.4578,353.0675886
2.458,352.8276126
2.4582,352.52988
2.4584,352.3476957
2.4586,352.6854078
2.4588,352.6765193
2.459,352.7253933
2.4592,352.6009815
2.4594,352.8231325
2.4596,352.8142396
2.4598,353.0941297
2.46,352.9119642
2.4602,352.9608222
2.4604,352.7786683
2.4606,352.7120247
2.4608,352.7031333
2.461,352.9252334
2.4612,352.6853506
2.4614,352.4454794
2.4616,352.4943374
2.4618,352.7164185
2.462,352.8807474
2.4622,352.9295893
2.4624,352.862953
2.4626,352.9695282
2.4628,352.6142195
2.463,352.8362614
2.4632,353.1160233
2.4634,353.1648493
2.4636,353.1559433
2.4638,352.8006726
2.464,352.7340493
2.4642,352.7251536
2.4644,352.6585347
2.4646,352.880527
2.4648,352.4675856
2.465,352.5741331
2.4652,352.1612193
2.4654,352.2100525
2.4656,352.2588828
2.4658,352.4808489
2.466,352.1256888
2.4662,352.1168061
2.4664,352.0502149
2.4666,352.3298692
2.4668,352.2055695
2.467,352.1966839
2.4672,351.9569876
2.4674,351.7173028
2.4676,351.5353294
2.4678,351.4687615
2.468,351.5175903
2.4682,351.3356345
2.4684,351.3844633
2.4686,351.6063668
2.4688,351.5398033
2.469,351.7616907
2.4692,351.7528139
2.4694,351.9746839
2.4696,352.1965422
2.4698,352.0146024
2.47,351.8903536
2.4702,351.8237916
2.4704,351.6418736
2.4706,351.4022863
2.4708,351.2780637
2.471,351.153847
2.4712,351.0296361
2.4714,350.9631031
2.4716,350.8389024
2.4718,350.8877152
2.472,351.1671962
2.4722,351.33133
2.4724,351.1494659
2.4726,351.3135909
2.4728,351.3623833
2.473,351.2958518
2.4732,351.1716642
2.4734,351.10514
2.4736,351.153931
2.4738,351.029755
2.474,351.2515042
2.4742,351.4732417
2.4744,351.8102681
2.4746,351.9166817
2.4748,351.7924999
2.475,351.7259699
2.4752,351.8323762
2.4754,352.0540628
2.4756,351.9298883
2.4758,351.8057196
2.476,351.623918
2.4762,351.3268508
2.4764,351.6061556
2.4766,351.6549088
2.4768,351.5307605
2.477,351.406618
2.4772,351.2248514
2.4774,350.985465
2.4776,351.0918524
2.4778,350.8524806
2.478,350.6707446
2.4782,350.6042626
2.4784,350.6530259
2.4786,350.7017863
2.4788,350.7505438
2.479,351.0297657
2.4792,351.1361269
2.4794,350.9544127
2.4796,351.2336069
2.4798,351.1095095
2.48,351.2158562
2.4802,351.0341565
2.4804,350.5644324
2.4806,350.7283886
2.4808,350.8347324
2.481,351.1138771
2.4812,350.9898015
2.4814,350.9809305
2.4816,351.317647
2.4818,351.4239601
2.482,351.5302674
2.4822,351.4637883
2.4824,351.1669439
2.4826,351.1004765
2.4828,350.9764227
2.483,351.0827257
2.4832,351.1314366
2.4834,351.1225598
2.4836,350.8833496
2.4838,350.7593148
2.484,350.923188
2.4842,350.6264207
2.4844,350.5024005
2.4846,350.32081
2.4848,350.2543775
2.485,350.1879479
2.4852,350.5245231
2.4854,350.7459404
2.4856,350.7946396
2.4858,350.9009033
2.486,350.9495953
2.4862,351.2285419
2.4864,351.1045335
2.4866,351.0956537
2.4868,351.144334
2.487,351.0203357
2.4872,351.1841287
2.4874,351.1752461
2.4876,351.6843515
2.4878,351.617903
2.488,351.7241113
2.4882,351.9454136
2.4884,351.8214138
2.4886,351.8125137
2.4888,351.5158861
2.489,351.104185
2.4892,351.0953023
2.4894,350.5685496
2.4896,350.5596801
2.4898,350.2631194
2.49,350.4268675
2.4902,350.4180008
2.4904,350.2940665
2.4906,350.5153324
2.4908,350.5064628
2.491,350.5551228
2.4912,350.6037798
2.4914,350.5949074
2.4916,350.4709847
2.4918,350.2320205
2.492,350.0505902
2.4922,349.8116478
2.4924,349.745275
2.4926,349.7939408
2.4928,349.8426036
2.493,349.9487785
2.4932,349.9399206
2.4934,350.3911588
2.4936,350.5548209
2.4938,350.4884379
2.494,350.3645502
2.4942,350.2406683
2.4944,350.1167922
2.4946,349.7629088
2.4948,349.5240466
2.495,349.1126948
2.4952,348.9313592
2.4954,348.5200424
2.4956,348.856194
2.4958,348.6173826
2.496,348.7235415
2.4962,348.4847447
2.4964,348.4759203
2.4966,348.5820734
2.4968,348.343297
2.497,348.0470465
2.4972,347.9807479
2.4974,347.9144522
2.4976,348.0780852
2.4978,348.1267496
2.498,348.175411
2.4982,348.2815465
2.4984,348.4451519
2.4986,348.7236968
2.4988,348.9447545
2.499,349.3382142
2.4992,349.5017745
2.4994,349.4354526
2.4996,349.5415343
2.4998,349.5326793
2.5,349.8686081
2.5002,350.147057
2.5004,350.195647
2.5006,350.4740726
2.5008,350.6375672
2.501,350.8010532
2.5012,350.9070752
2.5014,350.8981838
2.5016,350.6594832
2.5018,350.6505976
2.502,350.2970157
2.5022,350.3455868
2.5024,350.049476
2.5026,349.98316
2.5028,349.9742905
2.503,350.2526316
2.5032,350.3586361
2.5034,350.3497564
2.5036,350.7429409
2.5038,350.4468695
2.504,350.380552
2.5042,350.2568041
2.5044,350.07563
2.5046,350.0093256
2.5048,350.4024563
2.505,350.1064358
2.5052,350.5569693
2.5054,350.8926303
2.5056,351.2282738
2.5058,351.276791
2.506,351.2678851
2.5062,351.2589792
2.5064,350.9055689
2.5066,350.667008
2.5068,350.2562154
2.507,350.0176822
2.5072,350.0088068
2.5074,349.9425214
2.5076,350.163282
2.5078,350.4988454
2.508,350.7769856
2.5082,351.1125155
2.5084,351.1610139
2.5086,350.8651011
2.5088,350.7414026
2.509,350.5603115
2.5092,350.0922442
2.5094,349.9111778
2.5096,349.6727261
2.5098,349.6638566
2.51,349.5402047
2.5102,349.7035072
2.5104,349.9241893
2.5106,350.0300861
2.5108,350.135977
2.511,350.0123266
2.5112,350.0034469
2.5114,349.7076622
2.5116,349.6987898
2.5118,349.460405
2.512,349.7957981
2.5122,349.9590483
2.5124,349.8927948
2.5126,350.1707777
2.5128,350.6208585
2.513,350.8414387
2.5132,351.0046393
2.5134,351.2251977
2.5136,351.1015545
2.5138,351.0352807
2.514,350.5101133
2.5142,350.3291357
2.5144,350.4349626
2.5146,350.3687107
2.5148,350.3024616
2.515,350.2935702
2.5152,350.6287988
2.5154,350.7919543
2.5156,350.9551011
2.5158,350.8888433
2.516,350.8225884
2.5162,350.6416443
2.5164,350.5753981
2.5166,350.566498
2.5168,350.5575979
2.517,350.2619967
2.5172,350.0237488
2.5174,350.4162229
2.5176,350.694005
2.5178,350.5704317
2.518,350.6188631
2.5182,350.8966176
2.5184,350.7157171
2.5186,350.5348255
2.5188,350.4112697
2.519,350.4596967
2.5192,350.5081208
2.5194,350.1552827
2.5196,349.7451408
2.5198,349.9655375
2.52,349.956649
2.5202,350.0050775
2.5204,350.053503
2.5206,350.0446117
2.5208,350.0357203
2.521,349.7402734
2.5212,349.7313893
2.5214,349.5505807
2.5216,349.4843942
2.5218,349.1316842
2.522,349.1228147
2.5222,348.8847356
2.5224,348.818571
2.5226,348.8670082
2.5228,348.6289525
2.523,348.6200946
2.5232,348.3247612
2.5234,348.2586169
2.5236,348.1924756
2.5238,348.0690464
2.524,347.7737553
2.5242,347.8794934
2.5244,347.9852257
2.5246,347.9190975
2.5248,348.0821059
2.525,348.1305417
2.5252,348.121694
2.5254,348.3419626
2.5256,348.3903867
2.5258,348.6106364
2.526,348.6590503
2.5262,348.4783683
2.5264,348.584054
2.5266,348.5751932
2.5268,349.0817524
2.527,348.9010762
2.5272,348.9494726
2.5274,348.654279
2.5276,348.8172045
2.5278,348.9801212
2.528,348.7422082
2.5282,348.7333415
2.5284,348.6672177
2.5286,348.4293293
2.5288,348.3632157
2.529,348.3543578
2.5292,348.6890084
2.5294,348.5083919
2.5296,348.2705356
2.5298,348.6051615
2.53,348.6535419
2.5302,349.0453842
2.5304,348.8075367
2.5306,348.7414245
2.5308,348.5035958
2.531,348.6092088
2.5312,348.657579
2.5314,348.9348879
2.5316,349.1549483
2.5318,349.3749971
2.532,349.4805722
2.5322,349.5289118
2.5324,349.9206173
2.5326,349.8544891
2.5328,350.1317151
2.533,349.8366889
2.5332,349.4844549
2.5334,349.4755636
2.5336,348.4939426
2.5338,349.2289091
2.534,349.2200235
2.5342,349.1539229
2.5344,348.8589711
2.5346,349.0789426
2.5348,349.0128493
2.535,348.5462946
2.5352,348.3658018
2.5354,348.2997304
2.5356,348.1192521
2.5358,347.995986
2.536,347.8155238
2.5362,347.6350704
2.5364,347.6262227
2.5366,347.6745725
2.5368,347.7229195
2.537,347.6568742
2.5372,347.648025
2.5374,347.7535593
2.5376,347.3443753
2.5378,347.6214776
2.538,347.1551295
2.5382,347.0891061
2.5384,347.08027
2.5386,346.957068
2.5388,347.5200502
2.539,347.2824822
2.5392,347.2736403
2.5394,347.2076213
2.5396,347.0844294
2.5398,346.9040691
2.54,346.8380632
2.5402,346.429032
2.5404,346.2487008
2.5406,346.0112099
2.5408,346.1167326
2.541,346.1650839
2.5412,346.3849245
2.5414,346.5475909
2.5416,346.3101204
2.5418,346.5299391
2.542,346.6354298
2.5422,346.5694442
2.5424,346.4463062
2.5426,345.9230969
2.5428,346.1428953
2.543,346.419833
2.5432,346.6396066
2.5434,347.0879609
2.5436,347.2505588
2.5438,347.5274383
2.544,347.5185847
2.5442,347.7954424
2.5444,348.1294262
2.5446,348.0062781
2.5448,348.2831008
2.545,347.4171807
2.5452,347.7511384
2.5454,347.7422775
2.5456,347.5048886
2.5458,347.7816865
2.546,347.8299534
2.5462,347.9924727
2.5464,348.2692357
2.5466,348.2603604
2.5468,348.4799782
2.547,348.471097
2.5472,348.2908547
2.5474,347.9392642
2.5476,347.8732786
2.5478,347.4645998
2.548,346.9417122
2.5482,346.9328689
2.5484,347.1524722
2.5486,347.2578434
2.5488,347.6487526
2.549,347.8112122
2.5492,347.6310281
2.5494,347.9647921
2.5496,347.6704065
2.5498,348.1183546
2.55,347.8810791
2.5502,347.7009139
2.5504,348.2059227
2.5506,347.5689923
2.5508,347.845601
2.551,347.722546
2.5512,348.1133183
2.5514,348.0473517
2.5516,347.7530344
2.5518,347.6870795
2.552,347.5640419
2.5522,347.4410102
2.5524,346.975489
2.5526,346.4529101
2.5528,346.444074
2.553,346.3781598
2.5532,346.5405553
2.5534,346.6458669
2.5536,346.637025
2.5538,346.6281831
2.554,346.5622704
2.5542,346.3251522
2.5544,346.2592496
2.5546,345.7938842
2.5548,345.5568024
2.555,344.9202869
2.5552,344.7973629
2.5554,344.5032626
2.5556,344.6085917
2.5558,344.7139149
2.556,345.104514
2.5562,345.2668731
2.5564,345.4292236
2.5566,345.3063054
2.5568,345.4115951
2.557,345.516879
2.5572,345.5080619
2.5574,345.3281063
2.5576,344.9770254
2.5578,345.0823078
2.558,345.1875845
2.5582,345.2358149
2.5584,345.4551591
2.5586,345.5033794
2.5588,344.7530933
2.559,345.4287077
2.5592,345.3058245
2.5594,345.1829471
2.5596,345.0600755
2.5598,344.8231524
2.56,344.8713771
2.5602,344.8055473
2.5604,345.0248419
2.5606,344.9590107
2.5608,345.1782894
2.561,345.6256362
2.5612,345.8448857
2.5614,345.9500895
2.5616,346.0552875
2.5618,345.9894374
2.562,345.6955394
2.5622,346.0287794
2.5624,345.9629336
2.5626,345.954099
2.5628,346.0022712
2.563,346.1644513
2.5632,346.3266227
2.5634,346.9448051
2.5636,347.1069474
2.5638,347.0980822
2.564,346.8612246
2.5642,346.5103853
2.5644,346.1595636
2.5646,346.3217029
2.5648,346.1418798
2.565,345.9620654
2.5652,345.6682811
2.5654,345.9443904
2.5656,346.1634987
2.5658,346.6105355
2.566,346.8296147
2.5662,346.8207539
2.5664,346.982835
2.5666,346.6320947
2.5668,346.7371937
2.567,346.5004293
2.5672,346.3206513
2.5674,345.5711485
2.5676,345.6192902
2.5678,345.8383403
2.568,345.7725338
2.5682,345.6497626
2.5684,345.982726
2.5686,346.2587072
2.5688,346.1359317
2.569,346.5827792
2.5692,346.4030405
2.5694,346.5650634
2.5696,346.0435894
2.5698,346.0347446
2.57,345.3424466
2.5702,346.074008
2.5704,346.0082102
2.5706,345.8285152
2.5708,346.1044179
2.571,346.1525173
2.5712,345.9728311
2.5714,346.134819
2.5716,345.7273703
2.5718,345.3199421
2.572,344.7417145
2.5722,344.562085
2.5724,344.4963382
2.5726,344.3736588
2.5728,344.0801831
2.573,344.1283175
2.5732,344.4041735
2.5734,344.5661556
2.5736,344.4434879
2.5738,344.7762401
2.574,344.6535723
2.5742,344.5309104
2.5744,344.2374871
2.5746,344.285604
2.5748,343.9352815
2.575,344.0403209
2.5752,343.8038549
2.5754,344.1365518
2.5756,338.2087275
2.5758,344.3465955
2.576,344.4516086
2.5762,344.8411624
2.5764,344.8323409
2.5766,344.7666131
2.5768,344.6439831
2.577,344.5213591
2.5772,344.0573286
2.5774,343.9347249
2.5776,343.9828244
2.5778,344.0878186
2.578,344.3634956
2.5782,344.2408948
2.5784,344.8579126
2.5786,345.1335473
2.5788,345.2953868
2.579,345.2296618
2.5792,345.1639397
2.5794,345.2688786
2.5796,344.9187352
2.5798,344.8530248
2.58,344.8441989
2.5802,344.8922532
2.5804,344.9971834
2.5806,345.3864941
2.5808,345.6620328
2.581,345.7100594
2.5812,339.729555
2.5814,345.6354896
2.5816,345.6266419
2.5818,345.3903201
2.582,345.3814782
2.5822,345.0314425
2.5824,345.1363378
2.5826,345.3549526
2.5828,345.3461107
2.583,345.5078482
2.5832,345.4421436
2.5834,345.7744402
2.5836,345.1401769
2.5838,345.6998792
2.584,345.6910271
2.5842,345.5684729
2.5844,345.1616764
2.5846,344.8685967
2.5848,344.6892249
2.585,344.5098618
2.5852,345.1263206
2.5854,344.6059006
2.5856,344.6539156
2.5858,344.5882488
2.586,344.8067748
2.5862,345.0252892
2.5864,344.8459465
2.5866,344.9507806
2.5868,342.2140016
2.587,344.5352936
2.5872,344.2991508
2.5874,344.3471586
2.5876,344.5656424
2.5878,344.3863405
2.588,344.3206941
2.5882,344.4823385
2.5884,344.1325896
2.5886,344.2942296
2.5888,344.2285905
2.589,343.9356898
2.5892,343.415545
2.5894,343.2363057
2.5896,343.1706986
2.5898,342.9914738
2.59,342.9258755
2.5902,343.0875097
2.5904,343.1355233
2.5906,343.1267294
2.5908,342.9475265
2.591,342.938737
2.5912,342.8731474
2.5914,342.5803661
2.5916,342.5715854
2.5918,342.0516429
2.592,341.9292867
2.5922,341.8069363
2.5924,346.0007368
2.5926,342.5276817
2.5928,342.7460549
2.593,343.0779904
2.5932,343.1259807
2.5934,343.5714567
2.5936,344.1872575
2.5938,343.5538399
2.594,343.4314721
2.5942,343.0819969
2.5944,342.8460929
2.5946,342.7805266
2.5948,342.9988327
2.595,343.3874447
2.5952,343.5489522
2.5954,344.2213769
2.5956,344.5531581
2.5958,344.544322
2.596,344.7625467
2.5962,344.5266499
2.5964,344.6313384
2.5966,344.5089778
2.5968,344.216345
2.597,344.4913057
2.5972,344.4824696
2.5974,344.3601236
2.5976,344.8053187
2.5978,344.9667301
2.598,349.3276786
2.5982,345.1192793
2.5984,345.2806689
2.5986,345.2150648
2.5988,345.2629531
2.599,345.4810686
2.5992,345.0182698
2.5994,345.5200816
2.5996,345.4544774
2.5998,345.4456137
2.6,345.8906385
2.6002,345.6548247
2.6004,346.0430872
2.6006,345.750549
2.6008,345.0609137
2.601,345.9029905
2.6012,345.6672043
2.6014,346.3390437
2.6016,345.8196356
2.6018,345.3002536
2.602,345.7451634
2.6022,345.5661293
2.6024,345.670697
2.6026,345.6618245
2.6028,345.1992266
2.603,345.0769374
2.6032,344.7845156
2.6034,344.6055311
2.6036,345.6741721
2.6038,344.5311302
2.604,344.2954576
2.6042,344.3433241
2.6044,344.3344837
2.6046,344.5524536
2.6048,344.3168029
2.605,344.4780614
2.6052,344.2424238
2.6054,344.0067978
2.6056,344.2247459
2.6058,343.7623562
2.606,343.5267593
2.6062,343.4045559
2.6064,343.6224953
2.6066,343.5002948
2.6068,343.3781002
2.607,343.5393369
2.6072,343.3037794
2.6074,343.5783732
2.6076,343.4561873
2.6078,343.277328
2.608,342.9284439
2.6082,342.69293
2.6084,342.1740532
2.6086,341.8818964
2.6088,341.7030982
2.609,341.864332
2.6092,341.9122189
2.6094,341.5634294
2.6096,342.007984
2.6098,341.9425327
2.61,342.1037374
2.6102,341.9249625
2.6104,341.9161774
2.6106,341.9640512
2.6108,341.7286348
2.611,341.8898221
2.6112,341.5977643
2.6114,342.0422111
2.6116,341.7501635
2.6118,342.0246322
2.612,342.6389785
2.6122,342.5735258
2.6124,342.3947844
2.6126,342.4992734
2.6128,342.7736853
2.613,342.708234
2.6132,342.6427856
2.6134,342.9171713
2.6136,343.0216312
2.6138,343.1260853
2.614,343.2871677
2.6142,343.334976
2.6144,343.3827814
2.6146,343.4872136
2.6148,343.9880384
2.615,343.6960607
2.6152,343.4607229
2.6154,343.5085167
2.6156,343.3298175
2.6158,343.2643691
2.616,343.425402
2.6162,343.2467173
2.6164,343.2945082
2.6166,343.4555265
2.6168,343.5599224
2.617,343.6077001
2.6172,343.5988641
2.6174,343.590028
2.6176,344.2604873
2.6178,343.6855689
2.618,343.5635198
2.6182,343.4414766
2.6184,343.3760413
2.6186,343.140807
2.6188,343.0187827
2.619,342.953362
2.6192,342.8879442
2.6194,342.8225293
2.6196,343.0400843
2.6198,343.0312598
2.62,343.2487974
2.6202,343.013611
2.6204,343.1179618
2.6206,342.7130316
2.6208,342.3081219
2.621,342.299315
2.6212,341.8944358
2.6214,341.5461573
2.6216,341.5373693
2.6218,341.5851587
2.622,341.6329451
2.6222,341.4544308
2.6224,341.8982283
2.6226,341.8328586
2.6228,341.8240618
2.623,341.8718337
2.6232,341.8630355
2.6234,341.7411059
2.6236,341.7888748
2.6238,341.5538268
2.624,341.7712813
2.6242,341.5928049
2.6244,341.527454
2.6246,341.3489921
2.6248,341.6229833
2.625,341.4445272
2.6252,341.548843
2.6254,341.3703971
2.6256,341.3616091
2.6258,341.126628
2.626,341.1178458
2.6262,341.3917904
2.6264,341.4960887
2.6266,341.3742114
2.6268,341.308881
2.627,341.3566325
2.6272,341.4043811
2.6274,341.3955902
2.6276,341.2171938
2.6278,340.9822724
2.628,341.1996206
2.6282,340.7951185
2.6284,340.6167542
2.6286,340.3818707
2.6288,340.3165781
2.629,340.3643383
2.6292,340.4686192
2.6294,340.2902839
2.6296,340.2815192
2.6298,340.5553502
2.63,340.7161312
2.6302,341.1029685
2.6304,341.3767558
2.6306,341.367962
2.6308,341.41568
2.631,341.1808431
2.6312,341.2285626
2.6314,341.6718316
2.6316,341.4370049
2.6318,341.4282081
2.632,340.9673864
2.6322,341.2976113
2.6324,341.175817
2.6326,341.6190162
2.6328,341.497219
2.633,341.6014111
2.6332,341.6491029
2.6334,341.6402989
2.6336,341.9139522
2.6338,341.9051409
2.634,341.8398411
2.6342,341.4356214
2.6344,341.3138504
2.6346,341.0791168
2.6348,341.0138432
2.635,341.061535
2.6352,341.0527441
2.6354,341.0439531
2.6356,340.8657314
2.6358,340.9134204
2.636,340.7352103
2.6362,341.0087894
2.6364,340.8870563
2.6366,340.9912076
2.6368,340.5871393
2.637,340.5783586
2.6372,340.5695779
2.6374,340.7301886
2.6376,340.7778659
2.6378,340.5432357
2.638,340.8167522
2.6382,340.6385902
2.6384,340.6298065
2.6386,340.5081127
2.6388,340.4428783
2.639,340.2647425
2.6392,340.3688691
2.6394,340.3600912
2.6396,340.1255222
2.6398,340.2860892
2.64,340.5030925
2.6402,340.8894144
2.6404,340.767738
2.6406,340.8153891
2.6408,340.9194763
2.641,340.9106825
2.6412,340.9018886
2.6414,340.7802254
2.6416,340.4892682
2.6418,340.2547574
2.642,340.1331189
2.6422,340.124344
2.6424,340.3412788
2.6426,340.44535
2.6428,340.2108683
2.643,339.9199751
2.6432,339.854783
2.6434,340.0152743
2.6436,340.0065009
2.6438,339.9413102
2.644,339.8197066
2.6442,340.0930092
2.6444,340.3098843
2.6446,340.3575135
2.6448,340.6307796
2.645,340.6219887
2.6452,340.7824189
2.6454,340.9428404
2.6456,341.046849
2.6458,340.9816438
2.646,340.7472378
2.6462,340.6820427
2.6464,340.6732489
2.6466,340.664455
2.6468,340.7120566
2.647,340.6468674
2.6472,340.807251
2.6474,340.8548438
2.6476,340.9588233
2.6478,341.062797
2.648,341.2231515
2.6482,340.9324156
2.6484,340.8108455
2.6486,340.9148104
2.6488,341.0751504
2.649,340.7844465
2.6492,341.0011586
2.6494,340.5977178
2.6496,340.8707976
2.6498,340.7492479
2.65,341.0786809
2.6502,340.9571312
2.6504,341.0610641
2.6506,340.9395202
2.6508,340.7052496
2.651,340.9219092
2.6512,340.9694671
2.6514,341.1297459
2.6516,341.0082137
2.6518,340.9994053
2.652,341.1596696
2.6522,341.2072129
2.6524,341.4238172
2.6526,341.3022908
2.6528,341.237122
2.653,341.171956
2.6532,341.3885371
2.6534,341.0416329
2.6536,340.9201298
2.6538,340.6859436
2.654,340.395426
2.6542,340.0485815
2.6544,339.9834549
2.6546,340.0310084
2.6548,339.9095475
2.655,339.7880925
2.6552,339.6666432
2.6554,339.7141982
2.6556,340.0997383
2.6558,340.0909489
2.656,339.9695025
2.6562,340.0733699
2.6564,339.6139763
2.6566,339.3799022
2.6568,339.0331945
2.657,339.1370736
2.6572,339.3535862
2.6574,339.3448142
2.6576,339.6739429
2.6578,339.8341082
2.658,340.1632063
2.6582,340.1544125
2.6584,340.1456186
2.6586,340.1931343
2.6588,339.9591068
2.659,339.725091
2.6592,339.7163073
2.6594,339.7075237
2.6596,339.69874
2.6598,339.6899564
2.66,339.8500707
2.6602,340.4042613
2.6604,340.3391623
2.6606,340.2740662
2.6608,340.3778536
2.661,340.1438828
2.6612,339.7973426
2.6614,339.6759763
2.6616,339.4983282
2.6618,339.5458337
2.662,339.2556277
2.6622,339.3594194
2.6624,339.3506416
2.6626,339.6795461
2.6628,339.4456438
2.663,339.2117532
2.6632,339.4280823
2.6634,339.4755762
2.6636,339.7481595
2.6638,339.4017401
2.664,339.5054998
2.6642,339.7780599
2.6644,339.9943381
2.6646,340.3231364
2.6648,340.3143309
2.665,340.3055254
2.6652,340.4092428
2.6654,340.0628744
2.6656,339.8290405
2.6658,339.8202467
2.666,339.4176633
2.6662,339.1838629
2.6664,339.0625797
2.6666,339.110056
2.6668,339.0450298
2.667,339.1487517
2.6672,339.4774553
2.6674,339.4686687
2.6676,339.6848581
2.6678,339.4510956
2.668,339.442309
2.6682,339.3772829
2.6684,339.3122596
2.6686,339.1910025
2.6688,339.1822218
2.669,339.0609734
2.6692,338.9959633
2.6694,338.930956
2.6696,339.0908694
2.6698,339.1383181
2.67,338.8484047
2.6702,338.7834062
2.6704,338.4372925
2.6706,338.7658622
2.6708,338.419766
2.671,337.567714
2.6712,338.2335861
2.6714,338.2810435
2.6716,338.3847129
2.6718,338.3759497
2.672,338.5920343
2.6722,338.9205283
2.6724,338.6869142
2.6726,339.0153878
2.6728,338.9504009
2.673,338.6605982
2.6732,338.5394197
2.6734,338.19344
2.6736,338.1284793
2.6738,338.0073227
2.674,337.9985667
2.6742,337.9336148
2.6744,338.0934437
2.6746,338.1970709
2.6748,338.1883091
2.675,338.5728782
2.6752,338.6202949
2.6754,338.2182109
2.6756,338.1532619
2.6758,338.1445001
2.676,338.1919211
2.6762,338.1831578
2.6764,338.2305745
2.6766,338.1656313
2.6768,338.7186383
2.677,338.6536849
2.6772,338.9257791
2.6774,338.9169955
2.6776,338.9643831
2.6778,338.955598
2.678,338.6659714
2.6782,338.7695272
2.6784,338.985408
2.6786,339.0889493
2.6788,338.7993475
2.679,338.5659213
2.6792,338.9502618
2.6794,339.1099495
2.6796,338.9326887
2.6798,338.9239021
2.68,338.8028081
2.6802,338.9624813
2.6804,338.6167883
2.6806,338.9449053
2.6808,338.7676735
2.681,338.5904505
2.6812,338.5255262
2.6814,338.5728919
2.6816,338.6202547
2.6818,338.7798959
2.682,338.7711108
2.6822,338.3693617
2.6824,338.4728593
2.6826,338.6324859
2.6828,338.7921037
2.683,338.7833172
2.6832,338.7745306
2.6834,338.6534861
2.6836,338.9253401
2.6838,338.9165492
2.684,339.0200075
2.6842,339.0673368
2.6844,338.6095679
2.6846,338.3763032
2.6848,338.479763
2.685,338.4709823
2.6852,338.0132745
2.6854,337.7239332
2.6856,337.7151714
2.6858,337.8747442
2.686,337.9781981
2.6862,338.3060806
2.6864,338.5217314
2.6866,338.3446307
2.6868,338.3919556
2.687,338.3831749
2.6872,338.4304955
2.6874,337.9729144
2.6876,337.6836517
2.6878,337.6187915
2.688,337.4417432
2.6882,337.6573619
2.6884,337.0876728
2.6886,337.471562
2.6888,337.4067134
2.689,337.6223089
2.6892,337.6135456
2.6894,337.716953
2.6896,337.5960191
2.6898,337.3629262
2.69,337.3541688
2.6902,337.2893319
2.6904,337.3927319
2.6906,336.8792838
2.6908,336.9266132
2.691,336.6935713
2.6912,336.9091187
2.6914,337.0685837
2.6916,336.7794856
2.6918,336.6586055
2.692,336.3695322
2.6922,336.5289928
2.6924,336.6323813
2.6926,336.7357639
2.6928,336.7270195
2.693,336.8303934
2.6932,337.1019344
2.6934,337.8779666
2.6936,337.7570822
2.6938,337.8043635
2.694,338.0758492
2.6942,338.0670685
2.6944,337.9461899
2.6946,337.8253171
2.6948,337.8165422
2.695,337.6396337
2.6952,337.9110786
2.6954,338.0704257
2.6956,337.9495631
2.6958,338.2209775
2.696,338.3242655
2.6962,338.4835834
2.6964,338.6428927
2.6966,338.2978971
2.6968,338.2891076
2.697,338.3923781
2.6972,338.1594716
2.6974,338.0946579
2.6976,338.1979241
2.6978,338.2451602
2.698,337.9002345
2.6982,338.2275813
2.6984,338.2748116
2.6986,338.3780574
2.6988,338.0891791
2.699,338.4164851
2.6992,338.12762
2.6994,337.8947819
2.6996,337.7739776
2.6998,337.5971694
2.7,337.4763782
2.7002,337.4676062
2.7004,337.7948657
2.7006,337.4500622
2.7008,337.7773042
2.701,337.6005209
2.7012,338.0397398
2.7014,338.0869498
2.7016,337.8541743
2.7018,337.5654154
2.702,337.836607
2.7022,337.7718312
2.7024,337.595077
2.7026,337.4183315
2.7028,337.3535702
2.703,337.1768393
2.7032,337.3360262
2.7034,337.1033206
2.7036,337.4304461
2.7038,337.4776517
2.704,337.4688753
2.7042,337.7399869
2.7044,337.7312032
2.7046,338.0582676
2.7048,337.993502
2.705,337.9847111
2.7052,337.9759202
2.7054,337.9111604
2.7056,338.0702731
2.7058,337.7256836
2.706,337.9407565
2.7062,337.8760025
2.7064,337.867213
2.7066,337.9143837
2.7068,338.0175101
2.707,337.952759
2.7072,338.1677896
2.7074,333.1231056
2.7076,338.4299574
2.7078,338.1973464
2.708,338.3004466
2.7082,338.4035409
2.7084,338.3947354
2.7086,338.6097122
2.7088,338.656845
2.709,338.5361469
2.7092,338.3595135
2.7094,338.1269491
2.7096,338.5656556
2.7098,338.2212234
2.71,338.1564855
2.7102,337.9798826
2.7104,337.859221
2.7106,337.9622892
2.7108,337.9534924
2.711,338.168408
2.7112,338.0477522
2.7114,337.871177
2.7116,337.9742291
2.7118,337.9654309
2.712,337.8447911
2.7122,337.6682378
2.7124,337.6594468
2.7126,337.8743217
2.7128,337.8655249
2.713,341.6029343
2.7132,338.1834038
2.7134,338.2864196
2.7136,338.3894295
2.7138,338.3247105
2.714,338.4836194
2.7142,338.4748052
2.7144,338.3541843
2.7146,338.1217654
2.7148,337.5539557
2.715,337.3215689
2.7152,336.8656038
2.7154,336.57735
2.7156,336.2332162
2.7158,335.9449931
2.716,336.0480263
2.7162,335.7039318
2.7164,335.5834099
2.7166,335.6864432
2.7168,335.6776988
2.717,335.6130701
2.7172,335.4366783
2.7174,335.6514658
2.7176,335.4750813
2.7178,335.4104628
2.718,335.5134785
2.7182,335.3929857
2.7184,335.2166246
2.7186,336.5488367
2.7188,335.0315424
2.719,335.0786824
2.7192,335.0699512
2.7194,334.9494861
2.7196,335.1642197
2.7198,335.2113496
2.72,335.4819268
2.7202,335.3056006
2.7204,335.8554587
2.7206,335.958422
2.7208,335.949666
2.721,336.0526206
2.7212,335.8204464
2.7214,336.0351028
2.7216,336.1380458
2.7218,336.017585
2.722,336.2880662
2.7222,336.1676069
2.7224,336.2705338
2.7226,336.205924
2.7228,336.6438968
2.723,336.8026427
2.7232,336.6821834
2.7234,336.7850812
2.7236,336.7763004
2.7238,337.0466943
2.724,336.9262393
2.7242,339.4298942
2.7244,337.3553135
2.7246,337.8489785
2.7248,337.784341
2.725,337.887185
2.7252,337.9900231
2.7254,338.204502
2.7256,338.5306128
2.7258,338.8008858
2.726,338.9036875
2.7262,339.1181183
2.7264,339.1650895
2.7266,339.6027595
2.7268,339.7055278
2.727,339.1943624
2.7272,339.5761858
2.7274,339.5115192
2.7276,339.2794338
2.7278,339.5496121
2.728,339.3175369
2.7282,339.2528819
2.7284,339.076627
2.7286,338.9003809
2.7288,338.891539
2.729,339.0500883
2.7292,339.2644245
2.7294,338.9766017
2.7296,338.5214153
2.7298,338.7357471
2.73,338.3921695
2.7302,337.992821
2.7304,337.7608535
2.7306,337.7520392
2.7308,337.6316571
2.731,337.3439333
2.7312,337.2793482
2.7314,337.6052232
2.7316,337.2617431
2.7318,337.0856105
2.732,336.9652618
2.7322,336.9006928
2.7324,336.5014927
2.7326,336.7715634
2.7328,336.0377703
2.733,335.9174624
2.7332,335.8529268
2.7334,336.0672193
2.7336,336.0026823
2.7338,335.9381481
2.734,336.1524202
2.7342,335.9763663
2.7344,335.800321
2.7346,335.5127719
2.7348,335.336747
2.735,335.1607309
2.7352,334.7617157
2.7354,334.7529743
2.7356,334.7999819
2.7358,334.7354915
2.736,334.6152578
2.7362,334.5507746
2.7364,334.9322399
2.7366,334.8120092
2.7368,334.8590052
2.737,334.7387817
2.7372,334.451352
2.7374,334.4426164
2.7376,334.6568186
2.7378,334.7595432
2.738,334.973725
2.7382,335.4665457
2.7384,335.5135111
2.7386,335.8948366
2.7388,336.2204161
2.739,336.3230809
2.7392,336.6486313
2.7394,336.4169505
2.7396,336.6310407
2.7398,336.6222454
2.74,336.7806011
2.7402,336.7718014
2.7404,337.0415721
2.7406,336.92134
2.7408,336.8568248
2.741,337.070861
2.7412,337.0620526
2.7414,337.2760714
2.7416,337.2115519
2.7418,337.3698508
2.742,337.5281409
2.7422,337.3522165
2.7424,337.5104979
2.7426,337.5016764
2.7428,337.5485516
2.743,337.4840335
2.7432,337.5865993
2.7434,337.4106982
2.7436,337.3461874
2.7438,337.3930581
2.744,337.439926
2.7442,337.2640452
2.7444,337.2552281
2.7446,337.1350439
2.7448,337.2375938
2.745,337.3401379
2.7452,337.1086013
2.7454,337.2111424
2.7456,337.0352966
2.7458,337.0821586
2.746,336.8506512
2.7462,336.6748272
2.7464,336.2206599
2.7466,335.9891917
2.7468,335.9804052
2.747,335.7489545
2.7472,335.6288446
2.7474,335.5087405
2.7476,335.1103339
2.7478,335.045909
2.748,334.9258282
2.7482,334.8614106
2.7484,334.74134
2.7486,334.454312
2.7488,334.2229516
2.749,334.0472543
2.7492,333.7602656
2.7494,333.6402373
2.7496,333.5202147
2.7498,333.2332611
2.75,333.0576104
2.7502,332.8263256
2.7504,333.0958241
2.7506,333.1427487
2.7508,332.9114786
2.751,333.1253154
2.7512,332.8940568
2.7514,332.66281
2.7516,332.5984724
2.7518,332.4785066
2.752,332.3585467
2.7522,332.1273362
2.7524,332.3411511
2.7526,332.1099523
2.7528,332.3237556
2.753,332.5375473
2.7532,332.361981
2.7534,332.7982374
2.7536,332.7339086
2.7538,333.1145149
2.754,332.883335
2.7542,333.0414621
2.7544,333.1995804
2.7546,333.0796365
2.7548,333.1821354
2.755,333.3958442
2.7552,333.5539349
2.7554,334.0456462
2.7556,334.370521
2.7558,334.6397764
2.756,335.2426204
2.7562,335.5118379
2.7564,335.7254432
2.7566,335.6610562
2.7568,335.8746455
2.757,335.9214434
2.7572,336.0238303
2.7574,336.1262113
2.7576,336.1729976
2.7578,336.5533055
2.758,336.6556632
2.7582,336.8135996
2.7584,337.4717748
2.7586,337.6852622
2.7588,337.6764174
2.759,337.6675726
2.7592,337.6587279
2.7594,337.5387315
2.7596,337.1964437
2.7598,337.1876106
2.76,337.0676346
2.7602,337.1143743
2.7604,337.0499741
2.7606,336.7633087
2.7608,337.0878793
2.761,337.0790476
2.7612,337.0146532
2.7614,336.7280169
2.7616,336.4413951
2.7618,336.5436961
2.762,336.0348658
2.7622,336.1927265
2.7624,336.3505785
2.7626,336.0640019
2.7628,336.1107459
2.763,335.9908384
2.7632,336.2042254
2.7634,336.3065074
2.7636,335.964422
2.7638,335.622354
2.764,335.2803035
2.7642,335.0493521
2.7644,335.0405699
2.7646,334.6430223
2.7648,334.4121044
2.765,333.8479881
2.7652,334.0058371
2.7654,333.7194207
2.7656,333.3774881
2.7658,333.1466313
2.766,332.6381476
2.7662,332.4628478
2.7664,332.2875566
2.7666,332.2788443
2.7668,331.9370006
2.767,331.928297
2.7672,331.7530364
2.7674,331.7998547
2.7676,331.735638
2.7678,331.7824534
2.768,331.5517
2.7682,331.3209583
2.7684,331.2012488
2.7686,331.1925627
2.7688,331.405906
2.769,331.397214
2.7692,331.4440266
2.7694,331.6018421
2.7696,331.9261535
2.7698,332.3059476
2.77,332.3527295
2.7702,332.3995085
2.7704,332.2243018
2.7706,331.9381154
2.7708,331.8184218
2.771,331.5322601
2.7712,331.7455219
2.7714,331.5148646
2.7716,331.5616538
2.7718,331.3310125
2.772,332.2100641
2.7722,332.2013474
2.7724,332.5255176
2.7726,332.6277515
2.7728,332.2861538
2.773,332.332911
2.7732,332.2687146
2.7734,332.5928382
2.7736,332.4176927
2.7738,332.6308525
2.774,332.7885313
2.7742,333.2790095
2.7744,333.713995
2.7746,333.8716315
2.7748,334.1956503
2.775,334.7415005
2.7752,334.7327139
2.7754,334.8903053
2.7756,335.1033458
2.7758,334.9836363
2.776,334.8084776
2.7762,334.9105951
2.7764,335.0681588
2.7766,335.0593621
2.7768,335.0505653
2.777,334.8199779
2.7772,334.811187
2.7774,334.8578408
2.7776,334.7936051
2.7778,334.7293724
2.778,334.3325002
2.7782,334.0465263
2.7784,333.8714419
2.7786,334.1952903
2.7788,333.9647757
2.779,333.7342728
2.7792,333.5592131
2.7794,333.7721735
2.7796,333.8742648
2.7798,334.0872049
2.78,333.9675783
2.7802,333.6262601
2.7804,333.3958051
2.7806,333.5533121
2.7808,333.2674502
2.781,333.4249514
2.7812,333.0836899
2.7814,333.2966023
2.7816,333.2324321
2.7818,333.5007412
2.782,333.7690358
2.7822,334.0927255
2.7824,334.0839477
2.7826,334.0751699
2.7828,334.0663921
2.783,334.1130182
2.7832,334.0488364
2.7834,333.7076521
2.7836,333.698883
2.7838,333.5239195
2.784,333.5151547
2.7842,333.5617853
2.7844,333.7192005
2.7846,333.6550376
2.7848,333.5354867
2.785,333.3051628
2.7852,333.1302386
2.7854,333.0660961
2.7856,332.6696461
2.7858,332.771669
2.786,332.4860109
2.7862,332.7541745
2.7864,332.6346687
2.7866,333.0689467
2.7868,333.3370723
2.787,333.8266829
2.7872,333.9286534
2.7874,333.8645021
2.7876,334.0772063
2.7878,334.3452679
2.788,334.1150066
2.7882,334.0508554
2.7884,333.9313424
2.7886,334.1993778
2.7888,334.2459515
2.789,334.6246843
2.7892,334.7266023
2.7894,334.8285146
2.7896,335.1518448
2.7898,335.0323216
2.79,335.2449224
2.7902,334.7932926
2.7904,334.6737869
2.7906,334.3328923
2.7908,334.1580568
2.791,334.1492674
2.7912,333.8637564
2.7914,333.9103171
2.7916,333.846192
2.7918,333.8927498
2.792,333.9393046
2.7922,333.9305195
2.7924,333.6450566
2.7926,333.6362787
2.7928,333.295505
2.793,333.1760735
2.7932,333.2226371
2.7934,333.2138694
2.7936,333.0944481
2.7938,333.2516595
2.794,333.6301579
2.7942,333.8426685
2.7944,333.6125993
2.7946,333.8250983
2.7948,333.7609951
2.795,333.5309449
2.7952,333.3009063
2.7954,332.8496245
2.7956,332.8408641
2.7958,332.5555497
2.796,332.3808685
2.7962,332.4274277
2.7964,332.3080647
2.7966,332.2993174
2.7968,332.3458737
2.797,332.1159167
2.7972,331.9412719
2.7974,331.4348408
2.7976,331.2602223
2.7978,330.9197238
2.798,330.8004218
2.7982,330.8470058
2.7984,330.4512517
2.7986,330.6084223
2.7988,330.7102953
2.799,330.9227374
2.7992,331.0245958
2.7994,331.2370175
2.7996,331.2835781
2.7998,331.1642908
2.8,330.8238883
2.8002,331.0915699
2.8004,331.1381276
2.8006,331.2952342
2.8008,331.3970576
2.801,331.4988753
2.8012,331.7665016
2.8014,331.7577631
2.8016,331.7490245
2.8018,331.8508203
2.802,331.8420789
2.8022,331.722809
2.8024,331.5482821
2.8026,331.8158546
2.8028,331.6965934
2.803,331.8536301
2.8032,331.9554012
2.8034,331.7256334
2.8036,332.2141798
2.8038,331.9844164
2.804,331.920418
2.8042,331.9669219
2.8044,331.5714371
2.8046,331.6179468
2.8048,331.6644536
2.805,331.7109575
2.8052,331.702216
2.8054,331.4725109
2.8056,331.6294937
2.8058,332.0074199
2.806,332.4405623
2.8062,332.21086
2.8064,332.367805
2.8066,332.6904379
2.8068,332.6816688
2.807,332.8385876
2.8072,332.9402698
2.8074,332.7105879
2.8076,332.5361426
2.8078,332.4169295
2.808,332.5738323
2.8082,332.7307263
2.8084,332.1145442
2.8086,332.5475294
2.8088,332.7044103
2.809,332.5852088
2.8092,332.4660132
2.8094,332.1811879
2.8096,332.1172187
2.8098,331.611581
2.81,331.3820069
2.8102,331.2628563
2.8104,331.0885071
2.8106,330.7485574
2.8108,330.6294316
2.811,330.8967129
2.8112,331.1639796
2.8114,330.9896537
2.8116,331.2569029
2.8118,331.5241376
2.812,331.680972
2.8122,331.7274147
2.8124,331.4979046
2.8126,331.7099144
2.8128,331.4252289
2.813,331.4716716
2.8132,331.2421906
2.8134,331.067904
2.8136,331.1143511
2.8138,330.8297165
2.814,331.2624149
2.8142,331.0329674
2.8144,331.0794087
2.8146,331.236195
2.8148,331.0067649
2.815,330.8876887
2.8152,330.6031094
2.8154,330.4840492
2.8156,330.5304948
2.8158,330.190781
2.816,329.9614121
2.8162,329.6217302
2.8164,329.6681918
2.8166,329.4388535
2.8168,329.5404746
2.817,329.4766204
2.8172,329.6333892
2.8174,329.293767
2.8176,329.0644665
2.8178,329.2763831
2.818,329.4882881
2.8182,329.7001814
2.8184,329.5811852
2.8186,329.793064
2.8188,329.8395009
2.819,330.0513607
2.8192,330.4286303
2.8194,330.7507405
2.8196,331.1831084
2.8198,331.0640918
2.82,331.275889
2.8202,331.4325414
2.8204,331.6994486
2.8206,331.8560805
2.8208,331.957575
2.821,332.0590636
2.8212,331.8297907
2.8214,332.0415254
2.8216,332.0327563
2.8218,331.7483794
2.822,331.7947377
2.8222,331.6757371
2.8224,330.8402189
2.8226,331.0519433
2.8228,331.1534275
2.823,330.9793418
2.8232,330.9705989
2.8234,331.2374056
2.8236,331.173547
2.8238,331.0545843
2.824,331.0458385
2.8242,331.0921968
2.8244,331.4140653
2.8246,331.4604105
2.8248,331.2312542
2.825,331.4428956
2.8252,331.4341382
2.8254,331.3702854
2.8256,331.581905
2.8258,331.9036979
2.826,331.5643814
2.8262,331.5005301
2.8264,331.3265055
2.8266,331.4830094
2.8268,331.5844193
2.827,331.5756561
2.8272,331.401646
2.8274,330.9522408
2.8276,331.1638109
2.8278,330.7695126
2.828,325.1429738
2.8282,330.8071018
2.8284,330.5229899
2.8286,330.4041087
2.8288,330.0649509
2.829,329.9460872
2.8292,329.8272293
2.8294,329.2678474
2.8296,329.1490128
2.8298,328.864994
2.83,328.8012373
2.8302,328.5723022
2.8304,328.8939684
2.8306,328.6650421
2.8308,328.5462395
2.831,328.6476612
2.8312,328.8041301
2.8314,328.8504869
2.8316,328.7316902
2.8318,328.5028017
2.832,328.6592561
2.8322,328.8707476
2.8324,328.751961
2.8326,329.1285668
2.8328,329.3950693
2.833,329.5514771
2.8332,329.707876
2.8334,329.699155
2.8336,326.1131156
2.8338,329.7917813
2.834,329.7280246
2.8342,329.4441457
2.8344,329.2153111
2.8346,329.0415165
2.8348,329.0328115
2.835,328.7489791
2.8352,328.5201852
2.8354,328.3464256
2.8356,328.6128436
2.8358,328.4941094
2.836,328.4303993
2.8362,328.4767256
2.8364,328.4680336
2.8366,328.679397
2.8368,328.6156869
2.837,328.7720234
2.8372,329.5334551
2.8374,329.4697261
2.8376,329.9560654
2.8378,330.0573429
2.838,330.3236255
2.8382,330.8099023
2.8384,331.2961529
2.8386,331.6173794
2.8388,331.2786147
2.839,331.7098165
2.8392,329.9411988
2.8394,331.8572354
2.8396,332.0134263
2.8398,331.9496462
2.84,331.9408582
2.8402,331.9870578
2.8404,332.1432269
2.8406,332.3543719
2.8408,332.290589
2.841,331.9519
2.8412,331.9431105
2.8414,331.2745743
2.8416,331.10087
2.8418,330.8721985
2.842,330.2037424
2.8422,330.3049442
2.8424,330.0763105
2.8426,330.0125989
2.8428,330.0588276
2.843,329.8302172
2.8432,329.8214816
2.8434,329.9226747
2.8436,329.9139362
2.8438,330.0700819
2.844,330.0063791
2.8442,329.8877206
2.8444,330.1537674
2.8446,330.3098884
2.8448,331.4551752
2.845,330.4572461
2.8452,330.5034428
2.8454,330.4946868
2.8456,330.1012926
2.8458,330.0925468
2.846,329.7541286
2.8462,329.5805596
2.8464,329.2971145
2.8466,329.0686249
2.8468,328.9500262
2.847,328.6666189
2.8472,328.4930995
2.8474,328.4843944
2.8476,328.6404907
2.8478,328.0824582
2.848,328.0737634
2.8482,328.2847861
2.8484,327.9465178
2.8486,327.71812
2.8488,327.4897338
2.849,327.3162828
2.8492,327.3076069
2.8494,327.2989309
2.8496,326.741063
2.8498,327.1168259
2.85,327.1081543
2.8502,327.2642273
2.8504,327.3653781
2.8506,327.6861708
2.8508,328.0618566
2.851,328.1629768
2.8512,328.4288139
2.8514,328.2553877
2.8516,328.3015888
2.8518,328.2928837
2.852,328.00967
2.8522,328.2205734
2.8524,328.156971
2.8526,328.2031662
2.8528,328.2493586
2.853,328.0759702
2.8532,328.5613065
2.8534,328.1683519
2.8536,328.1596484
2.8538,328.0411675
2.854,327.9226925
2.8542,327.9139948
2.8544,327.6857599
2.8546,327.5673024
2.8548,327.8879015
2.855,327.7145641
2.8552,327.9802629
2.8554,328.1361932
2.8556,328.3469902
2.8558,328.9418941
2.856,329.2624029
2.8562,329.8023789
2.8564,329.9582379
2.8566,330.3884293
2.8568,330.7637307
2.857,331.1938771
2.8572,331.5691362
2.8574,331.8895126
2.8576,331.8807056
2.8578,331.8170392
2.858,331.9179498
2.8582,331.9091414
2.8584,331.7906227
2.8586,331.6721099
2.8588,331.5536028
2.859,331.2705493
2.8592,331.0423596
2.8594,330.8141816
2.8596,330.9150936
2.8598,330.6320852
2.86,330.6781524
2.8602,330.7242166
2.8604,330.6605967
2.8606,330.5421406
2.8608,330.4236903
2.861,330.1407372
2.8612,330.1868073
2.8614,330.1232078
2.8616,330.1692749
2.8618,330.2153392
2.862,330.3162294
2.8622,330.1429764
2.8624,330.4631664
2.8626,330.6188652
2.8628,330.7197322
2.863,330.7657717
2.8632,330.5377072
2.8634,330.3644731
2.8636,330.5749688
2.8638,330.5661896
2.864,330.0640808
2.8642,329.8908759
2.8644,329.7724911
2.8646,329.5444921
2.8648,329.3165048
2.865,329.1433363
2.8652,328.9701764
2.8654,328.6874169
2.8656,328.2950665
2.8658,328.0123392
2.866,327.6748264
2.8662,327.2825328
2.8664,326.9450565
2.8666,326.4980067
2.8668,326.4893323
2.867,326.5902429
2.8672,326.7459388
2.8674,327.1207845
2.8676,327.1120926
2.8678,327.1034006
2.868,327.2590645
2.8682,327.3599358
2.8684,327.4608013
2.8686,327.3425374
2.8688,327.2790588
2.869,327.434695
2.8692,327.5903225
2.8694,327.9650415
2.8696,328.2301929
2.8698,328.3310132
2.87,328.3770571
2.8702,328.3683287
2.8704,328.3048326
2.8706,327.9675078
2.8708,327.9040248
2.871,327.7310178
2.8712,327.5580195
2.8714,327.6040721
2.8716,327.7048808
2.8718,327.8604414
2.872,327.7969685
2.8722,327.7334986
2.8724,328.1628107
2.8726,327.9350781
2.8728,328.4191115
2.873,328.1366344
2.8732,328.3468987
2.8734,328.3381675
2.8736,328.4389252
2.8738,328.7586494
2.874,329.1878392
2.8742,329.6170058
2.8744,329.881933
2.8746,330.0921085
2.8748,330.5759511
2.875,330.950299
2.8752,331.3793593
2.8754,331.4252764
2.8756,331.8543003
2.8758,331.95493
2.876,331.8366457
2.8762,331.9372695
2.8764,332.0378875
2.8766,332.0290544
2.8768,331.8013364
2.877,331.4094708
2.8772,331.2912171
2.8774,331.2824028
2.8776,330.6717194
2.8778,330.7176351
2.878,330.3258481
2.8782,330.1529256
2.8784,329.7064639
2.8786,329.6429824
2.8788,329.7983303
2.879,329.516028
2.8792,329.3978514
2.8794,329.3890852
2.8796,329.2709174
2.8798,329.3715529
2.88,328.8158075
2.8802,329.0258417
2.8804,329.1264743
2.8806,328.9536333
2.8808,328.9995694
2.881,329.2642652
2.8812,329.419568
2.8814,329.6295498
2.8816,329.6207749
2.8818,329.7213696
2.882,329.6579084
2.8822,329.6491321
2.8824,329.1482317
2.8826,328.6473575
2.8828,328.3105421
2.883,327.9190681
2.8832,327.5276145
2.8834,327.1361813
2.8836,326.8541119
2.8838,326.6267273
2.884,326.2900167
2.8842,326.171993
2.8844,326.108641
2.8846,325.7719697
2.8848,325.5993049
2.885,325.3173257
2.8852,325.2540014
2.8854,325.0813627
2.8856,324.8540757
2.8858,325.0093901
2.886,325.0007331
2.8862,325.0467289
2.8864,325.4206298
2.8866,325.7398605
2.8868,326.1683704
2.887,326.2689754
2.8872,326.3149289
2.8874,326.5248118
2.8876,326.5707552
2.8878,326.7259779
2.888,326.8265523
2.8882,327.0910355
2.8884,327.0276835
2.8886,327.1282403
2.8888,327.1741575
2.889,327.3293365
2.8892,327.4298759
2.8894,327.2026325
2.8896,327.3577971
2.8898,327.2398199
2.89,327.0672236
2.8902,327.2770015
2.8904,327.268279
2.8906,327.5326603
2.8908,327.6331691
2.891,327.5698186
2.8912,327.3972382
2.8914,327.7162009
2.8916,327.7074653
2.8918,327.8079538
2.892,327.963047
2.8922,327.9543041
2.8924,328.1639918
2.8926,328.4282741
2.8928,328.9655656
2.893,329.2298115
2.8932,329.5486447
2.8934,329.8128601
2.8936,330.0770608
2.8938,330.6142344
2.894,330.5508227
2.8942,330.7057922
2.8944,330.6423805
2.8946,330.688155
2.8948,330.6247462
2.895,330.5613404
2.8952,330.607112
2.8954,330.4891232
2.8956,330.2073871
2.8958,330.0894144
2.896,330.0260289
2.8962,330.0172263
2.8964,329.5172169
2.8966,328.7989253
2.8968,328.5172766
2.897,328.3447908
2.8972,328.1723138
2.8974,327.7269891
2.8976,327.6091066
2.8978,327.49123
2.898,327.427926
2.8982,327.4191904
2.8984,327.6832747
2.8986,327.5108442
2.8988,327.3384225
2.899,326.674973
2.8992,326.7753726
2.8994,326.6575397
2.8996,326.7033782
2.8998,326.5309987
2.9,326.7950466
2.9002,326.8408764
2.9004,327.0503516
2.9006,327.2598152
2.9008,327.5238136
2.901,327.2423469
2.9012,326.9063511
2.9014,326.4612886
2.9016,326.3434934
2.9018,326.2257041
2.902,325.7261562
2.9022,325.6083887
2.9024,325.490627
2.9026,325.7000716
2.9028,325.6913768
2.903,325.573621
2.9032,325.6739871
2.9034,325.4471819
2.9036,324.8387054
2.9038,324.6119337
2.904,324.4942201
2.9042,323.9403382
2.9044,323.3319651
2.9046,323.2142937
2.9048,323.3692151
2.905,323.6331596
2.9052,323.7880607
2.9054,323.997466
2.9056,324.3158828
2.9058,324.5252619
2.906,324.7891381
2.9062,324.9984924
2.9064,324.9353064
2.9066,324.7086104
2.9068,324.8634459
2.907,325.0182727
2.9072,325.2820906
2.9074,325.5458939
2.9076,325.8641797
2.9078,326.2369436
2.908,326.2827225
2.9082,326.546469
2.9084,326.4287626
2.9086,326.3655519
2.9088,326.0843909
2.909,325.9122181
2.9092,325.7400541
2.9094,325.8948023
2.9096,325.613682
2.9098,325.6049814
2.91,325.7052398
2.9102,326.0778828
2.9104,326.1781223
2.9106,325.9515049
2.9108,325.7248992
2.911,325.7706664
2.9112,325.7619599
2.9114,325.535376
2.9116,325.5266754
2.9118,325.681374
2.912,326.0539239
2.9122,326.5353804
2.9124,326.9078866
2.9126,327.5526756
2.9128,327.8162154
2.913,328.025283
2.9132,328.0165139
2.9134,328.0077448
2.9136,327.8356157
2.9138,327.5001396
2.914,327.6002845
2.9142,327.3737297
2.9144,327.1471866
2.9146,327.4106696
2.9148,327.3474705
2.915,327.55649
2.9152,327.8199396
2.9154,327.8111734
2.9156,327.5302133
2.9158,327.4125798
2.916,327.0772086
2.9162,326.7418548
2.9164,326.0799208
2.9166,325.9623368
2.9168,325.6814684
2.917,325.5639004
2.9172,325.5551924
2.9174,325.4376331
2.9176,325.5377766
2.9178,325.3658003
2.918,325.5203607
2.9182,325.2939733
2.9184,325.122016
2.9186,324.8412335
2.9188,324.832543
2.919,324.8782666
2.9192,324.9239872
2.9194,325.1873494
2.9196,325.4506971
2.9198,325.4419892
2.92,325.5420947
2.9202,325.5877892
2.9204,325.6334807
2.9206,325.2983526
2.9208,324.963242
2.921,324.6825483
2.9212,323.966685
2.9214,323.7404287
2.9216,323.6229742
2.9218,323.5599192
2.922,323.6056515
2.9222,323.5969901
2.9224,323.5883288
2.9226,323.7428309
2.9228,323.6797788
2.923,323.7798844
2.9232,323.3361495
2.9234,323.0012019
2.9236,322.6118912
2.9238,322.4401173
2.924,322.5402404
2.9242,322.8034861
2.9244,322.9035932
2.9246,323.0580676
2.9248,323.3756488
2.925,324.0738051
2.9252,324.3369722
2.9254,324.382655
2.9256,324.3196029
2.9258,324.0390956
2.926,324.1391444
2.9262,323.9673792
2.9264,324.176144
2.9266,324.1131035
2.9268,324.2131377
2.927,324.3131662
2.9272,324.7393148
2.9274,325.1110873
2.9276,325.428488
2.9278,325.2567213
2.928,325.0849635
2.9282,324.9675614
2.9284,324.6327827
2.9286,324.134989
2.9288,324.0176204
2.929,323.6285514
2.9292,323.6742211
2.9294,323.7198879
2.9296,323.8742255
2.9298,324.0285544
2.93,323.9112047
2.9302,323.7938609
2.9304,323.6765229
2.9306,323.6678499
2.9308,323.6591769
2.931,323.9221373
2.9312,323.8048065
2.9314,323.9591005
2.9316,324.2220303
2.9318,324.1046996
2.932,324.693527
2.9322,324.7391428
2.9324,325.0020217
2.9326,324.6674206
2.9328,324.6044049
2.933,324.3784557
2.9332,323.8266542
2.9334,323.5464278
2.9336,323.3205238
2.9338,323.0946314
2.934,323.3031894
2.9342,323.2945222
2.9344,323.285855
2.9346,323.2771878
2.9348,323.3771187
2.935,323.4227462
2.9352,323.5226669
2.9354,323.2425191
2.9356,323.1252655
2.9358,323.0080178
2.936,322.8364855
2.9362,322.6649621
2.9364,322.6563094
2.9366,322.539085
2.9368,322.5304353
2.937,322.7389176
2.9372,322.9473883
2.9374,322.7216065
2.9376,323.1471801
2.9378,322.9214042
2.938,322.9670186
2.9382,322.7955329
2.9384,322.8954201
2.9386,322.9953015
2.9388,322.7695576
2.939,322.8151676
2.9392,322.8607747
2.9394,323.0691755
2.9396,323.1690365
2.9398,323.5402048
2.94,323.4772634
2.9402,322.8174679
2.9404,323.1343561
2.9406,323.0714292
2.9408,322.7914838
2.941,322.6743147
2.9412,322.5028989
2.9414,322.4399939
2.9416,322.7568384
2.9418,322.8024251
2.942,323.1734886
2.9422,323.2733059
2.9424,323.2103863
2.9426,323.4729231
2.9428,323.4642413
2.943,323.5097989
2.9432,323.2299263
2.9434,323.167014
2.9436,323.3210445
2.9438,323.2038986
2.944,323.5748471
2.9442,323.7830834
2.9444,323.991308
2.9446,324.3079764
2.9448,324.2992699
2.945,324.4532378
2.9452,324.119187
2.9454,323.9478193
2.9456,323.7222399
2.9458,322.5749499
2.946,323.1084635
2.9462,322.9913555
2.9464,322.9284679
2.9466,322.9197964
2.9468,323.0195482
2.947,323.1192942
2.9472,323.2732431
2.9474,323.1019394
2.9476,323.3642913
2.9478,323.0845847
2.948,323.2927191
2.9482,322.9046255
2.9484,322.5165523
2.9486,322.6162866
2.9488,322.5534238
2.949,322.5989551
2.9492,322.5360952
2.9494,322.6358164
2.9496,322.952297
2.9498,322.7810516
2.95,323.3142639
2.9502,323.143017
2.9504,323.4052626
2.9506,323.0714695
2.9508,323.2795195
2.951,323.2708334
2.9512,323.3163269
2.9514,323.4701739
2.9516,323.4073052
2.9518,323.5611406
2.952,323.7691411
2.9522,323.5437509
2.9524,323.4267143
2.9526,323.255514
2.9528,322.5968104
2.953,322.3714741
2.9532,322.2003146
2.9534,321.9750001
2.9536,321.9121839
2.9538,321.7410491
2.954,321.9490379
2.9542,322.0486994
2.9544,322.3108242
2.9546,322.3021599
2.9548,322.1851888
2.955,322.1223754
2.9552,321.7888123
2.9554,321.6177139
2.9556,321.7173624
2.9558,321.4379819
2.956,321.4293394
2.9562,321.5289835
2.9564,321.8993307
2.9566,322.1613769
2.9568,322.5858252
2.957,322.9561127
2.9572,322.4060683
2.9574,322.1808602
2.9576,321.9556636
2.9578,321.838742
2.958,321.4511754
2.9582,321.4425301
2.9584,321.3256302
2.9586,321.3711136
2.9588,321.4707184
2.959,321.5703173
2.9592,321.5075462
2.9594,321.6612578
2.9596,321.6526052
2.9598,321.3733673
2.96,321.364722
2.9602,321.0313918
2.9604,320.9145298
2.9606,320.7976737
2.9608,320.7890429
2.961,320.9968454
2.9612,320.7717813
2.9614,320.8713613
2.9616,321.1873513
2.9618,321.4492213
2.962,321.7110768
2.9622,321.6483202
2.9624,321.8560572
2.9626,322.0637825
2.9628,321.8387345
2.963,322.1546356
2.9632,322.2000578
2.9634,322.299568
2.9636,322.2908935
2.9638,322.6067467
2.964,322.7062364
2.9642,322.4812102
2.9644,322.3102793
2.9646,322.3016033
2.9648,321.9143629
2.965,321.7975387
2.9652,321.4644095
2.9654,321.2935265
2.9656,321.0145027
2.9658,321.114007
2.966,321.2135055
2.9662,321.3129982
2.9664,321.358416
2.9666,321.4038309
2.9668,321.2329786
2.967,321.3324581
2.9672,320.9994264
2.9674,320.7745356
2.9676,320.4955962
2.9678,320.7032007
2.968,320.6945641
2.9682,321.3886542
2.9684,321.2718898
2.9686,321.8037671
2.9688,322.1194091
2.969,322.5431338
2.9692,322.6965921
2.9694,322.8500417
2.9696,322.6792083
2.9698,322.184118
2.97,321.959268
2.9702,321.5723056
2.9704,321.4015231
2.9706,321.2307493
2.9708,321.3301692
2.971,321.5916898
2.9712,321.3668893
2.9714,321.4122635
2.9716,321.3495724
2.9718,320.9627061
2.972,320.7379448
2.9722,320.5131953
2.9724,320.234432
2.9726,319.9016594
2.9728,319.8390164
2.973,319.4522505
2.9732,319.4436416
2.9734,319.867177
2.9736,319.9665896
2.9738,320.1200115
2.974,319.8953289
2.9742,319.8867069
2.9744,319.7700633
2.9746,319.7614441
2.9748,319.8608407
2.975,320.0142379
2.9752,319.9516065
2.9754,320.1589955
2.9756,320.6903851
2.9758,320.8437415
2.976,321.3750831
2.9762,321.5284119
2.9764,321.7357281
2.9766,321.1331113
2.9768,321.3944193
2.977,321.1697862
2.9772,320.9991551
2.9774,320.666566
2.9776,320.4959567
2.9778,320.0554261
2.978,320.2627336
2.9782,320.254097
2.9784,320.0295338
2.9786,320.1288634
2.9788,319.9582934
2.979,319.7877322
2.9792,319.4012764
2.9794,319.3926617
2.9796,319.0602094
2.9798,319.0516033
2.98,319.0969673
2.9802,319.2502655
2.9804,319.457522
2.9806,319.50287
2.9808,319.9259643
2.981,319.9712963
2.9812,320.2324704
2.9814,320.1159113
2.9816,319.9453995
2.9818,319.7748966
2.982,319.9820905
2.9822,315.1715512
2.9824,320.0727282
2.9826,320.3877981
2.9828,320.487052
2.983,320.6402483
2.9832,320.8473825
2.9834,320.7308336
2.9836,320.7761218
2.9838,320.8214072
2.984,320.704867
2.9842,320.4265142
2.9844,320.202114
2.9846,320.0855986
2.9848,319.9151538
2.985,319.7447178
2.9852,319.736087
2.9854,319.6195948
2.9856,319.610967
2.9858,319.4405557
2.986,319.4858586
2.9862,319.2076092
2.9864,319.3068384
2.9866,319.1364519
2.9868,319.0199946
2.987,318.5800288
2.9872,318.5175096
2.9874,318.5089093
2.9876,318.7159679
2.9878,318.060403
2.988,319.0222265
2.9882,319.1214324
2.9884,319.4362679
2.9886,319.5893637
2.9888,319.7963567
2.989,319.8416246
2.9892,319.5095683
2.9894,319.0697263
2.9896,319.0611086
2.9898,318.8368962
2.99,318.9360788
2.9902,318.8196725
2.9904,318.9188492
2.9906,319.0180202
2.9908,318.9555111
2.991,318.9468948
2.9912,319.0460556
2.9914,319.1990975
2.9916,319.2982452
2.9918,319.1279664
2.992,319.0654617
2.9922,318.8413163
2.9924,318.8865813
2.9926,318.8240867
2.9928,318.9771025
2.993,318.914608
2.9932,318.9598642
2.9934,319.9209495
2.9936,319.319723
2.9938,319.3649633
2.994,319.4102006
2.9942,319.5093016
2.9944,319.2852057
2.9946,319.0611214
2.9948,318.8909111
2.995,318.7207095
2.9952,318.8198134
2.9954,318.9189116
2.9956,318.8564345
2.9958,318.7939604
2.996,318.7314892
2.9962,318.8305771
2.9964,318.9296592
2.9966,318.867188
2.9968,318.8047197
2.997,318.6345618
2.9972,318.5182574
2.9974,318.2942721
2.9976,318.285666
2.9978,318.2232196
2.998,317.94542
2.9982,317.7753102
2.9984,317.4975368
2.9986,317.5427858
2.9988,317.9110308
2.999,321.5629897
2.9992,318.055327
2.9994,318.1005541
2.9996,318.414915
2.9998,318.6216067
3,318.612989
3.0002,318.7658403
3.0004,318.7572182
3.0006,318.7485962
3.0008,318.7399741
3.001,318.6775349
3.0012,318.6150986
3.0014,318.6064795
3.0016,318.6516731
3.0018,318.4278072
3.002,318.5268122
3.0022,318.5720029
3.0024,318.6709977
3.0026,318.8775977
3.0028,318.8151658
3.003,318.591329
3.0032,318.421305
3.0034,318.1436903
3.0036,317.9736867
3.0038,317.5885048
3.004,317.4723197
3.0042,317.194759
3.0044,317.2937596
3.0046,320.727793
3.0048,317.3841643
3.005,317.3217863
3.0052,317.6897038
3.0054,317.6273199
3.0056,317.8338572
3.0058,317.7714719
3.006,317.6553087
3.0062,317.7004893
3.0064,317.5843334
3.0066,317.5757361
3.0068,317.7822385
3.007,317.9887293
3.0072,318.1952084
3.0074,318.2403642
3.0076,318.8769773
3.0078,318.9221112
3.008,318.9134761
3.0082,318.8510762
3.0084,318.7349159
3.0086,318.5112378
3.0088,318.1262902
3.009,318.2251933
3.0092,318.0015458
3.0094,317.9929339
3.0096,317.8768129
3.0098,317.9757102
3.01,318.0746016
3.0102,320.8609963
3.0104,318.2186182
3.0106,318.2099991
3.0108,318.0401425
3.011,317.5478285
3.0112,317.2167694
3.0114,316.9932107
3.0116,316.7159236
3.0118,316.3849126
3.012,316.3226044
3.0122,316.421506
3.0124,316.6278701
3.0126,316.8342226
3.0128,317.0942947
3.013,316.9245138
3.0132,317.6681235
3.0134,317.4983354
3.0136,317.5434577
3.0138,317.3736812
3.014,317.3650809
3.0142,317.0341543
3.0144,317.0255628
3.0146,316.9632532
3.0148,317.0083799
3.015,316.8923579
3.0152,316.9374831
3.0154,316.9826055
3.0156,316.9203031
3.0158,318.2007392
3.016,316.8494151
3.0162,316.9482395
3.0164,316.885943
3.0166,316.7699458
3.0168,316.868763
3.017,316.8601729
3.0172,317.0126806
3.0174,316.8429929
3.0176,316.8880992
3.0178,316.9332026
3.018,316.978303
3.0182,316.9160167
3.0184,316.8000428
3.0186,316.2545624
3.0188,316.2996745
3.019,316.3984698
3.0192,316.550944
3.0194,316.5423598
3.0196,316.4264121
3.0198,316.3641505
3.02,316.3555707
3.0202,316.508023
3.0204,316.4994388
3.0206,316.5982036
3.0208,316.2675783
3.021,316.3126715
3.0212,316.1430813
3.0214,316.3491805
3.0216,316.1795976
3.0218,316.3320179
3.022,316.4307652
3.0222,316.422181
3.0224,316.6282423
3.0226,316.5123325
3.0228,316.3427699
3.023,316.1732162
3.0232,316.5938822
3.0234,316.5316381
3.0236,316.4693969
3.0238,316.5681122
3.024,316.6668216
3.0242,317.302008
3.0244,316.9178698
3.0246,316.8556243
3.0248,316.5251621
3.025,316.4629296
3.0252,316.347059
3.0254,316.2848338
3.0256,316.3835258
3.0258,316.1067555
3.026,315.6690943
3.0262,316.0359622
3.0264,316.1346483
3.0266,316.1796978
3.0268,316.2247444
3.027,316.0016486
3.0272,315.8858174
3.0274,315.4482421
3.0276,315.3324312
3.0278,315.1630041
3.028,315.0472064
3.0282,314.7169378
3.0284,314.6547752
3.0286,314.8070805
3.0288,314.9057623
3.029,315.0580516
3.0292,315.2639439
3.0294,315.4698247
3.0296,315.6756939
3.0298,315.8279439
3.03,315.5513367
3.0302,315.7035808
3.0304,315.6414037
3.0306,315.7400345
3.0308,315.731459
3.031,315.615686
3.0312,315.7143081
3.0314,315.3841574
3.0316,315.5363739
3.0318,315.7957676
3.032,315.6264147
3.0322,315.7786109
3.0324,315.3413238
3.0326,315.2791699
3.0328,314.895505
3.033,314.8869499
3.0332,314.8783948
3.0334,314.7090958
3.0336,314.5933854
3.0338,314.2633672
3.034,314.415559
3.0342,314.567742
3.0344,314.4520461
3.0346,314.3899287
3.0348,314.2206719
3.035,314.1049935
3.0352,314.2035937
3.0354,314.4093217
3.0356,314.2936462
3.0358,314.338668
3.036,314.5979365
3.0362,314.482264
3.0364,314.7415135
3.0366,314.9471904
3.0368,314.9386295
3.037,314.8765135
3.0372,314.9750613
3.0374,315.1271555
3.0376,315.1721396
3.0378,315.2171206
3.038,315.4762901
3.0382,315.4141668
3.0384,315.7804058
3.0386,315.5041028
3.0388,315.6026084
3.039,315.3263244
3.0392,314.8894377
3.0394,314.6667248
3.0396,314.7117045
3.0398,314.5425424
3.04,313.9986561
3.0402,313.8295216
3.0404,313.7674565
3.0406,313.8124522
3.0408,313.75039
3.041,313.7418568
3.0412,313.6262745
3.0414,313.4571749
3.0416,313.8233003
3.0418,313.8682843
3.042,314.1273402
3.0422,314.0117608
3.0424,314.0032188
3.0426,313.8341338
3.0428,313.9861349
3.043,314.2986615
3.0432,314.3436207
3.0434,314.28156
3.0436,314.2730093
3.0438,314.478481
3.044,314.5769327
3.0442,314.5683733
3.0444,314.4528113
3.0446,314.6047541
3.0448,314.3287017
3.045,314.3736449
3.0452,314.3115944
3.0454,314.1960529
3.0456,314.0270247
3.0458,313.7510231
3.046,313.742484
3.0462,313.7339449
3.0464,313.6184325
3.0466,313.6098963
3.0468,313.3874251
3.047,313.1649655
3.0472,313.156441
3.0474,312.9874783
3.0476,312.7115684
3.0478,312.6495791
3.048,312.4806426
3.0482,312.5256091
3.0484,312.8379333
3.0486,312.8294161
3.0488,312.9278373
3.049,312.8123816
3.0492,313.1246622
3.0494,313.4903901
3.0496,313.6957075
3.0498,313.7406275
3.05,313.6786236
3.0502,313.6700816
3.0504,313.4477093
3.0506,313.6529976
3.0508,313.7513649
3.051,313.7428201
3.0512,313.6273717
3.0514,313.8326308
3.0516,313.824083
3.0518,313.8689826
3.052,313.6466497
3.0522,313.5846618
3.0524,313.4692338
3.0526,313.193487
3.0528,313.078075
3.053,312.8557916
3.0532,312.5266454
3.0534,312.6250025
3.0536,312.5096168
3.0538,312.8216993
3.054,312.8666076
3.0542,312.8580831
3.0544,312.9029871
3.0546,312.7876071
3.0548,312.8325096
3.055,312.770561
3.0552,312.3880796
3.0554,312.3261455
3.0556,312.1039553
3.0558,312.362541
3.056,312.6211121
3.0562,312.8262534
3.0564,312.9245552
3.0566,313.0228512
3.0568,313.2813743
3.057,313.4330638
3.0572,313.6381526
3.0574,313.6296033
3.0576,313.4074334
3.0578,313.3454863
3.058,313.3369443
3.0582,313.2216008
3.0584,313.2130617
3.0586,313.0977269
3.0588,312.8222086
3.059,312.8670747
3.0592,312.8585444
3.0594,312.9034061
3.0596,312.9482649
3.0598,312.5660077
3.06,312.2371585
3.0602,312.0150993
3.0604,312.0065908
3.0606,311.9980823
3.0608,311.7226645
3.061,311.6074025
3.0612,311.5989041
3.0614,311.8039158
3.0616,311.8487877
3.0618,311.8402821
3.062,312.1520153
3.0622,311.9300143
3.0624,311.9215058
3.0626,311.8062598
3.0628,311.9044888
3.063,311.7892486
3.0632,311.7273786
3.0634,311.9323263
3.0636,312.0305393
3.0638,311.8619463
3.064,311.960155
3.0642,311.8449293
3.0644,311.8364208
3.0646,311.5611413
3.0648,311.4992874
3.065,311.6508415
3.0652,311.3222384
3.0654,311.313743
3.0656,311.1985537
3.0658,311.2434067
3.066,311.1815688
3.0662,311.0663912
3.0664,311.0045605
3.0666,310.9960724
3.0668,310.9342461
3.067,310.7124125
3.0672,310.4372553
3.0674,310.4287817
3.0676,310.1536463
3.0678,310.198511
3.068,310.1900432
3.0682,310.0749195
3.0684,310.2264343
3.0686,310.3779404
3.0688,310.636085
3.069,310.9475372
3.0692,310.7257647
3.0694,310.717281
3.0696,310.8687506
3.0698,310.8069462
3.07,310.9584042
3.0702,310.6300325
3.0704,310.6748622
3.0706,310.4531364
3.0708,310.3380403
3.071,310.649411
3.0712,310.5343149
3.0714,310.5258341
3.0716,310.3041403
3.0718,310.5088724
3.072,310.3937909
3.0722,310.2254163
3.0724,310.2702402
3.0726,309.8886934
3.0728,310.0401121
3.073,309.8717638
3.0732,309.863299
3.0734,309.8548341
3.0736,309.7397919
3.0738,309.6247556
3.074,309.8827254
3.0742,309.8742592
3.0744,309.7592271
3.0746,309.910608
3.0748,309.7955804
3.075,309.7871155
3.0752,309.7786507
3.0754,309.9832882
3.0756,309.9748176
3.0758,310.0728923
3.076,310.2242324
3.0762,310.109215
3.0764,310.3138132
3.0766,310.3053323
3.0768,310.1903207
3.077,309.9155231
3.0772,309.6940025
3.0774,309.7920597
3.0776,309.6770729
3.0778,309.5620918
3.078,309.5536299
3.0782,309.3854024
3.0784,309.6964673
3.0786,309.4217396
3.0788,309.5730331
3.079,309.2983228
3.0792,309.3963626
3.0794,309.2814106
3.0796,308.9002394
3.0798,308.83855
3.08,308.6703792
3.0802,308.8749017
3.0804,308.7599775
3.0806,308.7515345
3.0808,308.9028003
3.081,308.9475878
3.0812,308.8859056
3.0814,309.0903859
3.0816,308.9222414
3.0818,308.9670216
3.082,308.9585713
3.0822,308.6307645
3.0824,308.6755476
3.0826,308.6671046
3.0828,308.7118834
3.083,308.6502187
3.0832,308.6417757
3.0834,308.68655
3.0836,308.5184579
3.0838,308.8825189
3.084,308.7676427
3.0842,308.7059838
3.0844,308.4314875
3.0846,308.2634231
3.0848,308.0421602
3.085,308.0337317
3.0852,307.9188948
3.0854,308.0168749
3.0856,307.9552451
3.0858,308.000018
3.086,307.8851927
3.0862,307.8767672
3.0864,307.7619507
3.0866,307.8599162
3.0868,307.8514907
3.087,307.8962563
3.0872,307.5155015
3.0874,307.6134612
3.0876,307.4454811
3.0878,308.0221044
3.088,308.0136731
3.0882,308.0052417
3.0884,308.3690771
3.0886,308.3074561
3.0888,308.4053721
3.089,308.4501057
3.0892,308.335311
3.0894,308.2736958
3.0896,307.7335335
3.0898,307.6187664
3.09,307.6103438
3.0902,307.3892498
3.0904,307.4871658
3.0906,307.2129214
3.0908,307.4703264
3.091,307.3024206
3.0912,307.453487
3.0914,307.28559
3.0916,307.064544
3.0918,307.1092907
3.092,306.9414155
3.0922,306.8267023
3.0924,306.6056912
3.0926,306.6504438
3.0928,306.8546402
3.093,307.1651199
3.0932,307.2629981
3.0934,307.2545813
3.0936,307.2461645
3.0938,307.344031
3.094,307.2293309
3.0942,307.1677754
3.0944,307.2124974
3.0946,307.0978089
3.0948,307.0893951
3.095,307.0278483
3.0952,307.1788303
3.0954,307.5954535
3.0956,307.5870251
3.0958,307.791105
3.096,307.5701682
3.0962,307.614864
3.0964,307.3939432
3.0966,307.3323979
3.0968,307.2708554
3.097,306.9437242
3.0972,306.2979089
3.0974,306.2363986
3.0976,306.0686631
3.0978,306.060274
3.098,306.158107
3.0982,306.0966054
3.0984,305.9819985
3.0986,306.0798242
3.0988,305.9652232
3.099,305.9568355
3.0992,306.1077549
3.0994,306.0993628
3.0996,306.0909708
3.0998,306.0294808
3.1,306.3927658
3.1002,306.4905551
3.1004,306.7476195
3.1006,306.8453929
3.1008,306.9431604
3.101,306.8816544
3.1012,306.7139757
3.1014,306.6524784
3.1016,306.4317294
3.1018,306.3702423
3.102,306.1495122
3.1022,306.2472768
3.1024,306.2919566
3.1026,306.4427886
3.1028,306.4874596
3.103,306.5852024
3.1032,306.6298661
3.1034,306.4622398
3.1036,306.2946223
3.1038,305.8616693
3.104,305.5879417
3.1042,305.3142286
3.1044,305.1997236
3.1046,304.8729723
3.1048,304.9176695
3.105,305.2276644
3.1052,305.4315245
3.1054,305.5823158
3.1056,305.6269868
3.1058,305.7247092
3.106,305.7163201
3.1062,305.707931
3.1064,305.4342922
3.1066,305.4259103
3.1068,305.4175285
3.107,305.4621922
3.1072,305.7720736
3.1074,305.8697668
3.1076,305.8083307
3.1078,306.1712154
3.108,306.2688883
3.1082,306.472629
3.1084,306.1990397
3.1086,305.3420919
3.1088,305.5988724
3.109,305.5904833
3.1092,305.2108873
3.1094,305.2555364
3.1096,305.1941294
3.1098,305.1327253
3.11,305.4424902
3.1102,305.2750372
3.1104,305.2666553
3.1106,305.1522348
3.1108,304.8257484
3.111,304.4992795
3.1112,304.543933
3.1114,304.1644753
3.1116,304.2091347
3.1118,304.2537911
3.112,304.2984447
3.1122,304.3430953
3.1124,304.6527743
3.1126,304.8564263
3.1128,305.0600665
3.113,304.9986857
3.1132,304.9903083
3.1134,304.7699349
3.1136,304.9205558
3.1138,304.5942033
3.114,304.5858361
3.1142,304.5774688
3.1144,304.5691015
3.1146,304.4547537
3.1148,304.287423
3.115,304.3320503
3.1152,304.5356324
3.1154,304.5802495
3.1156,304.4129319
3.1158,304.5105305
3.116,304.6081233
3.1162,304.2289029
3.1164,304.2205429
3.1166,303.6824261
3.1168,304.0449002
3.117,303.9835718
3.1172,303.869275
3.1174,303.754984
3.1176,303.6936672
3.1178,303.7382873
3.118,303.7299389
3.1182,303.7215906
3.1184,303.607317
3.1186,303.4930493
3.1188,303.2199084
3.119,303.90003
3.1192,303.5209785
3.1194,303.3537686
3.1196,303.3983828
3.1198,303.3370893
3.12,303.6994063
3.1202,303.638107
3.1204,303.8415507
3.1206,303.8331966
3.1208,303.7718973
3.121,303.6576572
3.1212,303.6493074
3.1214,303.5880169
3.1216,303.2090934
3.1218,302.9360661
3.122,302.8747988
3.1222,302.7605995
3.1224,302.6993395
3.1226,302.5322184
3.1228,302.3651061
3.123,302.4626479
3.1232,302.4014011
3.1234,302.604788
3.1236,302.490615
3.1238,302.429371
3.124,302.3681299
3.1242,302.3068918
3.1244,302.3514943
3.1246,302.3431766
3.1248,302.2290268
3.125,302.1148828
3.1252,302.1594839
3.1254,302.0453473
3.1256,301.9312164
3.1258,302.2403611
3.126,301.7558794
3.1262,301.9591994
3.1264,301.8450817
3.1266,302.10129
3.1268,301.6697651
3.127,301.7672633
3.1272,302.1821468
3.1274,301.803551
3.1276,301.9010361
3.1278,301.7340445
3.128,301.6728471
3.1282,301.5587614
3.1284,301.4975713
3.1286,301.2777191
3.1288,301.1636523
3.129,301.2082476
3.1292,301.25284
3.1294,301.2445469
3.1296,301.342016
3.1298,301.2279609
3.13,301.272546
3.1302,301.1056214
3.1304,300.8858303
3.1306,300.877546
3.1308,300.9750064
3.131,300.9667192
3.1312,300.7469543
3.1314,300.632937
3.1316,300.7303915
3.1318,300.9335703
3.132,301.0310103
3.1322,301.0227202
3.1324,301.01443
3.1326,301.1647176
3.1328,300.9978498
3.133,300.883847
3.1332,300.9812695
3.1334,300.7615658
3.1336,300.7004296
3.1338,300.5864457
3.134,300.4196187
3.1342,300.6227335
3.1344,300.5087598
3.1346,300.5004813
3.1348,300.4922029
3.135,300.4310826
3.1352,300.4756459
3.1354,300.2560121
3.1356,300.3534142
3.1358,300.080959
3.136,300.1255252
3.1362,300.0644224
3.1364,300.0561541
3.1366,300.2592062
3.1368,300.0924462
3.137,300.506794
3.1372,300.4456869
3.1374,300.7015283
3.1376,300.6404183
3.1378,300.5793112
3.138,300.465387
3.1382,300.5099241
3.1384,300.3431903
3.1386,300.2292807
3.1388,300.0097487
3.139,299.9486664
3.1392,299.9932093
3.1394,299.8265103
3.1396,300.0822863
3.1398,300.0212068
3.14,300.1185464
3.1402,300.0046644
3.1404,299.9963932
3.1406,299.8825201
3.1408,299.5574546
3.141,299.3380027
3.1412,299.0657659
3.1414,298.8463387
3.1416,298.8380981
3.1418,298.8298575
3.142,298.7160353
3.1422,298.7605869
3.1424,298.9634993
3.1426,299.1664
3.1428,299.1053642
3.143,299.1498984
3.1432,299.3527758
3.1434,299.2389579
3.1436,299.3362625
3.1438,299.1168951
3.144,299.2141968
3.1442,299.3114926
3.1444,299.144916
3.1446,299.4005231
3.1448,299.3394931
3.145,299.5950798
3.1452,299.4812794
3.1454,299.3147188
3.1456,299.3064607
3.1458,298.7705712
3.146,298.6568043
3.1462,298.4375228
3.1464,298.218253
3.1466,297.8934801
3.1468,297.7797481
3.147,297.7715308
3.1472,297.8688193
3.1474,297.8078476
3.1476,298.063379
3.1478,297.9496558
3.148,298.0469269
3.1482,297.9332095
3.1484,297.6612652
3.1486,297.7057921
3.1488,297.5393509
3.149,297.5311379
3.1492,297.4701865
3.1494,297.3565012
3.1496,297.506499
3.1498,297.498286
3.15,297.6482708
3.1502,297.7455157
3.1504,297.948214
3.1506,298.2036289
3.1508,298.0372154
3.151,298.0289864
3.1512,297.9680336
3.1514,298.0125284
3.1516,298.1624622
3.1518,298.1015094
3.152,297.9351235
3.1522,297.7687463
3.1524,297.655093
3.1526,297.9631546
3.1528,297.8495012
3.153,297.5777215
3.1532,297.3586656
3.1534,297.1396214
3.1536,297.1314142
3.1538,296.8596825
3.154,296.7987792
3.1542,296.5797728
3.1544,296.5715803
3.1546,296.4579895
3.1548,296.3971022
3.155,296.705091
3.1552,296.7495888
3.1554,296.6360039
3.1556,296.6278084
3.1558,296.4615418
3.156,296.5587285
3.1562,296.7085967
3.1564,296.6477124
3.1566,296.902938
3.1568,296.8947338
3.157,296.8865296
3.1572,296.8256452
3.1574,296.8174424
3.1576,296.7565624
3.1578,296.6430095
3.158,296.5821367
3.1582,296.4159211
3.1584,296.1970429
3.1586,296.1361861
3.1588,296.1806693
3.159,296.1198155
3.1592,296.1642958
3.1594,295.9981166
3.1596,295.8846089
3.1598,295.8764294
3.16,295.604951
3.1602,295.8074121
3.1604,295.5886066
3.1606,295.6330898
3.1608,295.3616464
3.161,295.458785
3.1612,295.4506157
3.1614,295.2844977
3.1616,295.4869252
3.1618,295.3208145
3.162,295.2600029
3.1622,295.1991942
3.1624,295.243673
3.1626,295.3407898
3.1628,295.2273432
3.163,295.1665403
3.1632,295.1057404
3.1634,295.2028484
3.1636,295.2473171
3.1638,295.1865186
3.164,295.283615
3.1642,295.3807055
3.1644,295.2672793
3.1646,295.2591114
3.1648,295.1456939
3.165,295.0849056
3.1652,295.0241202
3.1654,294.8580968
3.1656,294.6394631
3.1658,294.3682235
3.166,294.4653112
3.1662,294.1940905
3.1664,294.2911767
3.1666,294.3882571
3.1668,294.0644494
3.167,294.3719651
3.1672,294.4164264
3.1674,294.4608849
3.1676,294.452736
3.1678,294.1815721
3.168,294.2786335
3.1682,294.1126887
3.1684,293.9993513
3.1686,294.0438112
3.1688,294.0356725
3.169,294.2905051
3.1692,294.2823591
3.1694,294.3268044
3.1696,294.318657
3.1698,294.363098
3.17,294.1971881
3.1702,294.3468001
3.1704,294.4438194
3.1706,294.2779197
3.1708,294.0068664
3.171,293.9987263
3.1712,293.7802731
3.1714,293.7721387
3.1716,293.6588537
3.1718,293.6507223
3.172,293.7477357
3.1722,293.6344594
3.1724,293.6263279
3.1726,293.6181965
3.1728,293.5574985
3.173,293.7070639
3.1732,293.4361111
3.1734,293.2177351
3.1736,293.157053
3.1738,292.9912553
3.174,292.9831398
3.1742,292.9750244
3.1744,292.966909
3.1746,292.9587936
3.1748,293.0557822
3.175,293.1002145
3.1752,292.9344473
3.1754,292.8737842
3.1756,292.7605778
3.1758,292.6999219
3.176,292.6918123
3.1762,292.578619
3.1764,292.5705123
3.1766,292.6674835
3.1768,292.6068364
3.177,292.9664805
3.1772,293.0108967
3.1774,293.1078432
3.1776,292.9946572
3.1778,293.144128
3.178,292.8733601
3.1782,293.0753524
3.1784,292.8046005
3.1786,292.4288143
3.1788,292.2631403
3.179,292.2550394
3.1792,292.0893785
3.1794,292.1338006
3.1796,292.1257026
3.1798,292.222636
3.18,292.4245919
3.1802,292.1539215
3.1804,292.1458221
3.1806,292.032703
3.1808,292.1296233
3.181,291.9640031
3.1812,291.8508971
3.1814,291.685293
3.1816,291.6772052
3.1818,291.6691174
3.182,291.7135293
3.1822,291.7579383
3.1824,291.9598345
3.1826,291.7417569
3.1828,291.6811724
3.183,291.7255756
3.1832,291.8224667
3.1834,291.8143731
3.1836,292.0162315
3.1838,291.7456994
3.184,291.6326371
3.1842,291.467097
3.1844,291.5639765
3.1846,291.5558887
3.1848,291.547801
3.185,291.329802
3.1852,291.5316254
3.1854,291.5760125
3.1856,291.5679233
3.1858,291.664778
3.186,291.6042154
3.1862,291.5961247
3.1864,291.3781636
3.1866,291.2651464
3.1868,291.0472057
3.187,291.0915928
3.1872,291.135977
3.1874,291.0229774
3.1876,290.9099835
3.1878,290.9543677
3.188,290.8413811
3.1882,291.0431274
3.1884,290.7727846
3.1886,290.922069
3.1888,290.9139944
3.189,290.9583684
3.1892,290.8453978
3.1894,290.7324331
3.1896,290.7768071
3.1898,290.8211782
3.19,290.813105
3.1902,290.9099117
3.1904,290.7969586
3.1906,290.7888854
3.1908,290.675941
3.191,290.6678707
3.1912,290.5549351
3.1914,290.4420053
3.1916,290.3815111
3.1918,290.1637349
3.192,289.9459703
3.1922,290.0427697
3.1924,289.9298675
3.1926,290.0790836
3.1928,290.0186069
3.193,289.958133
3.1932,290.1073345
3.1934,290.0992773
3.1936,290.1960505
3.1938,290.0831629
3.194,289.9702812
3.1942,289.9622269
3.1944,289.7445351
3.1946,289.7888945
3.1948,289.6760317
3.195,289.7203897
3.1952,289.4503235
3.1954,289.7042928
3.1956,289.5390424
3.1958,289.6881959
3.196,289.7325451
3.1962,289.6197027
3.1964,289.506866
3.1966,289.2892485
3.1968,289.2288183
3.197,289.3255624
3.1972,289.1079667
3.1974,289.309483
3.1976,289.2490572
3.1978,289.2410189
3.198,288.9186816
3.1982,289.2249424
3.1984,289.1645238
3.1986,289.1041082
3.1988,289.2008275
3.199,288.7737821
3.1992,288.7657555
3.1994,288.6529829
3.1996,288.6449592
3.1998,288.5321954
3.2,288.5241746
3.2002,288.3590523
3.2004,288.4034016
3.2006,288.2906552
3.2008,287.8113751
3.201,288.2746252
3.2012,288.3189701
3.2014,288.3633121
3.2016,288.2505803
3.2018,288.2949209
3.202,288.2869044
3.2022,288.1741828
3.2024,288.2185204
3.2026,288.2105054
3.2028,288.1501422
3.203,288.1944755
3.2032,287.9247339
3.2034,287.9690701
3.2036,287.8040337
3.2038,287.6390061
3.204,287.7880241
3.2042,287.6753433
3.2044,287.7720146
3.2046,287.5546693
3.2048,287.7036713
3.205,287.5386713
3.2052,287.6876647
3.2054,287.5226734
3.2056,287.7239859
3.2058,287.6113283
3.206,287.2893768
3.2062,287.3337071
3.2064,286.8024923
3.2066,287.1084357
3.2068,287.2574042
3.207,286.9878228
3.2072,287.0844693
3.2074,287.0241658
3.2076,286.9115519
3.2078,286.9558794
3.208,287.1048246
3.2082,287.0445255
3.2084,287.2980741
3.2086,287.080854
3.2088,286.9682546
3.209,286.9602673
3.2092,286.795375
3.2094,287.048893
3.2096,286.8840066
3.2098,286.8760208
3.21,286.7111474
3.2102,286.6508716
3.2104,286.5905986
3.2106,286.5303286
3.2108,286.5223515
3.211,286.4097973
3.2112,286.2972489
3.2114,286.080135
3.2116,285.9676012
3.2118,286.1687695
3.212,285.5857072
3.2122,286.0482731
3.2124,286.092586
3.2126,285.8232346
3.2128,286.1289276
3.213,285.7550413
3.2132,285.7993556
3.2134,285.6868538
3.2136,285.6266275
3.2138,285.6186722
3.214,285.6107169
3.2142,285.8640879
3.2144,286.0651805
3.2146,285.9526874
3.2148,285.892461
3.215,285.9367564
3.2152,285.9810489
3.2154,285.7117994
3.2156,285.5993297
3.2158,285.5391193
3.216,285.2176511
3.2162,285.2097046
3.2164,285.3062565
3.2166,285.0893159
3.2168,285.1858649
3.217,285.0734286
3.2172,285.2744586
3.2174,285.2142672
3.2176,284.9451167
3.2178,285.4595664
3.218,285.1381856
3.2182,285.1824752
3.2184,285.1745272
3.2186,285.0621127
3.2188,285.1586312
3.219,284.9939922
3.2192,285.1427352
3.2194,284.9781049
3.2196,284.7612575
3.2198,284.7533197
3.22,284.7453819
3.2202,284.8418872
3.2204,284.625066
3.2206,284.5649125
3.2208,284.6091962
3.221,284.444614
3.2212,284.697755
3.2214,284.5853915
3.2216,284.5252452
3.2218,284.5695217
3.222,284.6137953
3.2222,284.5536519
3.2224,284.7023337
3.2226,284.485578
3.2228,284.5298472
3.223,284.2609063
3.2232,284.3051784
3.2234,284.1928527
3.2236,284.2371234
3.2238,284.1770004
3.224,284.0646864
3.2242,284.1089556
3.2244,284.2054129
3.2246,284.3018644
3.2248,284.5026862
3.225,284.2338166
3.2252,284.2258876
3.2254,284.2179585
3.2256,284.0534826
3.2258,284.0455579
3.226,284.0376332
3.2262,283.8209968
3.2264,283.813078
3.2266,283.7008091
3.2268,283.8494137
3.227,283.7893213
3.2272,283.7814024
3.2274,283.8778218
3.2276,283.8699
3.2278,283.809812
3.228,283.5932324
3.2282,283.6374812
3.2284,283.3687558
3.2286,283.3086868
3.2288,283.5615743
3.229,283.2407148
3.2292,283.0241847
3.2294,283.120594
3.2296,283.1126911
3.2298,283.2090916
3.23,283.1490356
3.2302,283.2454288
3.2304,283.2375216
3.2306,283.2817601
3.2308,283.0652738
3.231,282.9009421
3.2312,282.945185
3.2314,282.7808649
3.2316,282.7208307
3.2318,282.7650737
3.232,282.7571781
3.2322,282.8014168
3.2324,282.7413869
3.2326,282.837754
3.2328,282.8819853
3.233,282.9262138
3.2332,282.9704393
3.2334,282.8582854
3.2336,282.6940133
3.2338,282.8424855
3.234,282.7824644
3.2342,282.8266856
3.2344,282.7145492
3.2346,282.6024186
3.2348,282.6466398
3.235,282.5866303
3.2352,282.6308486
3.2354,282.570842
3.2356,282.35451
3.2358,282.2424056
3.236,282.0260939
3.2362,281.9140041
3.2364,281.8019201
3.2366,281.7940464
3.2368,281.9945756
3.237,281.986696
3.2372,280.259588
3.2374,281.9709368
3.2376,281.9630573
3.2378,281.9551777
3.238,282.1035741
3.2382,281.9394185
3.2384,282.0357171
3.2386,281.8194841
3.2388,281.9678659
3.239,281.8558154
3.2392,281.795854
3.2394,281.7358955
3.2396,281.8842614
3.2398,281.8763818
3.24,281.9205797
3.2402,281.8606227
3.2404,281.9568922
3.2406,281.8448635
3.2408,281.9411272
3.241,281.8291043
3.2412,281.7170873
3.2414,281.5009416
3.2416,281.4410049
3.2418,281.3290069
3.242,281.2690775
3.2422,281.3132739
3.2424,281.3574674
3.2426,281.2975409
3.2428,277.177166
3.243,281.4379748
3.2432,281.4821581
3.2434,281.5783912
3.2436,281.4143622
3.2438,281.250342
3.244,281.0863305
3.2442,281.0784684
3.2444,281.1226517
3.2446,281.1147882
3.2448,281.0548821
3.245,280.9949789
3.2452,281.0391579
3.2454,281.0833339
3.2456,281.1795437
3.2458,281.2757477
3.246,281.2678783
3.2462,281.2079766
3.2464,281.2001086
3.2466,281.1402113
3.2468,280.924233
3.247,280.9163723
3.2472,281.0125617
3.2474,281.0046982
3.2476,280.9448125
3.2478,280.988971
3.248,281.0331267
3.2482,280.9732439
3.2484,278.1044835
3.2486,280.7494574
3.2488,280.7415996
3.249,280.577706
3.2492,280.4138212
3.2494,280.4059722
3.2496,280.3981232
3.2498,280.3382681
3.25,280.2264112
3.2502,280.4265794
3.2504,280.2627236
3.2506,280.3588781
3.2508,280.5590245
3.251,280.3431801
3.2512,280.4393229
3.2514,280.2754876
3.2516,280.3716261
3.2518,280.3117841
3.252,280.303935
3.2522,280.3480747
3.2524,280.288237
3.2526,280.4883309
3.2528,280.4804761
3.253,280.3686556
3.2532,280.4647664
3.2534,280.248992
3.2536,280.137186
3.2538,280.1293399
3.254,280.8491514
3.2542,279.9577255
3.2544,279.9498837
3.2546,279.942042
3.2548,279.9342003
3.255,279.9783268
3.2552,280.1783508
3.2554,279.9626404
3.2556,280.1106889
3.2558,280.1028414
3.256,280.0949938
3.2562,279.8793081
3.2564,280.0273406
3.2566,279.9155813
3.2568,279.8557829
3.257,279.7959875
3.2572,279.6842427
3.2574,279.7283561
3.2576,279.51272
3.2578,279.6607306
3.258,279.6528933
3.2582,279.5931109
3.2584,279.689162
3.2586,279.473555
3.2588,279.6734844
3.259,279.6656456
3.2592,279.6058691
3.2594,279.7538404
3.2596,280.7327595
3.2598,279.6342903
3.26,279.7303152
3.2602,279.7224735
3.2604,279.7146317
3.2606,279.70679
3.2608,279.6989483
3.261,279.5872574
3.2612,279.5794185
3.2614,279.519658
3.2616,279.5637409
3.2618,279.5039833
3.262,279.6518979
3.2622,279.5921403
3.2624,279.324728
3.2626,279.316895
3.2628,279.412885
3.263,279.4050491
3.2632,279.3972132
3.2634,279.2336559
3.2636,279.122013
3.2638,279.1660886
3.264,279.054453
3.2642,279.2023297
3.2644,279.2982979
3.2646,279.238565
3.2648,279.0231443
3.265,279.2747945
3.2652,281.3946147
3.2654,279.3110182
3.2656,279.1994
3.2658,279.347236
3.266,279.2875104
3.2662,279.1240143
3.2664,279.0642975
3.2666,279.1083512
3.2668,278.9448726
3.267,279.144569
3.2672,278.9292182
3.2674,279.025147
3.2676,278.9135639
3.2678,279.0094869
3.268,278.5866677
3.2682,278.9938267
3.2684,279.1416088
3.2686,278.9781665
3.2688,278.9184686
3.269,278.7550409
3.2692,278.8509465
3.2694,278.8431193
3.2696,278.7315681
3.2698,278.5163017
3.27,278.5603424
3.2702,278.5525225
3.2704,278.3891341
3.2706,278.3294638
3.2708,278.7364758
3.271,278.4693911
3.2712,278.5652733
3.2714,278.557452
3.2716,278.5496306
3.2718,278.5418093
3.272,278.741366
3.2722,278.5780096
3.2724,278.9330781
3.2726,278.8734049
3.2728,278.6063799
3.273,278.5985556
3.2732,278.5907314
3.2734,278.6865758
3.2736,278.7824143
3.2738,278.4117643
3.274,278.6112643
3.2742,278.344296
3.2744,278.3883046
3.2746,278.3804848
3.2748,278.2690166
3.275,278.364845
3.2752,278.3570251
3.2754,278.4528447
3.2756,278.1859303
3.2758,278.2299317
3.276,278.3775609
3.2762,278.2142977
3.2764,278.3101057
3.2766,278.2504748
3.2768,278.1390372
3.277,278.1312216
3.2772,278.0197928
3.2774,278.0119801
3.2776,278.0559713
3.2778,277.9445526
3.278,277.8331398
3.2782,277.6699333
3.2784,277.6103315
3.2786,277.7061221
3.2788,277.5429317
3.279,277.4315435
3.2792,277.7862903
3.2794,277.778482
3.2796,277.822463
3.2798,277.65929
3.28,277.8068435
3.2802,277.6954642
3.2804,277.635874
3.2806,277.6280687
3.2808,277.5684829
3.281,277.664237
3.2812,277.3975425
3.2814,277.3897429
3.2816,277.5372673
3.2818,277.4259171
3.282,277.2628009
3.2822,277.1514638
3.2824,277.3507454
3.2826,277.2394111
3.2828,277.0245509
3.283,277.2238179
3.2832,277.0089693
3.2834,277.0011786
3.2836,276.8898676
3.2838,276.8820798
3.284,277.1330777
3.2842,276.9700154
3.2844,277.0657332
3.2846,277.1614451
3.2848,276.9466431
3.285,276.9388523
3.2852,277.0345584
3.2854,276.9750177
3.2856,276.91548
3.2858,276.8042011
3.286,276.7964132
3.2862,276.6334019
3.2864,276.7808375
3.2866,276.6178349
3.2868,276.8169985
3.287,276.7574739
3.2872,276.6462182
3.2874,276.9488278
3.2876,276.7341103
3.2878,276.7780519
3.288,276.7185345
3.2882,276.8141998
3.2884,276.8581342
3.2886,276.7468946
3.2888,276.7391053
3.289,276.6278744
3.2892,276.5166493
3.2894,276.7157373
3.2896,276.6562316
3.2898,276.7001587
3.29,276.6923693
3.2902,276.4777318
3.2904,276.4699483
3.2906,276.4621648
3.2908,276.506089
3.291,276.4983041
3.2912,276.5939286
3.2914,276.5861408
3.2916,276.4232473
3.2918,276.4154638
3.292,276.4076803
3.2922,276.3998968
3.2924,276.3921133
3.2926,276.3843298
3.2928,276.3248532
3.293,276.6272211
3.2932,276.2575989
3.2934,276.4048846
3.2936,276.3454123
3.2938,276.3376288
3.294,276.2264766
3.2942,276.1670131
3.2944,276.2109154
3.2946,276.2548148
3.2948,276.1953542
3.295,276.2909278
3.2952,276.2831443
3.2954,276.2753608
3.2956,276.3192501
3.2958,276.4148077
3.296,276.5103594
3.2962,276.4509003
3.2964,276.3914441
3.2966,276.2286598
3.2968,276.0142203
3.297,276.2647554
3.2972,275.9470039
3.2974,276.1458662
3.2976,275.9831096
3.2978,275.9753319
3.298,276.0192095
3.2982,276.0114304
3.2984,275.9519989
3.2986,276.047523
3.2988,276.0397424
3.299,276.0319618
3.2992,275.9725347
3.2994,276.0164007
3.2996,275.8020456
3.2998,275.6393444
3.3,275.6832147
3.3002,275.6754428
3.3004,275.7193088
3.3006,275.6598991
3.3008,275.5488575
3.301,275.6443554
3.3012,275.6365835
3.3014,275.5255507
3.3016,275.7242979
3.3018,275.5100128
3.302,275.6054961
3.3022,275.4428502
3.3024,275.4867059
3.3026,275.3240717
3.3028,275.2646868
3.303,275.3085425
3.3032,275.3523953
3.3034,275.1381655
3.3036,275.2852488
3.3038,275.3290973
3.304,275.4245544
3.3042,275.2619551
3.3044,275.3057992
3.3046,275.1948187
3.3048,274.9806325
3.305,275.0760838
3.3052,275.0167208
3.3054,274.9057592
3.3056,274.9496033
3.3058,274.9934445
3.306,275.0888798
3.3062,274.8747359
3.3064,275.0733565
3.3066,275.0140022
3.3068,275.0578332
3.307,274.946892
3.3072,274.9907215
3.3074,274.8797877
3.3076,274.7172742
3.3078,274.8126891
3.308,274.7533508
3.3082,274.8487585
3.3084,274.7378421
3.3086,274.8332439
3.3088,274.9286399
3.309,275.0240301
3.3092,274.9646932
3.3094,275.214793
3.3096,275.3101657
3.3098,275.1476857
3.31,275.1399182
3.3102,274.822752
3.3104,274.7634282
3.3106,274.7041074
3.3108,274.5416653
3.311,274.4823532
3.3112,274.3199256
3.3114,274.5699686
3.3116,274.7168844
3.3118,274.6060175
3.312,274.6498165
3.3122,274.5389569
3.3124,274.428103
3.3126,274.523451
3.3128,274.412603
3.313,274.3017608
3.3132,274.2940137
3.3134,274.2347235
3.3136,274.0723527
3.3138,273.961531
3.314,274.1599478
3.3142,274.0491289
3.3144,274.0929235
3.3146,274.0851808
3.3148,274.2320369
3.315,274.2242898
3.3152,274.3711329
3.3154,274.157267
3.3156,273.9949399
3.3158,273.6265188
3.316,273.7733604
3.3162,273.7141022
3.3164,273.7063682
3.3166,273.750154
3.3168,274.0515291
3.317,274.1468187
3.3172,274.1905871
3.3174,274.1313245
3.3176,274.3296278
3.3178,274.1673414
3.318,274.0050639
3.3182,273.6882704
3.3184,273.6290281
3.3186,273.4667782
3.3188,273.4590485
3.319,273.2453093
3.3192,273.3405874
3.3194,273.3328607
3.3196,273.42813
3.3198,273.4204004
3.32,273.4641658
3.3202,273.2504601
3.3204,273.294227
3.3206,272.9775558
3.3208,272.7123913
3.321,272.550217
3.3212,272.3880515
3.3214,272.3288646
3.3216,272.4756145
3.3218,272.2104995
3.322,272.4087242
3.3222,272.4010208
3.3224,272.3418397
3.3226,272.4370901
3.3228,272.1205368
3.323,272.0613673
3.3232,271.7963135
3.3234,271.7371557
3.3236,271.7294697
3.3238,271.5159139
3.324,271.5596998
3.3242,271.6034827
3.3244,271.6987259
3.3246,271.4851934
3.3248,271.683354
3.325,271.5727505
3.3252,271.5650675
3.3254,271.403017
3.3256,271.2924296
3.3258,270.8731306
3.326,270.7625636
3.3262,270.6005524
3.3264,270.541447
3.3266,270.2765562
3.3268,270.5261362
3.327,270.6728133
3.3272,270.3564973
3.3274,270.297405
3.3276,270.3411952
3.3278,270.1277908
3.328,270.1201456
3.3282,269.9067587
3.3284,269.6933834
3.3286,269.7371824
3.3288,269.6781163
3.329,269.4647643
3.3292,269.3542803
3.3294,269.4495088
3.3296,269.2361801
3.3298,269.3314058
3.33,269.1180917
3.3302,269.1104727
3.3304,268.8457566
3.3306,268.7867269
3.3308,268.6762836
3.331,268.5144311
3.3312,268.5068281
3.3314,268.6020494
3.3316,268.4916222
3.3318,268.5868376
3.332,268.3736007
3.3322,268.3660006
3.3324,268.3069957
3.3326,268.2479936
3.3328,268.0347887
3.333,267.8215954
3.3332,267.6084138
3.3334,267.5494365
3.3336,267.439066
3.3338,267.3287013
3.334,267.2697357
3.3342,267.2621648
3.3344,266.9976423
3.3346,266.9386898
3.3348,267.0339023
3.335,266.8207935
3.3352,266.8132342
3.3354,264.3906726
3.3356,266.5925893
3.3358,266.4822756
3.336,266.3719677
3.3362,266.4157972
3.3364,266.1513694
3.3366,266.0410789
3.3368,266.03354
3.337,265.8205156
3.3372,265.8129825
3.3374,265.5999755
3.3376,265.5924482
3.3378,265.4308243
3.338,265.3205732
3.3382,265.2103279
3.3384,264.997366
3.3386,264.9898548
3.3388,264.9309852
3.339,264.6666913
3.3392,264.5051227
3.3394,264.4462706
3.3396,264.336069
3.3398,264.2258732
3.34,263.807586
3.3402,263.902803
3.3404,263.5358944
3.3406,263.6311128
3.3408,263.3669193
3.341,257.6604606
3.3412,263.0952801
3.3414,262.7797837
3.3416,262.7209942
3.3418,262.6108712
3.342,262.3467491
3.3422,262.4933098
3.3424,262.126541
3.3426,262.2730987
3.3428,262.1116728
3.343,262.0015832
3.3432,261.994152
3.3434,261.8327465
3.3436,261.7739963
3.3438,261.5612835
3.344,261.3485822
3.3442,261.2898495
3.3444,261.0771672
3.3446,261.0184447
3.3448,260.8570959
3.345,260.7983821
3.3452,260.6883596
3.3454,260.4244122
3.3456,260.6222583
3.3458,260.2557123
3.346,260.2483276
3.3462,260.1383342
3.3464,260.0283466
3.3466,254.8395164
3.3468,259.7057888
3.347,259.5958216
3.3472,259.4858601
3.3474,259.3246089
3.3476,259.317249
3.3478,259.1560109
3.348,258.9947815
3.3482,258.9361405
3.3484,258.6723488
3.3486,258.6650064
3.3488,258.4525221
3.349,258.6503217
3.3492,258.437849
3.3494,258.4305124
3.3496,258.6282945
3.3498,258.4158393
3.35,258.5110562
3.3502,258.4524414
3.3504,258.2400081
3.3506,258.2326759
3.3508,258.0715309
3.351,258.0642031
3.3512,258.0568752
3.3514,257.8957477
3.3516,257.9396894
3.3518,257.8811008
3.352,257.6687286
3.3522,261.147141
3.3524,257.8078711
3.3526,257.7492913
3.3528,257.6907144
3.353,257.6321404
3.3532,257.6248227
3.3534,257.6175051
3.3536,257.6101874
3.3538,257.5003716
3.354,257.2880663
3.3542,257.2295113
3.3544,257.0684696
3.3546,257.1124098
3.3548,257.1563471
3.355,256.2779551
3.3552,257.0392573
3.3554,256.8270045
3.3556,256.8197072
3.3558,256.7611754
3.356,256.4977142
3.3562,256.9002787
3.3564,256.739288
3.3566,256.5270774
3.3568,256.5197874
3.357,256.3075942
3.3572,256.3003101
3.3574,256.1905801
3.3576,256.1832989
3.3578,256.8930973
3.358,255.9638623
3.3582,255.9565869
3.3584,255.6932334
3.3586,255.583537
3.3588,255.4738464
3.359,255.2617392
3.3592,255.1008533
3.3594,254.9399762
3.3596,254.8303147
3.3598,254.6182482
3.36,254.5598052
3.3602,254.5525676
3.3604,254.442928
3.3606,254.6916913
3.3608,254.2236661
3.361,253.9092572
3.3612,253.6972562
3.3614,253.5364606
3.3616,253.2220968
3.3618,252.9589413
3.362,252.7981792
3.3622,252.8933656
3.3624,252.7326137
3.3626,252.7254256
3.3628,252.9229719
3.363,252.7110495
3.3632,252.7038614
3.3634,252.5431357
3.3636,252.5871298
3.3638,252.5287683
3.364,252.2657104
3.3642,252.1561872
3.3644,251.893154
3.3646,251.6301354
3.3648,251.5206384
3.365,251.3088121
3.3652,251.2504957
3.3654,251.1410177
3.3656,250.929219
3.3658,250.922079
3.366,250.6079773
3.3662,250.9589578
3.3664,250.5937147
3.3666,250.5865834
3.3668,250.3748342
3.367,250.2142497
3.3672,250.1048255
3.3674,249.9954071
3.3676,249.8859946
3.3678,249.7254407
3.368,249.5648955
3.3682,249.5577918
3.3684,249.4484026
3.3686,249.3390191
3.3688,249.2296416
3.369,249.0691313
3.3692,249.3177257
3.3694,249.0549503
3.3696,249.0989938
3.3698,249.1941671
3.37,249.1870722
3.3702,249.2822366
3.3704,249.2240106
3.3706,249.1657875
3.3708,249.1586926
3.371,249.0493499
3.3712,249.0933803
3.3714,249.1885289
3.3716,249.0791935
3.3718,249.3276903
3.372,248.9627733
3.3722,248.9045677
3.3724,248.7441375
3.3726,248.5326038
3.3728,248.4233033
3.373,248.2628994
3.3732,248.2047199
3.3734,248.0954369
3.3736,248.0883697
3.3738,248.2346129
3.374,248.1764393
3.3742,248.2204697
3.3744,248.162299
3.3746,248.1552288
3.3748,247.9437738
3.375,247.9367094
3.3752,247.7252718
3.3754,247.6671215
3.3756,247.353522
3.3758,247.1932068
3.376,246.9818129
3.3762,247.0258608
3.3764,246.9677366
3.3766,246.9606985
3.3768,247.0047421
3.377,246.9977025
3.3772,246.9906629
3.3774,247.1879325
3.3776,246.9765837
3.3778,247.0206186
3.378,246.8603587
3.3782,246.9043935
3.3784,246.8973554
3.3786,246.8392487
3.3788,246.9343463
3.379,246.876241
3.3792,246.9202671
3.3794,246.811102
3.3796,246.8040654
3.3798,246.5927894
3.38,246.2283499
3.3802,246.1192154
3.3804,246.0100867
3.3806,245.8499098
3.3808,245.7407943
3.381,245.7337867
3.3812,245.8288784
3.3814,245.8729162
3.3816,245.7127641
3.3818,245.7568018
3.382,245.6477051
3.3822,245.5896567
3.3824,245.4805702
3.3826,245.3204501
3.3828,245.1093008
3.383,245.0512727
3.3832,244.7380721
3.3834,244.5779899
3.3836,244.315852
3.3838,244.1557902
3.384,244.1488248
3.3842,244.1418595
3.3844,244.0328415
3.3846,244.1279288
3.3848,244.0189166
3.385,244.0119542
3.3852,244.0049918
3.3854,243.9980294
3.3856,243.8380141
3.3858,243.6780076
3.386,243.6710539
3.3862,243.5620737
3.3864,243.300064
3.3866,243.2931205
3.3868,243.2351681
3.387,243.0752038
3.3872,242.8642423
3.3874,242.8063059
3.3876,242.9523847
3.3878,242.6394403
3.388,242.4795139
3.3882,242.4725922
3.3884,242.2616816
3.3886,242.1527742
3.3888,242.0438727
3.389,241.7819983
3.3892,241.6731128
3.3894,241.5132431
3.3896,241.3533821
3.3898,241.1425429
3.39,241.0336864
3.3902,241.0268041
3.3904,241.0199217
3.3906,240.7581333
3.3908,240.7512582
3.391,240.7953614
3.3912,240.6355543
3.3914,240.475756
3.3916,240.4688882
3.3918,240.3600754
3.392,240.3532106
3.3922,240.2444065
3.3924,240.1865764
3.3926,240.1797159
3.3928,240.070925
3.393,240.0131037
3.3932,239.9043229
3.3934,239.6936263
3.3936,239.6867789
3.3938,239.3741839
3.394,239.4183017
3.3942,239.2585966
3.3944,239.2517608
3.3946,239.0411166
3.3948,239.0852373
3.395,239.1293551
3.3952,238.8168358
3.3954,238.8100117
3.3956,238.8031876
3.3958,238.6435334
3.396,238.5857717
3.3962,238.528013
3.3964,238.5211961
3.3966,238.208754
3.3968,238.2019459
3.397,238.2460724
3.3972,237.984597
3.3974,237.9777947
3.3976,237.9709924
3.3978,237.9132613
3.398,237.7536784
3.3982,238.1033633
3.3984,238.0456322
3.3986,237.936981
3.3988,237.8792572
3.399,237.9233765
3.3992,237.6110624
3.3994,237.7061032
3.3996,237.4956439
3.3998,237.5906818
3.4,237.3293243
3.4002,237.169804
3.4004,236.9084727
3.4006,236.901698
3.4008,236.9967374
3.401,236.7863378
3.4012,236.7286621
3.4014,236.7727944
3.4016,236.5624181
3.4018,236.4029531
3.402,236.3961916
3.4022,236.185843
3.4024,236.2299826
3.4026,235.9687561
3.4028,235.9620062
3.403,235.8025835
3.4032,235.7449485
3.4034,235.7382044
3.4036,235.8332335
3.4038,235.5211758
3.404,235.8706233
3.4042,235.6094638
3.4044,235.5009611
3.4046,235.3924642
3.4048,235.3857289
3.405,235.0737352
3.4052,235.0670086
3.4054,235.2129025
3.4056,234.8500673
3.4058,234.792476
3.406,234.7857567
3.4062,234.5755667
3.4064,234.6705857
3.4066,234.3586808
3.4068,234.3519731
3.407,234.1418181
3.4072,234.0333955
3.4074,233.9758376
3.4076,233.7148528
3.4078,233.7590186
3.408,233.6506179
3.4082,233.5422229
3.4084,233.3829821
3.4086,233.3763007
3.4088,233.1662243
3.409,233.0578541
3.4092,232.7969522
3.4094,232.7394424
3.4096,232.6310926
3.4098,232.5227486
3.41,232.3635704
3.4102,232.204401
3.4104,232.1977516
3.4106,232.0385952
3.4108,232.0827844
3.411,232.0253051
3.4112,231.8661663
3.4114,231.8086958
3.4116,231.8020565
3.4118,231.8970711
3.412,231.890429
3.4122,231.6296669
3.4124,231.623032
3.4126,231.4639339
3.4128,231.4573034
3.413,231.2474002
3.4132,231.1899588
3.4134,231.0817051
3.4136,230.9734572
3.4138,230.8652151
3.414,230.8586006
3.4142,230.7503673
3.4144,230.8961797
3.4146,231.0419833
3.4148,230.9845579
3.415,231.0795463
3.4152,230.9205181
3.4154,230.9647014
3.4156,230.7548856
3.4158,230.6974747
3.416,230.5384742
3.4162,230.3286875
3.4164,230.3220862
3.4166,230.061525
3.4168,230.1565119
3.417,230.1499149
3.4172,230.0417427
3.4174,230.1367209
3.4176,230.1301238
3.4178,230.0727436
3.418,230.066148
3.4182,229.8056509
3.4184,229.9513992
3.4186,229.5893647
3.4188,229.5320063
3.419,229.4746508
3.4192,229.3665252
3.4194,229.2076338
3.4196,229.3026018
3.4198,229.2960267
3.42,229.2894515
3.4202,229.1813448
3.4204,229.0732439
3.4206,228.8636232
3.4208,228.7555369
3.421,228.8504961
3.4212,228.7931741
3.4214,228.5835839
3.4216,228.424761
3.4218,228.6212256
3.422,228.5131625
3.4222,228.5066077
3.4224,228.7030519
3.4226,228.645743
3.4228,228.7914244
3.423,228.8356062
3.4232,228.6260656
3.4234,228.7717338
3.4236,228.4607242
3.4238,228.4034299
3.424,228.2954003
3.4242,228.0859033
3.4244,227.876418
3.4246,227.7684117
3.4248,227.7618759
3.425,227.6031475
3.4252,227.6473454
3.4254,227.8437241
3.4256,227.8371853
3.4258,227.8306465
3.426,227.8748313
3.4262,227.7668469
3.4264,227.6081477
3.4266,227.6016147
3.4268,227.3922109
3.427,227.3856838
3.4272,227.277727
3.4274,227.1697761
3.4276,227.0111191
3.4278,227.0553126
3.428,226.8966673
3.4282,226.8394457
3.4284,226.8836392
3.4286,226.6743067
3.4288,226.515689
3.429,226.6612903
3.4292,226.5026813
3.4294,226.5468763
3.4296,226.388279
3.4298,226.2803863
3.43,226.0204162
3.4302,225.9632325
3.4304,225.8553602
3.4306,225.7474937
3.4308,225.7410102
3.431,225.5824653
3.4312,225.3732435
3.4314,225.4681387
3.4316,225.2082486
3.4318,225.1004171
3.432,224.8405517
3.4322,224.6313794
3.4324,224.5235726
3.4326,224.3144207
3.4328,224.3079765
3.433,224.0481695
3.4332,223.9910615
3.4334,223.8832867
3.4336,223.826186
3.4338,223.8197549
3.434,223.6613279
3.4342,223.4522458
3.4344,223.3951626
3.4346,223.1354385
3.4348,222.9770479
3.435,222.8186661
3.4352,222.7109495
3.4354,222.5525837
3.4356,222.3435729
3.4358,222.3371827
3.436,222.0775386
3.4362,222.0711556
3.4364,222.0647726
3.4366,222.0077432
3.4368,221.8494269
3.437,221.7417628
3.4372,221.7353885
3.4374,221.7796548
3.4376,221.4694444
3.4378,221.3111645
3.438,221.2035295
3.4382,220.9439961
3.4384,220.8870104
3.4386,220.7287639
3.4388,220.7224173
3.439,220.6654418
3.4392,220.6590966
3.4394,220.7033775
3.4396,220.5451572
3.4398,220.538815
3.44,220.3806079
3.4402,220.1717893
3.4404,220.0136011
3.4406,219.6529525
3.4408,219.5960192
3.441,219.4378601
3.4412,219.2290968
3.4414,219.1215681
3.4416,219.0646552
3.4418,218.9571366
3.442,219.0014451
3.4422,218.6915114
3.4424,218.6852201
3.4426,218.5271207
3.4428,218.5208338
3.443,218.4133473
3.4432,218.2552683
3.4434,218.1477949
3.4436,217.9897319
3.4438,217.9834595
3.444,217.9771871
3.4442,217.8697326
3.4444,217.8634632
3.4446,217.8571937
3.4448,217.8003376
3.445,217.6928991
3.4452,217.5348827
3.4454,217.5792043
3.4456,217.4211995
3.4458,217.212624
3.446,217.0546382
3.4462,217.0989671
3.4464,216.8398428
3.4466,216.7324538
3.4468,216.6250706
3.447,216.4671226
3.4472,216.5620295
3.4474,216.5052272
3.4476,216.4484278
3.4478,216.3410665
3.448,216.1325842
3.4482,216.0252374
3.4484,216.0190175
3.4486,215.7600024
3.4488,215.7032321
3.449,215.343128
3.4492,215.2358177
3.4494,215.2296196
3.4496,215.1728697
3.4498,215.166673
3.45,215.2615741
3.4502,215.3059219
3.4504,215.148083
3.4506,215.1418864
3.4508,215.1862327
3.451,215.0789515
3.4512,215.0222162
3.4514,214.8138678
3.4516,214.7571427
3.4518,214.4982775
3.452,214.441564
3.4522,214.536452
3.4524,214.47974
3.4526,214.3725009
3.4528,214.2652677
3.453,214.3096214
3.4532,214.0508188
3.4534,214.0446512
3.4536,214.0384837
3.4538,213.8302314
3.454,213.6725105
3.4542,213.6158349
3.4544,213.5086454
3.4546,213.1994002
3.4548,213.2437699
3.455,213.1365993
3.4552,213.0294345
3.4554,213.0232946
3.4556,212.9161386
3.4558,212.7079751
3.456,212.6513388
3.4562,212.7462165
3.4564,212.8410884
3.4566,212.6329497
3.4568,212.7278187
3.457,212.6711882
3.4572,212.5135677
3.4574,212.456946
3.4576,212.3498337
3.4578,212.2427271
3.458,212.3375888
3.4582,212.2304881
3.4584,212.1738809
3.4586,212.2182491
3.4588,212.2121296
3.459,212.1050434
3.4592,211.9979631
3.4594,211.941369
3.4596,211.8342989
3.4598,211.8281895
3.46,211.6706521
3.4602,211.5131233
3.4604,211.4565496
3.4606,211.2990354
3.4608,211.1920002
3.461,211.0345021
3.4612,210.9779473
3.4614,211.072793
3.4616,210.9657752
3.4618,210.7578374
3.462,210.7012957
3.4622,210.7961371
3.4624,210.5377625
3.4626,210.5316881
3.4628,210.3742467
3.463,210.3681767
3.4632,210.3621067
3.4634,210.3055854
3.4636,210.249067
3.4638,210.2429999
3.464,210.2369328
3.4642,210.3317567
3.4644,210.1239106
3.4646,210.2691741
3.4648,210.2126645
3.465,210.3074767
3.4652,210.2005303
3.4654,210.2953367
3.4656,210.0875255
3.4658,209.9805937
3.466,209.8736676
3.4662,209.7667474
3.4664,209.760692
3.4666,209.8050645
3.4668,209.5973014
3.467,209.4904001
3.4672,209.3835047
3.4674,209.2766151
3.4676,209.2705727
3.4678,209.012434
3.468,208.8551455
3.4682,208.6978657
3.4684,208.4901797
3.4686,208.4337458
3.4688,208.1756667
3.469,208.0688339
3.4692,208.062825
3.4694,208.0568161
3.4696,207.8995888
3.4698,207.943989
3.47,207.8875798
3.4702,207.9823789
3.4704,207.7747701
3.4706,207.7687685
3.4708,207.8131644
3.471,207.5551814
3.4712,207.7507638
3.4714,207.3416176
3.4716,207.2348444
3.4718,207.3296377
3.472,207.2732591
3.4722,207.0153344
3.4724,207.0093532
3.4726,207.2049093
3.4728,206.896625
3.473,206.9410282
3.4732,206.7839085
3.4734,206.5764191
3.4736,206.4193184
3.4738,206.312602
3.474,205.9540207
3.4742,205.8473233
3.4744,205.6902604
3.4746,205.6339458
3.4748,205.2754242
3.475,205.2191242
3.4752,205.1124617
3.4754,205.005805
3.4756,205.0502416
3.4758,204.792509
3.476,204.7362294
3.4762,204.6799527
3.4764,204.3215388
3.4766,204.3659871
3.4768,204.0076023
3.477,204.0017041
3.4772,203.945455
3.4774,203.9899076
3.4776,203.9840094
3.4778,203.9781112
3.478,203.8715229
3.4782,203.9159712
3.4784,203.9100744
3.4786,203.853837
3.4788,203.7472633
3.479,203.6406954
3.4792,203.6851422
3.4794,203.4275771
3.4796,203.37136
3.4798,203.3151459
3.48,203.2589347
3.4802,203.1523974
3.4804,203.0961934
3.4806,203.0399924
3.4808,203.0341189
3.481,203.0282454
3.4812,202.9217285
3.4814,202.6642565
3.4816,202.6080744
3.4818,202.3003084
3.482,202.2441394
3.4822,202.0873444
3.4824,202.0311841
3.4826,202.0253383
3.4828,201.8182522
3.483,201.8124122
3.4832,201.6053435
3.4834,201.649815
3.4836,201.5936751
3.4838,201.4369325
3.484,201.3808014
3.4842,201.2743733
3.4844,201.1176525
3.4846,201.1118314
3.4848,200.9048283
3.485,200.899013
3.4852,200.9434904
3.4854,200.7868002
3.4856,200.9821467
3.4858,200.8757521
3.486,201.0207972
3.4862,200.9646923
3.4864,200.8080225
3.4866,200.8524911
3.4868,200.7963949
3.487,200.5894631
3.4872,200.533377
3.4874,200.5275705
3.4876,200.4212137
3.4878,200.2143154
3.488,200.057701
3.4882,199.951366
3.4884,199.9455755
3.4886,199.939785
3.4888,199.8334617
3.489,199.7271442
3.4892,199.8218865
3.4894,199.7658369
3.4896,199.7097902
3.4898,199.502969
3.49,199.5474478
3.4902,199.189874
3.4904,199.1338491
3.4906,199.2285871
3.4908,198.9213044
3.491,198.9657919
3.4912,199.0605255
3.4914,199.0045109
3.4916,199.0489911
3.4918,198.9929794
3.492,198.8364843
3.4922,198.9312062
3.4924,198.6240007
3.4926,198.7187226
3.4928,198.512015
3.493,198.4057907
3.4932,198.3498066
3.4934,198.2435924
3.4936,198.1876156
3.4938,198.0814116
3.494,198.0756707
3.4942,198.0699297
3.4944,197.7628348
3.4946,197.7571025
3.4948,197.4500338
3.495,197.5447529
3.4952,197.2377074
3.4954,197.131553
3.4956,196.9249705
3.4958,196.8690461
3.496,196.8131246
3.4962,196.7069935
3.4964,196.7515014
3.4966,196.7960065
3.4968,196.5392595
3.497,196.6339742
3.4972,196.4274514
3.4974,196.2711441
3.4976,196.315655
3.4978,196.1091584
3.498,196.1536707
3.4982,196.0475862
3.4984,195.7407213
3.4986,195.6848493
3.4988,195.4282057
3.499,195.573114
3.4992,195.2662971
3.4994,195.3610118
3.4996,195.2549695
3.4998,195.1991193
3.5,195.0930871
3.5002,195.1376111
3.5004,194.9312223
3.5006,194.9757477
3.5008,194.5184795
3.501,194.6131913
3.5012,194.4068403
3.5014,194.1001517
3.5016,194.1948664
3.5018,193.9885445
3.502,193.9327453
3.5022,193.8267801
3.5024,193.7208207
3.5026,193.7151991
3.5028,193.5089195
3.503,193.5033037
3.5032,193.3472031
3.5034,193.1911112
3.5036,193.2858216
3.5038,193.1798971
3.504,193.0739785
3.5042,193.0683744
3.5044,193.163076
3.5046,193.3580745
3.5048,193.1017119
3.505,193.2967003
3.5052,193.1907948
3.5054,193.335623
3.5056,193.2297219
3.5058,193.0736839
3.506,192.8675134
3.5062,193.0123329
3.5064,192.8061756
3.5066,192.7003036
3.5068,192.6445728
3.507,192.6891128
3.5072,192.5331199
3.5074,192.6779219
3.5076,192.7224561
3.5078,192.616603
3.508,192.5107557
3.5082,192.5051647
3.5084,192.4494499
3.5086,192.3436157
3.5088,192.1876666
3.509,191.9314874
3.5092,191.8256765
3.5094,191.7699879
3.5096,191.5138422
3.5098,191.3078246
3.51,191.4024912
3.5102,191.2465989
3.5104,191.0907152
3.5106,191.1853789
3.5108,191.0796117
3.511,191.1241648
3.5112,190.9181982
3.5114,190.9126508
3.5116,190.9572039
3.5118,191.001754
3.512,190.8459111
3.5122,190.4896926
3.5124,190.3839677
3.5126,190.4786212
3.5128,190.6233606
3.513,190.4675498
3.5132,190.3618364
3.5134,190.1058669
3.5136,190.1003413
3.5138,189.8443936
3.514,189.8388754
3.5142,189.4827864
3.5144,189.4772784
3.5146,189.2714559
3.5148,189.1657993
3.515,189.2604514
3.5152,189.1047264
3.5154,188.9490102
3.5156,189.0436593
3.5158,188.9380232
3.516,188.7823244
3.5162,188.6767013
3.5164,188.470953
3.5166,188.2652165
3.5168,188.1095541
3.517,187.7536559
3.5172,187.7481959
3.5174,187.6926776
3.5176,187.2867648
3.5178,187.1812073
3.518,187.0756555
3.5182,186.9701096
3.5184,186.9146205
3.5186,186.7590353
3.5188,186.7035549
3.519,186.4979376
3.5192,186.4925125
3.5194,186.3369564
3.5196,186.2814935
3.5198,186.0759112
3.52,186.0704978
3.5202,185.6647815
3.5204,185.6593797
3.5206,185.5539081
3.5208,185.3984087
3.521,185.3930142
3.5212,185.3876197
3.5214,185.1320796
3.5216,184.9766094
3.5218,184.9712266
3.522,184.8157695
3.5222,184.8604143
3.5224,184.654947
3.5226,184.5995524
3.5228,184.3941041
3.523,184.6888421
3.5232,184.1833063
3.5234,184.2779744
3.5236,184.1725843
3.5238,184.0171883
3.524,183.8618011
3.5242,183.8564488
3.5244,183.5510528
3.5246,183.4456976
3.5248,183.2903439
3.525,183.1850018
3.5252,183.1796684
3.5254,183.0743351
3.5256,182.9690075
3.5258,182.7636916
3.526,182.9583524
3.5262,182.7530482
3.5264,182.647741
3.5266,182.6424222
3.5268,182.6371034
3.527,182.4818196
3.5272,182.4265183
3.5274,182.3712199
3.5276,182.2159564
3.5278,182.1606667
3.528,181.9554367
3.5282,181.9001572
3.5284,181.8448806
3.5286,181.8895604
3.5288,181.7843114
3.529,181.6790683
3.5292,181.7237481
3.5294,181.5685414
3.5296,181.5132822
3.5298,181.60793
3.53,181.6026388
3.5302,181.6972778
3.5304,181.5920565
3.5306,181.3869168
3.5308,181.4315922
3.531,181.3763461
3.5312,181.1212719
3.5314,181.0160812
3.5316,181.0108061
3.5318,180.9056241
3.532,180.750496
3.5322,180.7951787
3.5324,180.6400622
3.5326,180.4849545
3.5328,180.479694
3.533,180.4744334
3.5332,180.3692864
3.5334,180.2641452
3.5336,180.1590098
3.5338,180.2536357
3.534,179.9986939
3.5342,180.0933183
3.5344,179.688592
3.5346,179.5834872
3.5348,179.628183
3.535,179.4731554
3.5352,179.4679224
3.5354,179.2629807
3.5356,179.2078279
3.5358,179.2525265
3.536,179.0975309
3.5362,179.192151
3.5364,178.9872456
3.5366,178.8322704
3.5368,178.7771379
3.537,179.0714173
3.5372,178.7167958
3.5374,178.6616707
3.5376,178.4069036
3.5378,178.4516095
3.538,178.4464043
3.5382,178.3912922
3.5384,178.336183
3.5386,178.181269
3.5388,178.0762661
3.539,177.971269
3.5392,177.9660768
3.5394,177.9608847
3.5396,177.756106
3.5398,178.0502908
3.54,177.6459459
3.5402,177.4411934
3.5404,177.4360158
3.5406,177.2312808
3.5408,177.1762211
3.541,177.0712779
3.5412,176.8166856
3.5414,176.7616419
3.5416,176.5569549
3.5418,176.5019215
3.542,176.147616
3.5422,176.0925971
3.5424,176.1373336
3.5426,176.1321924
3.5428,175.9774312
3.543,176.0221662
3.5432,175.9671575
3.5434,176.0118896
3.5436,175.7574138
3.5438,175.8520149
3.544,175.846881
3.5442,175.6422944
3.5444,175.5374429
3.5446,175.3328768
3.5448,175.3776162
3.545,175.2229234
3.5452,175.3673746
3.5454,175.3123994
3.5456,175.1078682
3.5458,175.1526061
3.546,175.1474911
3.5462,175.1423762
3.5464,175.0375669
3.5466,174.7832264
3.5468,174.8279658
3.547,174.6234885
3.5472,174.5685467
3.5474,174.5634477
3.5476,174.458672
3.5478,174.5034128
3.548,174.2989733
3.5482,175.3403964
3.5484,174.28879
3.5486,174.2338671
3.5488,174.1789472
3.549,173.8748891
3.5492,174.0691161
3.5494,173.9643797
3.5496,173.9094728
3.5498,173.9542137
3.55,173.8993098
3.5502,173.8942283
3.5504,173.8393288
3.5506,173.7844322
3.5508,173.8789838
3.551,173.3757657
3.5512,173.8688208
3.5514,173.8637393
3.5516,173.7092299
3.5518,173.8535763
3.552,173.6990756
3.5522,173.5943887
3.5524,173.539511
3.5526,173.4846362
3.5528,173.5293654
3.553,173.2254981
3.5532,173.220434
3.5534,173.1655738
3.5536,173.1605112
3.5538,174.7488334
3.554,173.1005942
3.5542,173.0955331
3.5544,173.1900498
3.5546,172.985836
3.5548,172.9807777
3.555,172.7267968
3.5552,172.771529
3.5554,173.0153847
3.5556,172.7614242
3.5558,172.6568144
3.556,172.7015422
3.5562,172.6964912
3.5564,172.6914403
3.5566,172.1886604
3.5568,172.5817956
3.557,172.2781276
3.5572,172.4223939
3.5574,172.3675832
3.5576,172.1137129
3.5578,172.1584422
3.558,171.9045923
3.5582,171.9493244
3.5584,171.8447743
3.5586,171.6904717
3.5588,171.7849621
3.559,171.6306697
3.5592,171.6754018
3.5594,174.9042918
3.5596,171.366849
3.5598,171.411584
3.56,171.2573236
3.5602,171.1528186
3.5604,171.0980646
3.5606,170.8940823
3.5608,170.7398539
3.561,170.5856342
3.5612,170.5806415
3.5614,170.426435
3.5616,170.1230277
3.5618,170.2672532
3.562,170.1130685
3.5622,169.9091604
3.5624,170.0533786
3.5626,169.948942
3.5628,169.9439668
3.563,169.839539
3.5632,169.6853921
3.5634,169.7798709
3.5636,169.5760123
3.5638,169.6207677
3.564,169.3672061
3.5642,169.4119645
3.5644,169.3075715
3.5646,169.1534698
3.5648,169.1485164
3.565,164.4209469
3.5652,169.039189
3.5654,168.8354032
3.5656,168.631629
3.5658,168.726102
3.566,168.5720469
3.5662,168.5174065
3.5664,168.3633659
3.5666,168.3584343
3.5668,168.3535028
3.567,168.298874
3.5672,168.2939439
3.5674,168.139931
3.5676,168.0356196
3.5678,168.0306968
3.568,167.8270143
3.5682,167.6730319
3.5684,167.5190583
3.5686,167.4644645
3.5688,167.3105054
3.569,167.1565551
3.5692,167.151657
3.5694,167.0473995
3.5696,167.0425043
3.5698,167.0376092
3.57,166.9333633
3.5702,167.0278188
3.5704,166.9732512
3.5706,165.5775699
3.5708,166.9634638
3.571,166.859234
3.5712,166.7053433
3.5714,166.6507917
3.5716,166.6955705
3.5718,166.4423728
3.572,166.4374936
3.5722,166.3332958
3.5724,166.2291038
3.5726,166.0256048
3.5728,166.0207373
3.573,165.9662163
3.5732,165.9116981
3.5734,165.857183
3.5736,165.8523198
3.5738,165.8971044
3.574,165.6936548
3.5742,165.7384409
3.5744,165.7335806
3.5746,165.6790785
3.5748,165.6245794
3.575,165.5204441
3.5752,165.4163147
3.5754,165.4114632
3.5756,165.2080734
3.5758,165.2032277
3.576,165.1983821
3.5762,159.8334724
3.5764,165.0894332
3.5766,165.0349631
3.5768,164.980496
3.577,164.6779097
3.5772,164.7723245
3.5774,164.618626
3.5776,164.4649364
3.5778,164.5593482
3.578,164.4552858
3.5782,164.3512292
3.5784,164.5944778
3.5786,164.6392609
3.5788,164.485596
3.579,164.4807692
3.5792,164.4263341
3.5794,164.4215088
3.5796,164.2678671
3.5798,164.3126502
3.58,164.2086227
3.5802,164.104601
3.5804,164.0005852
3.5806,164.0453698
3.5808,163.9413612
3.581,163.8869537
3.5812,164.0309245
3.5814,163.9269246
3.5816,164.1204761
3.5818,163.5701741
3.582,163.8629001
3.5822,163.8580894
3.5824,163.9028637
3.5826,163.7988843
3.5828,163.6949107
3.583,163.5909428
3.5832,163.5365601
3.5834,163.4821803
3.5836,163.3782271
3.5838,163.4725793
3.584,163.4677787
3.5842,163.3638342
3.5844,163.3590366
3.5846,163.4533771
3.5848,163.2007385
3.585,163.1959452
3.5852,163.0920225
3.5854,163.0872322
3.5856,163.0328801
3.5858,162.9785308
3.586,162.9737434
3.5862,162.9193985
3.5864,162.9641685
3.5866,163.2071537
3.5868,163.202359
3.587,163.1975643
3.5872,163.1927696
3.5874,163.1879749
3.5876,163.1831802
3.5878,163.3270228
3.588,163.0745021
3.5882,163.0201674
3.5884,163.1144599
3.5886,162.9610467
3.5888,163.0553349
3.589,163.0505431
3.5892,163.1448225
3.5894,162.9914253
3.5896,163.0857004
3.5898,163.2295008
3.59,163.1256436
3.5902,163.2199055
3.5904,163.0665273
3.5906,162.9626833
3.5908,162.8093211
3.591,162.7550126
3.5912,162.7502281
3.5914,162.5968848
3.5916,162.4930684
3.5918,162.4882912
3.592,162.4339987
3.5922,162.3301954
3.5924,162.226398
3.5926,162.221628
3.5928,162.1178393
3.593,162.0635643
3.5932,161.9102792
3.5934,161.856013
3.5936,161.8017497
3.5938,161.7969913
3.594,161.792233
3.5942,161.6884763
3.5944,161.7332186
3.5946,161.8769507
3.5948,161.6742101
3.595,161.6199613
3.5952,161.5162235
3.5954,161.560963
3.5956,161.4077434
3.5958,161.6504331
3.596,161.4972194
3.5962,161.1955605
3.5964,161.1908182
3.5966,161.0871124
3.5968,161.1813336
3.597,161.0776337
3.5972,160.9739395
3.5974,160.9692031
3.5976,160.8655177
3.5978,160.9102571
3.598,160.7571075
3.5982,160.7523768
3.5984,160.6487089
3.5986,160.7923827
3.5988,160.3919248
3.599,160.4861329
3.5992,160.0857071
3.5994,160.1304567
3.5996,160.1257435
3.5998,159.972655
3.6,160.0668602
3.6002,160.0126929
3.6004,160.0574367
3.6006,159.9043671
3.6008,159.8007575
3.601,159.796053
3.6012,159.7419003
3.6014,159.7371973
3.6016,159.683049
3.6018,159.6289036
3.602,159.6242035
3.6022,159.4711805
3.6024,159.6148033
3.6026,159.5606652
3.6028,159.4570934
3.603,159.5512679
3.6032,159.3488346
3.6034,159.2947095
3.6036,159.4877413
3.6038,159.2358975
3.604,159.2806355
3.6042,159.4242234
3.6044,159.2218278
3.6046,159.1182909
3.6048,159.0641819
3.605,159.0594964
3.6052,159.0053917
3.6054,159.0007077
3.6056,158.9466074
3.6058,158.89251
3.606,158.8878289
3.6062,158.5866766
3.6064,158.6314146
3.6066,158.5279228
3.6068,158.4244369
3.607,158.815017
3.6072,158.3162916
3.6074,158.3610296
3.6076,158.4057647
3.6078,158.2528961
3.608,158.3964286
3.6082,158.2929659
3.6084,158.238905
3.6086,158.1354526
3.6088,158.0813988
3.609,158.0767395
3.6092,157.8745202
3.6094,157.8698667
3.6096,157.766439
3.6098,157.7124027
3.61,157.7571378
3.6102,157.7031045
3.6104,157.5503115
3.6106,157.5950466
3.6108,157.541022
3.611,157.3882465
3.6112,157.482357
3.6114,157.4283397
3.6116,157.1768351
3.6118,156.9747162
3.612,156.8219786
3.6122,156.767986
3.6124,156.7633631
3.6126,156.8574707
3.6128,156.6060258
3.613,156.7494943
3.6132,156.4980669
3.6134,156.690889
3.6136,156.6369096
3.6138,156.48422
3.614,156.6276695
3.6142,156.5736959
3.6144,156.470373
3.6146,156.2683546
3.6148,156.1650462
3.615,156.1604393
3.6152,156.0571397
3.6154,156.1018806
3.6156,155.8012146
3.6158,155.648592
3.616,155.7426806
3.6162,155.5900682
3.6164,155.6841525
3.6166,155.6795587
3.6168,155.4776261
3.617,155.4730381
3.6172,155.3204548
3.6174,155.2172105
3.6176,155.1139721
3.6178,154.9614121
3.618,154.9568386
3.6182,154.3110467
3.6184,154.7503996
3.6186,154.6471888
3.6188,154.6426241
3.619,154.6873781
3.6192,154.5841775
3.6194,154.4809827
3.6196,154.4271081
3.6198,154.175985
3.62,154.3193676
3.6202,154.3641216
3.6204,154.4088726
3.6206,154.4043138
3.6208,154.3011438
3.621,154.2472837
3.6212,154.3906372
3.6214,154.3367771
3.6216,154.3322197
3.6218,154.278364
3.622,154.3231049
3.6222,154.2199567
3.6224,154.1661082
3.6226,154.0629702
3.6228,153.811965
3.623,153.9552909
3.6232,153.7043031
3.6234,153.6011899
3.6236,153.5473676
3.6238,153.2471296
3.624,153.7847079
3.6242,153.6816034
3.6244,153.7263428
3.6246,153.7710793
3.6248,153.6679836
3.625,153.7619936
3.6252,153.5603566
3.6254,153.6050916
3.6256,153.5512825
3.6258,153.4974763
3.626,153.5422084
3.6262,153.5376714
3.6264,153.5331344
3.6266,153.2822806
3.6268,153.4255365
3.627,153.5687837
3.6272,153.5149863
3.6274,153.3626766
3.6276,153.5059122
3.6278,153.4521205
3.628,153.447585
3.6282,153.4430494
3.6284,153.5370143
3.6286,153.4339782
3.6288,153.3801953
3.629,153.5233989
3.6292,153.469616
3.6294,153.4650789
3.6296,153.4605419
3.6298,153.4560049
3.63,153.4022292
3.6302,153.2992193
3.6304,153.1962153
3.6306,153.1916855
3.6308,153.0886902
3.631,153.1333947
3.6312,152.9811768
3.6314,153.0751097
3.6316,153.1690368
3.6318,153.066056
3.632,153.0615292
3.6322,152.8108893
3.6324,153.0032543
3.6326,153.0971683
3.6328,152.9942036
3.633,152.8420279
3.6332,152.8375069
3.6334,152.7345581
3.6336,152.7792524
3.6338,152.5778891
3.634,152.6225848
3.6342,152.4704455
3.6344,152.4167281
3.6346,152.4614239
3.6348,152.309302
3.635,152.3047956
3.6352,152.2510883
3.6354,152.2957826
3.6356,152.2420783
3.6358,152.0407878
3.636,152.2330683
3.6362,152.2285633
3.6364,152.0272903
3.6366,152.1211723
3.6368,151.9199137
3.637,151.9646051
3.6372,152.0584798
3.6374,151.9064249
3.6376,151.9511119
3.6378,151.7990687
3.638,151.8929361
3.6382,151.790082
3.6384,151.7855887
3.6386,151.6827433
3.6388,151.5799037
3.639,151.5754162
3.6392,151.4725854
3.6394,151.3697604
3.6396,151.3652787
3.6398,151.2624624
3.64,151.1104862
3.6402,151.2043405
3.6404,151.1015373
3.6406,151.0970629
3.6408,150.9942684
3.641,150.8423213
3.6412,150.7886971
3.6414,150.6859201
3.6416,150.3865323
3.6418,150.3820783
3.642,150.328473
3.6422,150.176571
3.6424,150.1721227
3.6426,150.1185276
3.6428,150.0649354
3.643,150.0604901
3.6432,149.8103321
3.6434,149.9533173
3.6436,149.9980145
3.6438,150.1409851
3.644,149.9399901
3.6442,149.9846829
3.6444,149.8328377
3.6446,149.9757952
3.6448,149.9222205
3.645,149.7703898
3.6452,149.8642077
3.6454,149.7615138
3.6456,149.6588256
3.6458,149.8508849
3.646,149.8955661
3.6462,149.6455202
3.6464,149.5428466
3.6466,149.6857678
3.6468,149.5339822
3.647,149.7260095
3.6472,149.3777776
3.6474,149.2751258
3.6476,149.2215904
3.6478,149.2171669
3.648,149.1145283
3.6482,149.1101077
3.6484,149.1547918
3.6486,149.0521633
3.6488,148.8513372
3.649,148.7978236
3.6492,148.7443129
3.6494,148.6417078
3.6496,148.5391084
3.6498,148.5347039
3.65,148.1866481
3.6502,148.1331622
3.6504,148.1287693
3.6506,147.8789331
3.6508,148.0218091
3.651,147.8701618
3.6512,147.9639448
3.6514,147.9595562
3.6516,148.1024118
3.6518,148.048939
3.652,148.0445476
3.6522,147.8929251
3.6524,147.8394624
3.6526,147.5897063
3.6528,147.7325459
3.653,147.5809496
3.6532,147.5275015
3.6534,147.4740564
3.6536,147.4696809
3.6538,147.4653055
3.654,147.5590579
3.6542,147.5056171
3.6544,147.4521792
3.6546,147.4968633
3.6548,147.6887187
3.655,147.3899962
3.6552,147.4837326
3.6554,147.3812483
3.6556,147.2297175
3.6558,147.1272463
3.656,147.1719289
3.6562,147.069465
3.6564,146.9670069
3.6566,147.1097795
3.6568,146.9582822
3.657,146.9048778
3.6572,146.9985981
3.6574,146.896156
3.6576,146.8427574
3.6578,146.9364705
3.658,146.7850038
3.6582,146.7806458
3.6584,146.6782241
3.6586,146.6248386
3.6588,146.8166009
3.659,146.763214
3.6592,146.8569081
3.6594,146.8525473
3.6596,146.9462327
3.6598,146.8928472
3.66,146.5453432
3.6602,146.8841225
3.6604,146.6346736
3.6606,146.6303185
3.6608,146.576949
3.661,146.5235825
3.6612,146.3721958
3.6614,146.318838
3.6616,146.4125089
3.6618,146.3101454
3.662,146.158782
3.6622,146.1054359
3.6624,146.1010954
3.6626,146.0477536
3.6628,145.9454149
3.663,145.8920803
3.6632,145.9857396
3.6634,145.8344155
3.6636,145.7320942
3.6638,145.7767565
3.664,145.870407
3.6642,145.8660723
3.6644,145.714773
3.6646,145.8084162
3.6648,145.6571271
3.665,145.7017821
3.6652,145.6974518
3.6654,145.5951596
3.6656,145.2969554
3.6658,145.2926367
3.666,145.2393415
3.6662,145.1860492
3.6664,145.1817335
3.6666,145.1774177
3.6668,145.173102
3.667,144.8749705
3.6672,144.9685992
3.6674,144.9153229
3.6676,144.8620495
3.6678,144.7598155
3.668,144.6575874
3.6682,144.6043257
3.6684,144.5021078
3.6686,144.497811
3.6688,144.3466456
3.669,144.2933984
3.6692,144.2401542
3.6694,144.1869128
3.6696,144.2805254
3.6698,144.1783366
3.67,144.0761536
3.6702,144.2187064
3.6704,144.1654724
3.6706,144.1611843
3.6708,144.2547794
3.671,144.1526081
3.6712,144.0504426
3.6714,144.0950947
3.6716,143.9929364
3.6718,144.0375871
3.672,144.1801006
3.6722,144.0290167
3.6724,144.1225915
3.6726,144.0693749
3.6728,144.0161612
3.673,143.8161736
3.6732,143.9097425
3.6734,143.8076149
3.6736,143.7544143
3.6738,143.6522968
3.674,143.6480218
3.6742,143.5459131
3.6744,143.3459794
3.6746,143.3906271
3.6748,143.2885344
3.675,143.1864475
3.6752,143.133276
3.6754,143.0801074
3.6756,142.8802217
3.6758,142.9248738
3.676,142.8228117
3.6762,142.8674623
3.6764,142.8632091
3.6766,142.9078554
3.6768,142.9036008
3.677,142.9482427
3.6772,143.1395668
3.6774,142.9886241
3.6776,143.0821509
3.6778,143.1267811
3.678,142.9269624
3.6782,142.9715941
3.6784,142.8206777
3.6786,142.9141942
3.6788,142.763288
3.679,142.6612724
3.6792,142.8525456
3.6794,142.7016539
3.6796,142.7462812
3.6798,142.8886579
3.68,142.6889032
3.6802,142.8312725
3.6804,142.5826592
3.6806,142.5784119
3.6808,142.5252957
3.681,142.3744478
3.6812,142.2724744
3.6814,142.1705069
3.6816,142.3617233
3.6818,142.2108971
3.682,142.1089398
3.6822,142.0558469
3.6824,141.8561854
3.6826,141.9008142
3.6828,141.750023
3.683,141.7457989
3.6832,141.6438722
3.6834,141.6396511
3.6836,141.6842784
3.6838,141.7777498
3.684,141.8712154
3.6842,141.9158311
3.6844,141.813916
3.6846,141.9562125
3.6848,142.000821
3.685,141.8500734
3.6852,141.9923554
3.6854,141.6462752
3.6856,141.8862221
3.6858,141.6378301
3.686,141.7312695
3.6862,141.6782144
3.6864,141.6739904
3.6866,141.5232865
3.6868,141.7143675
3.687,141.5636709
3.6872,141.5594498
3.6874,141.5064079
3.6876,141.5021882
3.6878,141.5956043
3.688,141.3961161
3.6882,141.1966394
3.6884,141.143615
3.6886,140.9929694
3.6888,140.8911431
3.689,140.6917043
3.6892,140.7851233
3.6894,140.5856991
3.6896,140.5815056
3.6898,140.5773122
3.69,140.475515
3.6902,140.5201249
3.6904,140.4671339
3.6906,140.5605383
3.6908,140.4587528
3.691,140.4057677
3.6912,140.4991648
3.6914,140.3973895
3.6916,140.3444102
3.6918,140.3402225
3.692,140.189673
3.6922,140.2342756
3.6924,140.0837377
3.6926,140.2746891
3.6928,140.0265955
3.693,139.9736366
3.6932,139.9694592
3.6934,139.7213961
3.6936,139.863553
3.6938,139.76183
3.694,139.5625674
3.6942,139.5096303
3.6944,139.4079263
3.6946,139.4037649
3.6948,139.3020696
3.695,139.2491456
3.6952,139.1474605
3.6954,138.8994936
3.6956,138.9928689
3.6958,138.7449209
3.696,138.5945038
3.6962,138.7853926
3.6964,138.3424512
3.6966,138.3870741
3.6968,138.2854371
3.697,138.2813077
3.6972,138.2284288
3.6974,138.2730489
3.6976,138.317666
3.6978,138.3135352
3.698,138.1144298
3.6982,138.2565313
3.6984,138.1061797
3.6986,138.1995332
3.6988,138.0979296
3.699,138.0938046
3.6992,137.89474
3.6994,137.8906208
3.6996,137.8865016
3.6998,137.7361908
3.7,137.5371596
3.7002,137.6792334
3.7004,137.6263939
3.7006,137.5248326
3.7008,137.5694468
3.701,137.6627799
3.7012,137.5125055
3.7014,137.5571153
3.7016,137.6504397
3.7018,137.5976104
3.702,137.4960694
3.7022,137.4432473
3.7024,137.3904282
3.7026,137.386322
3.7028,137.2847986
3.703,137.2806954
3.7032,137.3252979
3.7034,137.1750803
3.7036,137.2196829
3.7038,137.1668797
3.704,136.9679796
3.7042,137.0612822
3.7044,136.9597907
3.7046,137.1991742
3.7048,137.04899
3.705,136.9962
3.7052,137.2842514
3.7054,137.1827672
3.7056,137.2760421
3.7058,137.3693111
3.706,137.5599452
3.7062,137.5071478
3.7064,137.308306
3.7066,137.547605
3.7068,137.4461325
3.707,137.442022
3.7072,137.3405582
3.7074,137.2391002
3.7076,137.0889743
3.7078,136.5494787
3.708,136.9347612
3.7082,137.0766734
3.7084,136.9752373
3.7086,136.9711399
3.7088,136.9670425
3.709,137.0602723
3.7092,137.056172
3.7094,137.1007324
3.7096,137.1452898
3.7098,137.0438711
3.71,136.9911146
3.7102,136.9383609
3.7104,136.8369568
3.7106,136.7355585
3.7108,136.634166
3.711,136.4841304
3.7112,136.4800461
3.7114,136.5246079
3.7116,136.3259437
3.7118,136.2732206
3.712,136.2205004
3.7122,136.3623442
3.7124,136.2609852
3.7126,136.3055441
3.7128,136.4960078
3.713,136.5405566
3.7132,136.3419374
3.7134,135.9488038
3.7136,136.2365145
3.7138,136.2810647
3.714,136.033849
3.7142,136.1270278
3.7144,136.0257037
3.7146,135.9243855
3.7148,135.8230731
3.715,135.6245268
3.7152,135.6204658
3.7154,135.3247029
3.7156,135.2234197
3.7158,135.0735281
3.716,134.9236453
3.7162,135.2112717
3.7164,134.8669545
3.7166,134.9601318
3.7168,134.9560897
3.717,134.8062317
3.7172,134.8507979
3.7174,134.7009515
3.7176,134.7455177
3.7178,134.7414814
3.718,134.6402491
3.7182,134.6362158
3.7184,134.5349922
3.7186,134.4337744
3.7188,134.5755236
3.719,134.3285379
3.7192,134.3245133
3.7194,134.2719009
3.7196,134.3650505
3.7198,134.4096095
3.72,134.5027489
3.7202,134.3529724
3.7204,134.397527
3.7206,134.4420786
3.7208,134.4380496
3.721,134.3854445
3.7212,134.381417
3.7214,134.2802429
3.7216,134.1790746
3.7218,134.2236233
3.722,134.0738934
3.7222,133.9727398
3.7224,133.9201579
3.7226,133.8190144
3.7228,133.8150029
3.723,133.4710598
3.7232,133.6127391
3.7234,133.511616
3.7236,133.4590559
3.7238,133.4064988
3.724,133.402499
3.7242,133.2528404
3.7244,133.2973964
3.7246,133.5361495
3.7248,133.1923054
3.725,132.994123
3.7252,132.9901349
3.7254,133.083235
3.7256,132.9821585
3.7258,132.9781703
3.726,132.9741821
3.7262,132.9216556
3.7264,132.820595
3.7266,132.8166112
3.7268,132.9096954
3.727,132.8086435
3.7272,132.8046597
3.7274,132.8006759
3.7276,132.8452203
3.7278,132.6956548
3.728,132.6916739
3.7282,132.5421216
3.7284,132.7322344
3.7286,132.5826894
3.7288,132.5787114
3.729,132.5262154
3.7292,132.2796563
3.7294,132.1786569
3.7296,132.1261769
3.7298,131.9766755
3.73,131.8756936
3.7302,131.7262083
3.7304,131.722255
3.7306,131.3787574
3.7308,131.4233193
3.731,131.5163816
3.7312,131.3669283
3.7314,131.5084867
3.7316,131.3590421
3.7318,131.3066015
3.732,131.3026599
3.7322,131.2987183
3.7324,131.2947767
3.7326,131.1938515
3.7328,131.0929322
3.733,126.0461547
3.7332,130.9880858
3.7334,131.0326389
3.7336,130.8347666
3.7338,130.685389
3.734,130.6814648
3.7342,130.6775407
3.7344,130.7220953
3.7346,130.6212152
3.7348,130.8111956
3.735,130.7103185
3.7352,130.65792
3.7354,130.6055245
3.7356,130.6016018
3.7358,130.5007422
3.736,130.3998884
3.7362,130.2990404
3.7364,130.2951265
3.7366,130.0488992
3.7368,130.0934538
3.737,129.9926261
3.7372,129.8918044
3.7374,129.8879021
3.7376,129.8355444
3.7378,129.7347357
3.738,129.6339328
3.7382,129.5331358
3.7384,129.819941
3.7386,127.296739
3.7388,129.4245662
3.739,129.5175674
3.7392,129.6105627
3.7394,129.8004368
3.7396,129.6512135
3.7398,129.5988777
3.74,129.7887343
3.7402,129.6395241
3.7404,129.6356276
3.7406,129.5832976
3.7408,129.6762668
3.741,129.3333544
3.7412,129.2810375
3.7414,129.2771512
3.7416,129.3701175
3.7418,129.2209539
3.742,129.3623391
3.7422,129.1647623
3.7424,129.2577198
3.7426,129.0601576
3.7428,129.1531122
3.743,129.1492288
3.7432,129.2421747
3.7434,129.2382884
3.7436,129.1375787
3.7438,129.2305159
3.744,129.129812
3.7442,131.8367395
3.7444,128.8800158
3.7446,128.7793309
3.7448,128.7754577
3.745,128.723183
3.7452,128.7677114
3.7454,128.667041
3.7456,128.8083622
3.7458,128.8044875
3.746,129.0425841
3.7462,128.9419166
3.7464,128.9864289
3.7466,128.8857687
3.7468,128.978668
3.747,128.8780136
3.7472,128.8257506
3.7474,128.8702585
3.7476,128.7212332
3.7478,128.6689789
3.748,128.7134869
3.7482,128.6612355
3.7484,128.5122334
3.7486,128.5083661
3.7488,128.407751
3.749,128.5490038
3.7492,128.4000221
3.7494,128.3961577
3.7496,128.3922932
3.7498,130.3714584
3.75,128.3845643
3.7502,128.1872453
3.7504,128.1833866
3.7506,128.1311673
3.7508,128.0305916
3.751,127.9300216
3.7512,127.8294575
3.7514,127.873964
3.7516,127.7250537
3.7518,127.6728562
3.752,127.7173627
3.7522,127.616819
3.7524,127.7580193
3.7526,127.0773256
3.7528,127.6052911
3.753,127.6981351
3.7532,127.5976059
3.7534,127.6904441
3.7536,127.5415818
3.7538,127.4894032
3.754,127.4855635
3.7542,127.4333892
3.7544,127.4778841
3.7546,127.3773811
3.7548,127.2285538
3.755,127.1280639
3.7552,127.0275799
3.7554,128.3285502
3.7556,126.923278
3.7558,126.9677772
3.756,127.060595
3.7562,126.766847
3.7564,127.0529389
3.7566,126.6625742
3.7568,126.755389
3.757,126.7515697
3.7572,126.5061869
3.7574,126.5989973
3.7576,126.3536334
3.7578,126.4464424
3.758,126.3460181
3.7582,125.9074615
3.7584,126.2900988
3.7586,126.1896875
3.7588,126.0892821
3.759,126.0854817
3.7592,125.9367869
3.7594,125.8363974
3.7596,125.6877186
3.7598,125.7322237
3.76,125.6801411
3.7602,125.6280615
3.7604,125.6725636
3.7606,125.6204869
3.7608,125.6649862
3.761,126.7234685
3.7612,125.5608415
3.7614,125.5087735
3.7616,125.6498312
3.7618,125.5977632
3.762,125.6422537
3.7622,125.493636
3.7624,125.4898517
3.7626,125.4860673
3.7628,125.4822829
3.763,125.4784985
3.7632,125.3299071
3.7634,125.3743946
3.7636,125.1292825
3.7638,125.173773
3.764,125.073471
3.7642,125.0214365
3.7644,125.0659255
3.7646,124.8691174
3.7648,124.8653505
3.765,124.7168158
3.7652,124.6647988
3.7654,124.6610377
3.7656,124.5607735
3.7658,124.5087652
3.766,124.5050085
3.7662,124.308263
3.7664,124.3527578
3.7666,125.4103798
3.7668,124.2005247
3.767,124.1002939
3.7672,124.000069
3.7674,124.0928038
3.7676,123.9925847
3.7678,124.0370781
3.768,124.0815686
3.7682,124.0295909
3.7684,124.1705408
3.7686,124.0703334
3.7688,124.01836
3.769,124.1110701
3.7692,123.9626475
3.7694,123.5731141
3.7696,124.0516081
3.7698,123.951421
3.77,123.8512398
3.7702,123.9439367
3.7704,123.8437613
3.7706,123.9364524
3.7708,123.8844965
3.771,123.8807558
3.7712,123.8288043
3.7714,123.8250651
3.7716,123.72491
3.7718,123.6247608
3.772,123.6210274
3.7722,125.0151962
3.7724,123.2761461
3.7726,123.1760216
3.7728,123.1723013
3.773,123.0721856
3.7732,122.8756832
3.7734,122.9683612
3.7736,122.9646467
3.7738,122.9127403
3.774,122.8608369
3.7742,122.8571253
3.7744,122.7570387
3.7746,122.75333
3.7748,122.6532522
3.775,122.0713488
3.7752,122.3085688
3.7754,122.4975942
3.7756,122.3011777
3.7758,122.3456594
3.776,122.2937866
3.7762,122.0973934
3.7764,122.2382225
3.7766,122.0418424
3.7768,122.0381541
3.777,122.0826344
3.7772,121.9826104
3.7774,121.9789236
3.7776,121.8789083
3.7778,124.3315251
3.778,121.7752179
3.7782,121.5788975
3.7784,121.6715391
3.7786,121.5715471
3.7788,121.4234055
3.779,121.3234266
3.7792,121.2716061
3.7794,121.2197885
3.7796,121.0716746
3.7798,121.0198657
3.78,120.9199131
3.7802,120.8199662
3.7804,120.6237375
3.7806,120.1868086
3.7808,120.5201606
3.781,120.516516
3.7812,120.3684574
3.7814,120.268544
3.7816,120.2167716
3.7818,120.165002
3.782,120.0651032
3.7822,119.9652103
3.7824,119.9615817
3.7826,119.9579531
3.7828,119.8580717
3.783,119.854446
3.7832,119.6583265
3.7834,121.9164406
3.7836,119.5548457
3.7838,119.6474669
3.784,119.5476118
3.7842,119.592111
3.7844,119.5884926
3.7846,119.6811007
3.7848,119.7255912
3.785,119.7219684
3.7852,119.7183456
3.7854,119.5704005
3.7856,119.5667821
3.7858,119.3707456
3.786,119.4152361
3.7862,118.786301
3.7864,119.2637075
3.7866,119.1639004
3.7868,119.2564882
3.787,119.1566869
3.7872,119.1530801
3.7874,119.1975663
3.7876,119.1458666
3.7878,119.0460799
3.788,119.0905646
3.7882,119.0869593
3.7884,119.0352684
3.7886,119.0797486
3.7888,119.0280606
3.789,121.4285185
3.7892,119.1170125
3.7894,119.1134057
3.7896,119.2059527
3.7898,119.1061922
3.79,119.2948813
3.7902,119.1951237
3.7904,119.191514
3.7906,119.2359739
3.7908,119.2804309
3.791,119.180685
3.7912,119.1290101
3.7914,119.0773381
3.7916,119.0737313
3.7918,118.9740029
3.792,119.0665178
3.7922,119.0148531
3.7924,119.1554172
3.7926,119.0556975
3.7928,119.0040372
3.793,119.0004319
3.7932,118.9487759
3.7934,118.8971228
3.7936,118.8935204
3.7938,118.9379643
3.794,118.9824053
3.7942,118.8346698
3.7944,118.8310689
3.7946,122.0461795
3.7948,118.775828
3.795,118.6281158
3.7952,118.6725568
3.7954,118.5248563
3.7956,118.4251977
3.7958,118.5176719
3.796,118.4180191
3.7962,118.5104875
3.7964,118.5068953
3.7966,118.6473808
3.7968,118.4997109
3.797,118.4000726
3.7972,118.3484618
3.7974,118.1527936
3.7976,118.3893048
3.7978,118.3376983
3.798,118.1420476
3.7982,118.0904513
3.7984,118.0868707
3.7986,118.0352788
3.7988,117.9836898
3.799,117.9321037
3.7992,117.7845065
3.7994,117.7329292
3.7996,117.6813547
3.7998,117.6777858
3.8,117.5782146
3.8002,119.9266343
3.8004,117.4750861
3.8006,117.471523
3.8008,117.3239739
3.801,117.1764335
3.8012,117.0768943
3.8014,116.9773609
3.8016,116.8778333
3.8018,116.7783116
3.802,116.7747688
3.8022,116.6752558
3.8024,116.7196997
3.8026,116.4762473
3.8028,116.4727133
3.803,116.0373655
3.8032,116.3217118
3.8034,116.4621114
3.8036,116.3146526
3.8038,116.215176
3.804,116.2596213
3.8042,116.2081226
3.8044,116.1566268
3.8046,116.0571662
3.8048,116.1016101
3.805,116.0980863
3.8052,115.7588193
3.8054,115.7073438
3.8056,115.7038317
3.8058,118.817651
3.806,115.4090625
3.8062,115.261691
3.8064,115.3061465
3.8066,115.2546929
3.8068,115.2032422
3.807,114.9599936
3.8072,115.1003495
3.8074,114.953013
3.8076,114.9495227
3.8078,114.9460324
3.808,114.9425421
3.8082,114.8431688
3.8084,114.8876215
3.8086,114.7403169
3.8088,114.8327067
3.809,114.733348
3.8092,114.7298635
3.8094,114.6784463
3.8096,114.627032
3.8098,114.5276907
3.81,114.4762837
3.8102,114.4248796
3.8104,114.4214039
3.8106,114.2741561
3.8108,114.0789945
3.811,114.075529
3.8112,114.0720634
3.8114,117.1353616
3.8116,113.9692989
3.8118,113.8220904
3.812,113.9623736
3.8122,113.8630862
3.8124,113.8596265
3.8126,113.9040762
3.8128,113.6610751
3.813,113.6097146
3.8132,113.7499774
3.8134,113.5549061
3.8136,113.5514551
3.8138,113.2605998
3.814,113.2092583
3.8142,113.0142263
3.8144,113.2981694
3.8146,113.151041
3.8148,113.0997082
3.815,113.1441623
3.8152,113.0928325
3.8154,113.0893946
3.8156,113.1338443
3.8158,113.0825188
3.816,112.9833115
3.8162,113.075643
3.8164,112.9764415
3.8166,112.8772459
3.8168,112.7780561
3.817,114.833356
3.8172,112.7233218
3.8174,112.6720196
3.8176,112.7164664
3.8178,112.5694239
3.818,112.6138707
3.8182,112.754052
3.8184,112.4634195
3.8186,112.6514621
3.8188,112.5523073
3.819,112.5488839
3.8192,112.4975992
3.8194,112.3505975
3.8196,112.5386139
3.8198,112.2959054
3.82,112.3403449
3.8202,112.3847816
3.8204,112.3335099
3.8206,112.1865388
3.8208,112.0874261
3.821,112.0361676
3.8212,111.9849119
3.8214,111.9815046
3.8216,111.8824094
3.8218,111.7833201
3.822,111.7320775
3.8222,111.6808379
3.8224,111.6774394
3.8226,114.305057
3.8228,111.4793014
3.823,111.4280749
3.8232,111.5681804
3.8234,111.4212923
3.8236,111.417901
3.8238,111.4623376
3.824,111.3632919
3.8242,111.264252
3.8244,111.2608651
3.8246,111.2574781
3.8248,111.1106293
3.825,111.0594275
3.8252,111.0560464
3.8254,110.9092165
3.8256,110.8102101
3.8258,110.902463
3.826,110.7078386
3.8262,110.6088468
3.8264,110.5576698
3.8266,110.5064957
3.8268,110.5031306
3.827,110.4997655
3.8272,110.4485972
3.8274,110.3018284
3.8276,110.3462694
3.8278,110.2473111
3.828,110.339548
3.8282,112.8693696
3.8284,110.1894432
3.8286,110.2338798
3.8288,110.1349389
3.829,110.0360039
3.8292,110.0326519
3.8294,109.9815127
3.8296,109.8348051
3.8298,109.9270274
3.83,109.8281127
3.8302,109.9203292
3.8304,109.8214204
3.8306,109.7702958
3.8308,109.862505
3.831,109.5247288
3.8312,109.7124876
3.8314,109.7091443
3.8316,109.705801
3.8318,109.511379
3.832,109.4125051
3.8322,109.4091706
3.8324,109.1670094
3.8326,109.2592099
3.8328,109.0648301
3.833,109.0137448
3.8332,109.0581814
3.8334,109.1026152
3.8336,109.0515328
3.8338,112.0090266
3.834,109.0448841
3.8342,109.1848164
3.8344,108.9904847
3.8346,109.0826604
3.8348,109.1270825
3.835,109.0282624
3.8352,108.9771931
3.8354,108.9261268
3.8356,108.9228054
3.8358,108.7285216
3.836,108.725206
3.8362,108.7218904
3.8364,108.6708386
3.8366,108.572055
3.8368,108.616477
3.837,108.6608962
3.8372,108.5143909
3.8374,108.4156233
3.8376,108.5077713
3.8378,108.6476396
3.838,108.3102535
3.8382,108.4501189
3.8384,108.3513673
3.8386,108.4435022
3.8388,108.2970377
3.839,108.1028646
3.8392,108.0041348
3.8394,107.3805528
3.8396,107.9498315
3.8398,107.8034034
3.84,107.656984
3.8402,107.749116
3.8404,107.5549997
3.8406,107.7425401
3.8408,107.6438438
3.841,107.7359643
3.8412,107.4464687
3.8414,107.5385891
3.8416,107.535307
3.8418,107.3889342
3.842,107.2425701
3.8422,107.3346847
3.8424,107.2360233
3.8426,107.1373678
3.8428,107.181787
3.843,107.0831387
3.8432,106.9844963
3.8434,106.8858597
3.8436,106.8825965
3.8438,106.7839686
3.844,106.7807083
3.8442,106.6820892
3.8444,106.5834759
3.8446,106.6278979
3.8448,106.5769669
3.845,108.2899623
3.8452,106.4751137
3.8454,106.3288501
3.8456,106.3732722
3.8458,106.274688
3.846,106.2237759
3.8462,106.2681965
3.8464,106.0266337
3.8466,105.9280713
3.8468,105.9248358
3.847,105.9216003
3.8472,105.8230496
3.8474,105.7245047
3.8476,105.6259656
3.8478,105.241513
3.848,105.6671638
3.8482,105.4733343
3.8484,105.422463
3.8486,105.3715946
3.8488,105.3207291
3.849,105.2698666
3.8492,105.219007
3.8494,105.2157918
3.8496,105.1649365
3.8498,105.0664455
3.85,104.9679603
3.8502,104.7265737
3.8504,104.5804702
3.8506,107.5781431
3.8508,104.478815
3.851,104.285102
3.8512,104.1866575
3.8514,104.0405919
3.8516,104.0850372
3.8518,104.0342315
3.852,103.9834286
3.8522,103.789765
3.8524,103.8342119
3.8526,103.7358009
3.8528,103.6373958
3.853,103.4437657
3.8532,103.440603
3.8534,103.2469904
3.8536,103.3390555
3.8538,103.193067
3.854,103.1423034
3.8542,102.9963295
3.8544,102.9931799
3.8546,102.7996153
3.8548,102.6536647
3.855,102.7457269
3.8552,102.5997864
3.8554,102.5014526
3.8556,102.3555282
3.8558,102.4951825
3.856,102.3016732
3.8562,105.1064767
3.8564,102.2002335
3.8566,102.1019288
3.8568,102.2415685
3.857,102.0956819
3.8572,102.0449737
3.8574,101.946685
3.8576,101.8484022
3.8578,101.7501252
3.858,101.651854
3.8582,101.410856
3.8584,101.407753
3.8586,101.3570753
3.8588,101.2588274
3.859,100.8275834
3.8592,101.2050598
3.8594,101.0116874
3.8596,101.1037306
3.8598,100.9103728
3.86,100.9072843
3.8602,100.9041958
3.8604,100.7584228
3.8606,100.7077786
3.8608,100.7522546
3.861,100.606499
3.8612,100.6034193
3.8614,100.6478937
3.8616,100.5972597
3.8618,103.7801183
3.862,100.6861999
3.8622,100.5880205
3.8624,100.5373937
3.8626,100.4867699
3.8628,100.4361491
3.863,100.2904459
3.8632,100.334916
3.8634,100.2367642
3.8636,100.1861564
3.8638,100.040478
3.864,100.1324849
3.8642,100.0343505
3.8644,99.936222
3.8646,99.64797555
3.8648,99.93010034
3.865,99.83198345
3.8652,100.0190318
3.8654,99.92091783
3.8656,99.63271506
3.8658,99.72470736
3.866,99.53156937
3.8662,99.52852018
3.8664,99.52547099
3.8666,99.42738905
3.8668,99.42434277
3.867,99.27875616
3.8672,99.32322626
3.8674,102.4083689
3.8676,99.12710314
3.8678,99.31409617
3.868,99.21604043
3.8682,99.11799052
3.8684,99.20995953
3.8686,99.2544209
3.8688,99.20387862
3.869,99.20083817
3.8692,99.29279262
3.8694,99.19475727
3.8696,99.14422227
3.8698,99.18867636
3.87,99.13814428
3.8702,98.51773302
3.8704,98.94211141
3.8706,98.9865655
3.8708,98.84107346
3.871,98.79055884
3.8712,98.74004714
3.8714,98.73701979
3.8716,98.73399244
3.8718,98.73096509
3.872,98.68046067
3.8722,98.72491039
3.8724,98.72188304
3.8726,98.52896488
3.8728,98.71582834
3.873,101.6559281
3.8732,98.42496362
3.8734,98.37447813
3.8736,98.18159927
3.8738,98.36844381
3.874,98.1755766
3.8742,98.22002632
3.8744,98.16955393
3.8746,98.16654259
3.8748,98.16353125
3.875,98.06560945
3.8752,98.01514725
3.8754,98.0595926
3.8756,98.05658418
3.8758,97.48418282
3.876,97.95567142
3.8762,97.90521941
3.8764,97.85477031
3.8766,97.75688053
3.8768,97.8487651
3.877,97.70344047
3.8772,97.65300302
3.8774,97.65000624
3.8776,97.45726423
3.8778,97.50170813
3.878,97.45128232
3.8782,97.40085943
3.8784,97.20814799
3.8786,98.86518034
3.8788,97.34446336
3.879,97.10434472
3.8792,97.14878862
3.8794,97.0983832
3.8796,97.04798068
3.8798,97.09242167
3.88,96.89976555
3.8802,96.94420799
3.8804,96.84639974
3.8806,96.74859731
3.8808,96.60338769
3.881,96.60042149
3.8812,96.59745528
3.8814,95.88335936
3.8816,96.30707972
3.8818,96.30412225
3.882,96.34856906
3.8822,96.25080448
3.8824,96.29524983
3.8826,96.19749254
3.8828,96.24193644
3.883,96.14418642
3.8832,96.09383777
3.8834,96.04349203
3.8836,96.04054184
3.8838,96.08498283
3.884,96.03464146
3.8842,97.78505713
3.8844,95.88658064
3.8846,95.74147875
3.8848,95.73853729
3.885,95.73559584
3.8852,95.73265438
3.8854,95.5401948
3.8856,95.48988109
3.8858,95.48694691
3.886,95.34188724
3.8862,95.24421001
3.8864,95.28865536
3.8866,95.04887303
3.8868,95.18805997
3.887,94.47461625
3.8872,94.99274337
3.8874,94.8950938
3.8876,94.8921771
3.8878,94.84189833
3.888,94.79162247
3.8882,94.88342697
3.8884,94.5963641
3.8886,94.59345612
3.8888,94.49583859
3.889,94.39822687
3.8892,94.39532472
3.8894,94.20302091
3.8896,94.24747354
3.8898,96.18582341
3.89,94.14698588
3.8902,94.23878019
3.8904,94.04650987
3.8906,94.04361791
3.8908,93.99338572
3.891,93.94315645
3.8912,93.84559278
3.8914,93.74803493
3.8916,93.7451517
3.8918,93.64760265
3.892,93.55005936
3.8922,93.54718196
3.8924,93.4496474
3.8926,92.83152032
3.8928,93.39657276
3.893,93.25172709
3.8932,93.24885843
3.8934,93.10402586
3.8936,92.91188219
3.8938,93.00366049
3.894,92.90616524
3.8942,92.85599129
3.8944,92.66387819
3.8946,92.56640187
3.8948,92.56355358
3.895,92.46608599
3.8952,92.46324062
3.8954,94.683812
3.8956,92.26832873
3.8958,92.36009684
3.896,92.26264963
3.8962,92.21250916
3.8964,92.20967107
3.8966,92.11223696
3.8968,92.20399488
3.897,92.1065666
3.8972,92.05643778
3.8974,92.00631187
3.8976,91.95618887
3.8978,91.85877952
3.898,91.95052724
3.8982,91.47483283
3.8984,91.85029581
3.8986,91.75290101
3.8988,91.84464
3.899,91.8418121
3.8992,91.64986787
3.8994,91.69432342
3.8996,91.59694754
3.8998,91.64140163
3.9,91.54403304
3.9002,91.35212666
3.9004,91.5383947
3.9006,91.44103775
3.9008,91.29641919
3.901,94.60222571
3.9012,91.33805994
3.9014,91.28798353
3.9016,91.19064842
3.9018,91.18783944
3.902,91.09051306
3.9022,90.99319251
3.9024,91.03764514
3.9026,90.79856888
3.9028,90.84302442
3.903,90.79297421
3.9032,90.64842699
3.9034,90.88187657
3.9036,90.73733517
3.9038,90.6400481
3.904,90.87347584
3.9042,91.01240365
3.9044,90.96235781
3.9046,90.91231489
3.9048,90.95675151
3.905,90.90671149
3.9052,90.85667438
3.9054,90.85387414
3.9056,90.70937642
3.9058,90.75381158
3.906,90.6093255
3.9062,90.55930441
3.9064,90.5565129
3.9066,93.15110823
3.9068,90.55092989
3.907,90.45369377
3.9072,90.35646348
3.9074,90.25923901
3.9076,90.39811005
3.9078,90.30088995
3.908,90.10924562
3.9082,90.20089435
3.9084,90.10368881
3.9086,90.00648909
3.9088,90.00371359
3.909,89.90652261
3.9092,89.90375003
3.9094,89.71215811
3.9096,89.70939135
3.9098,89.70662459
3.91,89.65665737
3.9102,89.65389206
3.9104,89.69832432
3.9106,89.69555756
3.9108,89.64559616
3.911,89.78441041
3.9112,89.73444901
3.9114,89.87325162
3.9116,89.87047904
3.9118,89.77333173
3.912,89.77056206
3.9122,92.36293727
3.9124,89.81220572
3.9126,89.76225305
3.9128,89.90102363
3.913,89.70953508
3.9132,89.80112121
3.9134,89.5624715
3.9136,89.46535913
3.9138,89.69846222
3.914,89.50700861
3.9142,89.55141611
3.9144,89.5958207
3.9146,89.35722048
3.9148,89.35446246
3.915,89.30454036
3.9152,89.34894641
3.9154,89.44051071
3.9156,89.24911096
3.9158,89.24635584
3.916,89.29075752
3.9162,89.14653495
3.9164,89.19093663
3.9166,88.99957327
3.9168,89.04397641
3.917,88.94692809
3.9172,88.94418171
3.9174,88.89428874
3.9176,88.79725352
3.9178,89.50166686
3.918,88.98033844
3.9182,88.88330905
3.9184,89.11626074
3.9186,89.01923281
3.9188,89.11075634
3.919,89.15513909
3.9192,89.19951893
3.9194,89.19676382
3.9196,89.14687812
3.9198,89.09699533
3.92,88.90573243
3.9202,88.90298605
3.9204,88.85311491
3.9206,88.94461661
3.9208,88.75338136
3.921,88.56215777
3.9212,88.51230264
3.9214,88.55668539
3.9216,88.45971715
3.9218,88.36275473
3.922,88.4542506
3.9222,88.31018234
3.9224,88.40167384
3.9226,88.30472452
3.9228,88.49042479
3.923,88.34637255
3.9232,88.10812027
3.9234,83.9603397
3.9236,88.1026741
3.9238,88.09995102
3.924,87.8617352
3.9242,87.76482519
3.9244,87.80920794
3.9246,87.71230521
3.9248,87.70959377
3.925,87.65979105
3.9252,87.89253019
3.9254,87.70145946
3.9256,87.88709567
3.9258,87.7902075
3.926,87.78749315
3.9262,87.87894389
3.9264,87.87622663
3.9266,87.7793501
3.9268,87.82371393
3.927,87.7739214
3.9272,87.58290598
3.9274,87.43897603
3.9276,87.48334422
3.9278,87.29235501
3.928,87.24258578
3.9282,87.19281946
3.9284,87.04892298
3.9286,86.76384002
3.9288,86.85528348
3.929,86.66434813
3.9292,86.75578868
3.9294,86.47074939
3.9296,86.56218994
3.9298,86.37128663
3.93,86.32155961
3.9302,86.17772865
3.9304,86.36327024
3.9306,86.12534552
3.9308,86.12268067
3.931,86.07296821
3.9312,86.02325866
3.9314,86.02059672
3.9316,86.11202126
3.9318,86.20343997
3.932,85.8244496
3.9322,85.77475461
3.9324,85.81913736
3.9326,85.76944529
3.9328,85.53161811
3.933,85.52897073
3.9332,85.71444971
3.9334,85.42961569
3.9336,85.52102858
3.9338,85.42432675
3.934,85.37465651
3.9342,85.32498918
3.9344,85.27532477
3.9346,85.41374887
3.9348,85.17600467
3.935,85.22038597
3.9352,85.02967919
3.9354,84.98003079
3.9356,84.97739942
3.9358,84.78671739
3.936,84.87811426
3.9362,84.68744679
3.9364,84.59080756
3.9366,84.58818784
3.9368,84.53856273
3.937,84.39493267
3.9372,84.43932125
3.9374,84.85971507
3.9376,84.4810901
3.9378,84.38447708
3.938,84.47585648
3.9382,84.28525889
3.9384,84.32964164
3.9386,84.42101377
3.9388,84.18344427
3.939,84.32180431
3.9392,84.31919187
3.9394,84.17562004
3.9396,84.26698198
3.9398,84.02945324
3.94,84.12081373
3.9402,84.25914902
3.9404,84.0686213
3.9406,84.15997159
3.9408,84.11038725
3.941,84.013831
3.9412,83.96425393
3.9414,84.05559549
3.9416,84.14693122
3.9418,84.00341617
3.942,83.95384493
3.9422,84.04517483
3.9424,83.99560505
3.9426,83.899075
3.9428,83.75558907
3.943,84.22259521
3.9432,83.70343741
3.9434,83.70084244
3.9436,83.69824747
3.9438,83.60174363
3.944,83.69305752
3.9442,83.64351103
3.9444,83.73481764
3.9446,83.59137538
3.9448,83.68267763
3.945,83.77397405
3.9452,83.67748768
3.9454,83.62794993
3.9456,83.71923907
3.9458,83.66970277
3.946,83.57323096
3.9462,83.38289104
3.9464,83.56804683
3.9466,83.42465262
3.9468,83.28126713
3.947,83.37254609
3.9472,83.41688954
3.9474,83.27351716
3.9476,83.36478738
3.9478,83.17449987
3.948,83.17191945
3.9482,83.21626145
3.9484,83.26060053
3.9486,83.35185619
3.9488,83.11467976
3.949,83.15901738
3.9492,83.10952184
3.9494,83.15385655
3.9496,83.10436392
3.9498,82.96105269
3.95,83.14611531
3.9502,83.09662705
3.9504,83.18786087
3.9506,83.185279
3.9508,83.18269713
3.951,83.13321324
3.9512,83.03683169
3.9514,83.12805241
3.9516,83.07857434
3.9518,82.98220298
3.952,83.07341642
3.9522,82.8832643
3.9524,82.88069117
3.9526,82.97189879
3.9528,82.96932274
3.953,83.01363416
3.9532,82.87039863
3.9534,83.00847916
3.9536,82.86525236
3.9538,82.76891594
3.954,82.8132259
3.9542,82.52938183
3.9544,82.57369616
3.9546,82.43050431
3.9548,82.42794427
3.955,82.37851133
3.9552,82.28220992
3.9554,82.27965425
3.9556,82.27709858
3.9558,82.18080875
3.956,82.22512162
3.9562,82.26943159
3.9564,82.26687592
3.9566,82.17059773
3.9568,81.93374595
3.957,81.97805883
3.9572,81.83494122
3.9574,81.73868778
3.9576,81.73614812
3.9578,81.63990342
3.958,81.63736668
3.9582,81.4942811
3.9584,81.58544504
3.9586,81.48921635
3.9588,81.48668398
3.959,81.62468298
3.9592,81.4347769
3.9594,81.33856422
3.9596,81.42971506
3.9598,80.81829056
3.96,81.42465323
3.9602,81.18794703
3.9604,81.27909059
3.9606,81.2297319
3.9608,81.03988405
3.961,81.13102325
3.9612,80.94118996
3.9614,80.89184728
3.9616,80.9829821
3.9618,80.79317065
3.962,80.83748061
3.9622,80.74132617
3.9624,80.78563468
3.9626,80.59585234
3.9628,80.6401623
3.963,80.7780987
3.9632,80.68196027
3.9634,80.67945119
3.9636,80.5833215
3.9638,80.67443303
3.964,80.67192396
3.9642,80.48219112
3.9644,80.57329683
3.9646,80.66439672
3.9648,80.47468135
3.965,80.28497762
3.9652,80.18888287
3.9654,79.57802468
3.9656,80.13709807
3.9658,80.1813993
3.966,80.27249046
3.9662,80.12961888
3.9664,80.17391574
3.9666,80.3585751
3.9668,80.26250073
3.967,80.35357441
3.9672,80.39785817
3.9674,80.39535637
3.9676,80.53319814
3.9678,80.4371325
3.968,80.43462925
3.9682,80.24501869
3.9684,80.336072
3.9686,80.09970209
3.9688,80.09720903
3.969,80.04794496
3.9692,80.04545335
3.9694,79.90265747
3.9696,80.04047013
3.9698,79.89768299
3.97,79.89519575
3.9702,79.8927085
3.9704,79.89022126
3.9706,79.88773402
3.9708,80.02552047
3.971,79.78924665
3.9712,79.92702728
3.9714,79.92453858
3.9716,79.78179366
3.9718,79.63905747
3.972,79.58982834
3.9722,79.58734984
3.9724,79.58487133
3.9726,79.48890323
3.9728,79.34619761
3.973,79.39046827
3.9732,79.29451473
3.9734,79.19856701
3.9736,79.3363127
3.9738,79.10016117
3.974,79.19116643
3.9742,79.14196642
3.9744,79.09276932
3.9746,79.09030537
3.9748,78.85419751
3.975,78.94519549
3.9752,78.84928417
3.9754,78.89355192
3.9756,78.70420196
3.9758,78.70174965
3.976,78.55913721
3.9762,78.55668927
3.9764,78.5075242
3.9766,78.27149933
3.9768,78.12891745
3.977,78.26662092
3.9772,77.93720254
3.9774,77.93477353
3.9776,77.83892772
3.9778,77.64967384
3.978,77.64725357
3.9782,77.55142523
3.9784,77.68911559
3.9786,77.49988938
3.9788,77.31067481
3.979,77.35496293
3.9792,77.30585464
3.9794,77.16335866
3.9796,77.06756526
3.9798,76.87839291
3.98,76.92268686
3.9802,76.73353059
3.9804,76.54438589
3.9806,76.63537223
3.9808,76.4462421
3.981,76.49054187
3.9812,76.39479214
3.9814,76.29904824
3.9816,76.29666873
3.9818,76.24761139
3.982,76.24523333
3.9822,76.19618036
3.9824,76.24047722
3.9826,76.19142716
3.9828,76.00236836
3.983,76.09333577
3.9832,76.09096208
3.9834,75.76192512
3.9836,75.8995558
3.9838,75.61720831
3.984,75.661511
3.9842,75.51916934
3.9844,75.42349531
3.9846,75.32782711
3.9848,75.32547671
3.985,75.36978085
3.9852,75.41408208
3.9854,75.36507715
3.9856,75.40937547
3.9858,75.40702216
3.986,75.49796337
3.9862,75.49560715
3.9864,75.30667355
3.9866,75.39760893
3.9868,75.30197276
3.987,75.29962236
3.9872,75.11071788
3.9874,75.10837331
3.9876,75.05939313
3.9878,75.01041586
3.988,75.10133959
3.9882,75.05236378
3.9884,75.14328024
3.9886,75.09430588
3.9888,75.2784688
3.989,75.13624215
3.9892,75.27376801
3.9894,75.22479511
3.9896,75.50217248
3.9898,75.45319521
3.99,75.45083899
3.9902,75.44848277
3.9904,75.3528961
3.9906,75.25731524
3.9908,75.20835253
3.991,75.11278187
3.9912,75.11043584
3.9914,75.20130571
3.9916,75.10574379
3.9918,75.05679272
3.992,74.96124098
3.9922,75.0987057
3.9924,75.09635967
3.9926,75.18721207
3.9928,75.23146089
3.993,75.18251419
3.9932,75.2267601
3.9934,75.17781631
3.9936,75.26865125
3.9938,75.17311844
3.994,75.1707695
3.9942,75.12183299
3.9944,75.07289939
3.9946,74.88421474
3.9948,74.78870813
3.995,74.87953433
3.9952,74.83061384
3.9954,74.78169625
3.9956,74.73278158
3.9958,74.59071798
3.996,74.77468437
3.9962,74.67920106
3.9964,74.72343823
3.9966,74.76767249
3.9968,74.62562927
3.997,74.57672916
3.9972,74.66752915
3.9974,74.6186305
3.9976,74.70942321
3.9978,74.56740328
3.998,74.61163172
3.9982,74.60929879
3.9984,74.46729488
3.9986,74.37185524
3.9988,74.32297551
3.999,74.27409869
3.9992,74.17867361
3.9994,74.22290351
3.9996,74.03438918
3.9998,73.98552692
4,73.98321292
4.0002,74.02744282
4.0004,73.88550005
4.0006,74.06935289
4.0008,73.88087787
4.001,73.83202871
4.0012,73.78318247
4.0014,73.82740945
4.0016,73.91816722
4.0018,73.77625794
4.002,73.77394976
4.0022,74.00428826
4.0024,73.81586128
4.0026,73.81355165
4.0028,73.81124202
4.003,73.66936185
4.0032,73.71357864
4.0034,73.61823072
4.0036,73.52288862
4.0038,73.52058772
4.004,73.42525436
4.0042,73.46947115
4.0044,73.18809178
4.0046,73.13928921
4.0048,73.09048955
4.005,72.90216594
4.0052,72.99289896
4.0054,72.89760199
4.0056,72.89532002
4.0058,72.80003179
4.006,72.79775273
4.0062,72.93497432
4.0064,72.70019708
4.0066,72.79091555
4.0068,72.69564478
4.007,72.60037984
4.0072,72.69109248
4.0074,72.59583337
4.0076,72.59356013
4.0078,72.68426404
4.008,72.44955231
4.0082,72.63322608
4.0084,72.39853036
4.0086,72.39626295
4.0088,72.44047683
4.009,72.29876844
4.0092,72.48241747
4.0094,72.29423944
4.0096,72.38492588
4.0098,72.28971043
4.01,72.47333617
4.0102,72.47106584
4.0104,72.42232587
4.0106,72.37358881
4.0108,72.37132139
4.011,72.36905398
4.0112,72.36678656
4.0114,72.22513205
4.0116,72.222869
4.0118,72.12768704
4.012,72.12542691
4.0122,72.12316677
4.0124,72.02799646
4.0126,72.1186465
4.0128,72.11638637
4.013,71.88187263
4.0132,72.01896757
4.0134,72.10960596
4.0136,71.92156041
4.0138,71.9193061
4.014,71.82416491
4.0142,71.96123946
4.0144,71.81966211
4.0146,71.81741071
4.0148,71.86159692
4.015,71.81290791
4.0152,71.81065651
4.0154,71.7155386
4.0156,71.8990173
4.0158,71.94319332
4.016,71.89450867
4.0162,72.03153665
4.0164,71.89000005
4.0166,72.0734438
4.0168,72.11760673
4.017,72.06892353
4.0172,71.92740295
4.0174,71.92514718
4.0176,71.96930865
4.0178,71.92063565
4.018,71.82555123
4.0182,71.7768855
4.0184,71.72822269
4.0186,71.81879266
4.0188,71.6773143
4.019,71.58225172
4.0192,71.62641173
4.0194,71.48495229
4.0196,71.52911231
4.0198,71.43406574
4.02,71.43182453
4.0202,71.61517657
4.0204,71.38094526
4.0206,71.5178917
4.0208,71.51564758
4.021,71.374226
4.0212,71.37198624
4.0214,71.32335691
4.0216,71.32111861
4.0218,71.36526698
4.022,71.17748639
4.0222,71.26801997
4.0224,71.080254
4.0226,71.1707846
4.0228,71.12217135
4.023,70.98080508
4.0232,71.1177064
4.0234,70.88359883
4.0236,71.02049432
4.0238,71.11100897
4.024,71.15514709
4.0242,71.01380563
4.0244,70.96520833
4.0246,70.91661394
4.0248,70.91438729
4.025,70.91216064
4.0252,70.81721016
4.0254,70.72226549
4.0256,70.76640367
4.0258,70.71782384
4.026,70.62289082
4.0262,70.62067291
4.0264,70.47939545
4.0266,70.56988535
4.0268,70.33591754
4.027,70.24101073
4.0272,70.42419389
4.0274,70.23659819
4.0276,70.18804748
4.0278,70.13949967
4.028,70.09095478
4.0282,70.22777311
4.0284,69.99387373
4.0286,70.0380119
4.0288,70.17481859
4.029,69.98727675
4.0292,70.07774336
4.0294,69.98287877
4.0296,70.11966945
4.0298,70.07113766
4.03,69.9762818
4.0302,69.88143177
4.0304,69.97188382
4.0306,69.73807178
4.0308,70.06012815
4.031,69.78000806
4.0312,69.96308786
4.0314,69.68298815
4.0316,69.95868988
4.0318,69.86386314
4.032,69.76904222
4.0322,69.85947098
4.0324,69.62572736
4.0326,69.76246272
4.0328,69.71396295
4.033,69.6654661
4.0332,69.75588321
4.0334,69.66108559
4.0336,69.61259456
4.0338,69.51780713
4.034,69.5619191
4.0342,69.55973176
4.0344,69.46495452
4.0346,69.32388961
4.0348,69.32170954
4.035,69.36582006
4.0352,69.40992766
4.0354,69.31516935
4.0356,69.26670307
4.0358,69.35709397
4.036,69.30862915
4.0362,69.39901278
4.0364,69.48939058
4.0366,69.48720469
4.0368,69.57757376
4.037,69.52910894
4.0372,69.61947073
4.0374,69.61728048
4.0376,69.52254691
4.0378,69.56662976
4.038,69.51817222
4.0382,69.51598488
4.0384,69.42126587
4.0386,69.37281706
4.0388,69.50942284
4.039,69.32218964
4.0392,69.41252814
4.0394,69.50286081
4.0396,69.40815927
4.0398,69.45223048
4.04,69.35753622
4.0402,69.35535324
4.0404,69.35317027
4.0406,69.30473747
4.0408,69.4875494
4.041,69.16163371
4.0412,69.0207202
4.0414,68.97230342
4.0416,68.78516193
4.0418,68.96796076
4.042,68.68835166
4.0422,68.59371273
4.0424,68.63778976
4.0426,68.58939336
4.0428,68.49476607
4.043,68.49260929
4.0432,68.49045252
4.0434,68.44206631
4.0436,68.30122705
4.0438,68.43775568
4.044,68.29692515
4.0442,68.29477421
4.0444,68.20017894
4.0446,68.1980309
4.0448,68.19588287
4.045,68.19373483
4.0452,68.09915412
4.0454,68.14322388
4.0456,68.1410773
4.0458,68.09271875
4.046,67.85952106
4.0462,67.76496511
4.0464,67.76283017
4.0466,67.6220768
4.0468,67.66615093
4.047,67.57161244
4.0472,67.38467622
4.0474,67.52115389
4.0476,67.38042964
4.0478,67.47070117
4.048,67.37618307
4.0482,67.28167078
4.0484,67.27955041
4.0486,67.0464721
4.0488,67.09054913
4.049,66.94986856
4.0492,66.7630095
4.0494,66.85327666
4.0496,66.71261647
4.0498,66.75669641
4.05,66.47750368
4.0502,66.47540805
4.0504,66.61184787
4.0506,66.47121679
4.0508,66.51529674
4.051,66.3746773
4.0512,66.64962055
4.0514,66.46283428
4.0516,66.55307815
4.0518,66.68948449
4.052,66.73354842
4.0522,66.73144406
4.0524,66.63701184
4.0526,66.72723533
4.0528,66.817453
4.053,66.63070749
4.0532,66.62860604
4.0534,66.58034794
4.0536,66.71671352
4.0538,66.62230169
4.054,66.57404796
4.0542,66.61809879
4.0544,66.56984797
4.0546,66.61389588
4.0548,66.56564798
4.055,66.60969298
4.0552,66.60759153
4.0554,66.60549008
4.0556,66.60338863
4.0558,66.69356553
4.056,66.55304801
4.0562,66.50481175
4.0564,66.64111763
4.0566,66.50061467
4.0568,66.49851613
4.057,66.4041567
4.0572,66.35593209
4.0574,66.35383792
4.0576,66.30561767
4.0578,66.30352496
4.058,66.30143224
4.0582,66.39158294
4.0584,66.43560756
4.0586,66.38739168
4.0588,66.56976541
4.059,66.56766396
4.0592,66.65779136
4.0594,66.70179997
4.0596,66.65358264
4.0598,66.7436984
4.06,66.74159112
4.0602,66.785591
4.0604,66.82958796
4.0606,66.64306083
4.0608,66.82536759
4.061,66.6388521
4.0612,66.63674774
4.0614,66.63464338
4.0616,66.58644206
4.0618,66.63043465
4.062,66.4439541
4.0622,66.44185556
4.0624,66.43975702
4.0626,66.43765848
4.0628,66.38947172
4.063,66.2952011
4.0632,66.33919224
4.0634,66.29101276
4.0636,66.15067139
4.0638,66.01033875
4.064,65.91609434
4.0642,65.82185575
4.0644,65.81977614
4.0646,65.81769652
4.0648,65.76954324
4.065,65.67532067
4.0652,65.71931618
4.0654,65.53296235
4.0656,65.62302709
4.0658,65.66701968
4.066,65.61887951
4.0662,65.52467883
4.0664,65.52260795
4.0666,65.47447651
4.0668,65.47240709
4.067,65.47033767
4.0672,65.28404346
4.0674,65.42014408
4.0676,65.1878097
4.0678,65.23180084
4.068,65.18368832
4.0682,65.0895298
4.0684,65.08747202
4.0686,64.94727623
4.0688,65.03731192
4.069,64.94316942
4.0692,64.8029911
4.0694,64.70886169
4.0696,64.66077684
4.0698,64.42854582
4.07,64.38047261
4.0702,64.19429924
4.0704,64.19226912
4.0706,64.19023901
4.0708,64.05011892
4.071,63.9560361
4.0712,63.90798619
4.0714,63.99801605
4.0716,63.71984676
4.0718,63.67180849
4.072,63.89990066
4.0722,63.71380008
4.0724,63.61974784
4.0726,63.52570141
4.0728,63.52369168
4.073,63.42965399
4.0732,63.33562213
4.0734,63.28760715
4.0736,63.2856047
4.0738,63.19158593
4.074,63.32760648
4.0742,63.18758684
4.0744,63.32359866
4.0746,63.27559242
4.0748,63.41159259
4.075,63.27158751
4.0752,63.31558301
4.0754,63.22158609
4.0756,63.26558014
4.0758,63.12559689
4.076,63.12359881
4.0762,63.07561004
4.0764,63.07361341
4.0766,62.88766569
4.0768,62.83968857
4.077,62.88368407
4.0772,62.78972646
4.0774,62.9256844
4.0776,62.78575066
4.0778,62.78376276
4.078,62.87373003
4.0782,62.77978697
4.0784,62.91572308
4.0786,62.82178439
4.0788,62.95771031
4.079,62.95571659
4.0792,62.76984748
4.0794,62.85979436
4.0796,62.76587169
4.0798,62.99370618
4.08,62.85382194
4.0802,62.66798486
4.0804,62.84984032
4.0806,62.66401489
4.0808,62.6620299
4.081,62.75195641
4.0812,62.74996851
4.0814,62.79393344
4.0816,62.65408996
4.0818,62.83590466
4.082,62.83391385
4.0822,62.83192304
4.0824,62.87587778
4.0826,62.91982961
4.0828,62.82595061
4.083,62.91584217
4.0832,62.82196899
4.0834,62.81997818
4.0836,62.72611374
4.0838,62.67819048
4.084,62.53840232
4.0842,62.53642024
4.0844,62.62630016
4.0846,62.44059702
4.0848,62.48454595
4.085,62.4366387
4.0852,62.38873437
4.0854,62.38675666
4.0856,62.43070121
4.0858,62.52056365
4.086,62.33490419
4.0862,62.33292794
4.0864,62.37686813
4.0866,62.1912305
4.0868,62.32699919
4.087,62.32502294
4.0872,62.27713607
4.0874,62.18334296
4.0876,62.18137108
4.0878,62.0875867
4.088,62.17742731
4.0882,62.17545543
4.0884,61.98987603
4.0886,62.07971082
4.0888,62.16953978
4.089,61.98397785
4.0892,61.89021969
4.0894,62.02594033
4.0896,61.84040025
4.0898,61.79254687
4.09,61.83647686
4.0902,61.55918251
4.0904,61.64900419
4.0906,61.60116246
4.0908,61.50743923
4.091,61.55137068
4.0912,61.50353623
4.0914,61.54746476
4.0916,61.40787606
4.0918,61.40592747
4.092,61.40397888
4.0922,61.31028185
4.0924,61.26246341
4.0926,61.16877657
4.0928,61.16683526
4.093,60.98142037
4.0932,60.88775101
4.0934,60.9775494
4.0936,60.79215781
4.0938,60.60677785
4.094,60.69657624
4.0942,60.78636881
4.0944,60.69272274
4.0946,60.78250948
4.0948,60.68886923
4.095,60.68694248
4.0952,60.73086811
4.0954,60.63723805
4.0956,60.68116222
4.0958,60.58753944
4.096,60.63146216
4.0962,60.58369176
4.0964,60.58176792
4.0966,60.48815969
4.0968,60.62376097
4.097,60.48431783
4.0972,60.39072126
4.0974,60.61798507
4.0976,60.57022487
4.0978,60.33913376
4.098,60.56637718
4.0982,60.56445334
4.0984,60.51670041
4.0986,60.56060566
4.0988,60.60450799
4.099,60.46510854
4.0992,60.50901087
4.0994,60.64455391
4.0996,60.55098645
4.0998,60.50324371
4.1,60.45550389
4.1002,60.45358296
4.1004,60.49747656
4.1006,60.35811495
4.1008,60.31038532
4.101,60.44589924
4.1012,60.44397831
4.1014,60.53367188
4.1016,60.39433065
4.1018,60.62143287
4.102,60.57370324
4.1022,60.57177794
4.1024,60.7988525
4.1026,60.56792735
4.1028,60.52020499
4.103,60.47248554
4.1032,60.47056316
4.1034,60.60601885
4.1036,60.37513591
4.1038,60.32742666
4.104,60.50866194
4.1042,60.36937749
4.1044,60.41324343
4.1046,60.27397063
4.1048,60.45518407
4.105,60.31591855
4.1052,60.54289848
4.1054,60.58675132
4.1056,60.44749453
4.1058,60.62867303
4.106,60.62674482
4.1062,60.35018275
4.1064,60.57711755
4.1066,60.3921132
4.1068,60.34442433
4.107,60.29673837
4.1072,60.24905532
4.1074,60.20137519
4.1076,60.10793584
4.1078,60.15178431
4.108,60.28714828
4.1082,60.0564415
4.1084,60.05453076
4.1086,60.05262002
4.1088,60.23372282
4.109,60.09455047
4.1092,60.04688781
4.1094,60.09072608
4.1096,59.9515712
4.1098,59.94966338
4.11,59.94775555
4.1102,59.76287494
4.1104,59.80671468
4.1106,59.66759037
4.1108,60.26029602
4.111,59.66379219
4.1112,59.6618931
4.1114,59.659994
4.1116,59.4751629
4.1118,59.51900117
4.112,59.56283654
4.1122,59.606669
4.1124,59.55904418
4.1126,59.557148
4.1128,59.55525182
4.113,59.50763282
4.1132,59.55145946
4.1134,59.36668367
4.1136,59.4562302
4.1138,59.36290295
4.114,59.26958153
4.1142,59.17626593
4.1144,59.22009401
4.1146,59.21820802
4.1148,58.98777349
4.115,59.07731128
4.1152,59.02972286
4.1154,58.93643201
4.1156,59.07166642
4.1158,58.84127263
4.116,58.93080024
4.1162,58.83752395
4.1164,60.57217603
4.1166,58.78807865
4.1168,58.74051061
4.117,58.78433288
4.1172,58.64538326
4.1174,58.64351474
4.1176,58.55026757
4.1178,58.54840196
4.118,58.50084994
4.1182,58.45330082
4.1184,58.31438761
4.1186,58.31252928
4.1188,58.31067095
4.119,58.26313348
4.1192,58.0328882
4.1194,58.35077218
4.1196,58.3489124
4.1198,58.34705261
4.12,58.43653655
4.1202,58.43467385
4.1204,58.43281115
4.1206,58.29394598
4.1208,58.29208765
4.121,58.29022932
4.1212,58.28837099
4.1214,58.10386598
4.1216,58.10201348
4.1218,58.14581973
4.122,60.70077461
4.1222,57.95948843
4.1224,58.09460345
4.1226,58.09275094
4.1228,57.99959549
4.123,57.99774589
4.1232,58.08719343
4.1234,58.03969381
4.1236,58.03784276
4.1238,57.99034751
4.124,57.98849792
4.1242,57.89536575
4.1244,57.84787923
4.1246,57.84603401
4.1248,57.70727802
4.125,57.88797902
4.1252,57.84049832
4.1254,57.74738799
4.1256,57.74554568
4.1258,57.69807372
4.126,57.69623286
4.1262,57.64876527
4.1264,57.60130059
4.1266,57.59946264
4.1268,57.64324706
4.127,57.59578675
4.1272,57.54832935
4.1274,57.59211085
4.1276,60.09918249
4.1278,57.58843495
4.128,57.67782426
4.1282,57.40231038
4.1284,57.35486754
4.1286,57.39864613
4.1288,57.44242181
4.129,57.30376918
4.1292,57.30193997
4.1294,57.16330045
4.1296,57.1614756
4.1298,57.20525128
4.13,57.24902405
4.1302,57.06480584
4.1304,56.9717916
4.1306,57.06116197
4.1308,57.05934004
4.131,57.10310989
4.1312,56.91892517
4.1314,56.78034097
4.1316,56.82411519
4.1318,56.77671457
4.132,56.72931686
4.1322,56.68192206
4.1324,56.54336698
4.1326,56.5871412
4.1328,56.6764912
4.133,56.49237199
4.1332,55.989234
4.1334,56.3520401
4.1336,56.44138573
4.1338,56.43958273
4.134,56.34663981
4.1342,56.43597671
4.1344,56.29747258
4.1346,56.25010835
4.1348,56.15718291
4.135,56.20095131
4.1352,56.15359436
4.1354,56.0151208
4.1356,56.0588892
4.1358,56.01154099
4.136,55.9186403
4.1362,55.96240724
4.1364,56.05172375
4.1366,55.95883034
4.1368,56.04814103
4.137,55.86415721
4.1372,55.90791833
4.1374,55.86058613
4.1376,55.94988808
4.1378,55.76593047
4.138,55.71860701
4.1382,55.67128646
4.1384,55.66950674
4.1386,55.48558115
4.1388,54.61864203
4.139,55.52756692
4.1392,55.52579157
4.1394,55.43295493
4.1396,55.52224088
4.1398,55.47493779
4.14,55.42763762
4.1402,55.51691483
4.1404,55.42409275
4.1406,55.64992987
4.1408,55.64815015
4.141,55.60085144
4.1412,55.73562581
4.1414,55.46074666
4.1416,55.55000203
4.1418,55.45719887
4.142,55.45542498
4.1422,55.3171203
4.1424,55.31535077
4.1426,55.40459595
4.1428,55.31181172
4.143,55.17352888
4.1432,55.39927864
4.1434,55.35200468
4.1436,55.39573377
4.1438,55.3029641
4.144,55.30119457
4.1442,55.39041646
4.1444,57.75434499
4.1446,55.43236438
4.1448,55.43059048
4.145,55.42881659
4.1452,55.4270427
4.1454,55.19783396
4.1456,55.28703838
4.1458,55.28526885
4.146,55.28349933
4.1462,55.1907675
4.1464,55.1435212
4.1466,55.14175604
4.1468,55.18546766
4.147,55.18370105
4.1472,55.0909867
4.1474,55.13469541
4.1476,55.0874593
4.1478,55.1766346
4.148,55.12939994
4.1482,55.26403455
4.1484,55.26226503
4.1486,55.2604955
4.1488,55.25872598
4.149,55.25695645
4.1492,55.20972762
4.1494,55.11704384
4.1496,54.97890948
4.1498,54.97714869
4.15,57.20260875
4.1502,54.92817508
4.1504,54.69916288
4.1506,54.87920729
4.1508,54.87744941
4.151,54.69390671
4.1512,54.69215465
4.1514,54.78128919
4.1516,54.8704179
4.1518,54.68689849
4.152,54.77602429
4.1522,54.77426932
4.1524,54.68164232
4.1526,54.77075939
4.1528,54.49640579
4.153,54.54009121
4.1532,54.44748313
4.1534,54.49116709
4.1536,54.48942086
4.1538,54.35139715
4.154,54.44050403
4.1542,54.16622177
4.1544,54.16448573
4.1546,54.34442969
4.1548,54.1155951
4.155,54.1592776
4.1552,54.2029572
4.1554,54.06497716
4.1556,54.42654582
4.1558,54.0615109
4.156,54.01436796
4.1562,54.01263629
4.1564,53.96549771
4.1566,53.96376749
4.1568,53.82582531
4.157,53.91490452
4.1572,53.68617038
4.1574,53.72984851
4.1576,53.86432007
4.1578,53.68100593
4.158,53.58849394
4.1582,53.76835055
4.1584,53.53966445
4.1586,53.58333822
4.1588,53.53623022
4.159,53.3529612
4.1592,53.48740947
4.1594,53.34953862
4.1596,53.34782733
4.1598,53.30073388
4.16,53.34440474
4.1602,53.38807269
4.1604,53.2048488
4.1606,53.43002352
4.1608,53.06531034
4.161,53.15435462
4.1612,51.51925855
4.1614,53.01483216
4.1616,53.14923821
4.1618,52.96606236
4.162,52.96436272
4.1622,53.05339244
4.1624,52.96096343
4.1626,53.09534909
4.1628,53.04828477
4.163,53.04658221
4.1632,52.95416484
4.1634,53.04317709
4.1636,52.99612004
4.1638,52.85835983
4.164,53.083421
4.1642,52.76426612
4.1644,52.94396697
4.1646,52.94226732
4.1648,52.66849314
4.165,52.75749083
4.1652,52.8464827
4.1654,52.84478596
4.1656,52.79774929
4.1658,52.75071554
4.166,52.70368469
4.1662,52.70199233
4.1664,52.83630229
4.1666,52.65327494
4.1668,49.97704335
4.167,52.64989312
4.1672,52.64820221
4.1674,52.73716496
4.1676,53.18872488
4.1678,52.73377731
4.168,52.68676103
4.1682,52.68506866
4.1684,52.81933495
4.1686,52.68168393
4.1688,52.63467492
4.169,52.63298401
4.1692,52.72192055
4.1694,52.58428992
4.1696,52.71853291
4.1698,52.62622036
4.17,52.57922155
4.1702,52.71345144
4.1704,52.75706261
4.1706,52.7100638
4.1708,52.66306789
4.171,52.6160749
4.1712,52.70498233
4.1714,52.61269308
4.1716,52.61100217
4.1718,52.51872165
4.172,52.51703366
4.1722,52.47005376
4.1724,50.88320199
4.1726,52.4213917
4.1728,52.19326899
4.173,52.23687725
4.1732,52.37105182
4.1734,52.36936819
4.1736,52.36768456
4.1738,52.27544044
4.174,52.27375972
4.1742,52.09096966
4.1744,52.2251224
4.1746,52.26871756
4.1748,52.04067201
4.175,52.12954158
4.1752,52.17313529
4.1754,51.94511449
4.1756,51.9887111
4.1758,51.89650775
4.176,51.98536713
4.1762,52.34579734
4.1764,51.89150052
4.1766,51.98035118
4.1768,51.88816238
4.177,51.97700721
4.1772,51.97533522
4.1774,51.88315516
4.1776,51.88148608
4.1778,51.78931475
4.178,51.74239892
4.1782,51.65023778
4.1784,51.69382274
4.1786,51.64691419
4.1788,51.50952085
4.179,51.5983482
4.1792,51.6419288
4.1794,51.4140696
4.1796,51.45765311
4.1798,51.365524
4.18,51.27340071
4.1802,51.36221788
4.1804,51.13440381
4.1806,51.22321952
4.1808,51.402488
4.181,51.1746943
4.1812,51.17304706
4.1814,51.17139983
4.1816,51.16975259
4.1818,51.12288334
4.182,50.98557589
4.1822,51.16481088
4.1824,50.98229307
4.1826,50.98065165
4.1828,51.06943971
4.183,50.93215556
4.1832,51.06615106
4.1834,50.88366528
4.1836,51.06286241
4.1838,51.06121808
4.184,50.83354377
4.1842,51.2387476
4.1844,51.19189437
4.1846,51.05464078
4.1848,50.96259611
4.185,51.05135213
4.1852,50.95931328
4.1854,50.68649703
4.1856,51.04641916
4.1858,50.95438904
4.186,50.86236476
4.1862,50.95110622
4.1864,51.40135009
4.1866,51.17375875
4.1868,51.12692444
4.187,51.21564553
4.1872,51.16881268
4.1874,51.12198274
4.1876,51.1203355
4.1878,50.98315325
4.188,51.11704103
4.1882,50.88951666
4.1884,50.93305067
4.1886,50.97658177
4.1888,50.79425467
4.189,50.97329603
4.1892,50.88131688
4.1894,50.87967692
4.1896,50.96836743
4.1898,50.87639701
4.19,50.91991937
4.1902,51.00859969
4.1904,51.00695536
4.1906,51.09562695
4.1908,51.00366671
4.191,50.95686734
4.1912,51.00037807
4.1914,50.90842947
4.1916,50.95193874
4.1918,50.99544509
4.192,51.30983513
4.1922,50.90186382
4.1924,50.90022241
4.1926,50.89858099
4.1928,50.85179765
4.193,50.8050172
4.1932,50.84851773
4.1934,50.93715292
4.1936,50.98064617
4.1938,50.97900184
4.194,50.8870911
4.1942,51.02084494
4.1944,50.97406887
4.1946,50.97242454
4.1948,50.79027069
4.195,50.87888404
4.1952,50.78699368
4.1954,50.69510915
4.1956,50.78371668
4.1958,50.64671786
4.196,50.59996508
4.1962,50.5983324
4.1964,50.46135251
4.1966,50.4597242
4.1968,50.45809589
4.197,50.36624484
4.1972,50.36461944
4.1974,50.36299404
4.1976,50.54179665
4.1978,50.26953215
4.198,50.31301376
4.1982,50.17608191
4.1984,50.30976587
4.1986,50.17284275
4.1988,50.17122318
4.199,50.12450679
4.1992,50.07779331
4.1994,50.16636445
4.1996,49.93928265
4.1998,50.11803431
4.2,49.93605806
4.2002,49.97953384
4.2004,49.88774684
4.2006,49.886136
4.2008,49.83944145
4.201,49.79274982
4.2012,49.70098029
4.2014,49.69937527
4.2016,49.60761448
4.2018,49.65108881
4.202,49.64948524
4.2022,49.51266113
4.2024,49.55613399
4.2026,49.50946274
4.2028,49.55293269
4.203,49.46119665
4.2032,49.77506259
4.2034,49.27774204
4.2036,49.41134011
4.2038,49.18443447
4.204,49.09272463
4.2042,49.00102061
4.2044,48.99943743
4.2046,48.9527982
4.2048,48.86110729
4.205,48.90458162
4.2052,48.72279463
4.2054,48.81132063
4.2056,48.85479204
4.2058,48.80816591
4.206,48.80658856
4.2062,48.8050112
4.2064,48.89351974
4.2066,48.80185648
4.2068,48.84531916
4.207,48.88877893
4.2072,48.84216154
4.2074,48.88561839
4.2076,48.7939697
4.2078,48.79239234
4.208,48.65572109
4.2082,48.69917794
4.2084,48.6976035
4.2086,48.65100212
4.2088,48.78450555
4.209,48.64785614
4.2092,48.73632828
4.2094,48.68973127
4.2096,48.64313717
4.2098,48.77661877
4.21,48.63999119
4.2102,48.68343349
4.2104,48.72687287
4.2106,48.68028459
4.2108,48.72372107
4.211,48.58711678
4.2112,48.63055325
4.2114,48.49396061
4.2116,48.49239198
4.2118,48.535827
4.212,48.309246
4.2122,48.39768466
4.2124,48.35111968
4.2126,48.16956416
4.2128,48.43798389
4.213,48.34642691
4.2132,48.43484956
4.2134,48.29830641
4.2136,48.25175307
4.2138,48.25019173
4.214,48.38359326
4.2142,48.42701372
4.2144,48.65037013
4.2146,48.60381242
4.2148,48.51227583
4.215,48.42074506
4.2152,48.50913567
4.2154,48.50756559
4.2156,48.41604356
4.2158,48.41447639
4.216,48.41290922
4.2162,48.41134206
4.2164,48.40977489
4.2166,48.31827032
4.2168,48.31670607
4.217,48.27017602
4.2172,47.86393423
4.2174,48.26705043
4.2176,48.22052621
4.2178,48.21896486
4.218,48.21740352
4.2182,48.12592807
4.2184,48.16932524
4.2186,48.03290293
4.2188,48.07630009
4.219,47.7600845
4.2192,47.89338704
4.2194,47.75699093
4.2196,47.71049728
4.2198,47.79884277
4.22,47.66246268
4.2202,47.66091881
4.2204,47.74925701
4.2206,47.65783106
4.2208,47.74616344
4.221,47.56486997
4.2212,47.60826422
4.2214,47.65165557
4.2216,47.56024708
4.2218,47.64856782
4.222,47.64702394
4.2222,47.60055213
4.2224,47.55408323
4.2226,47.50761725
4.2228,46.78730062
4.223,47.50453823
4.2232,47.50299873
4.2234,47.41162082
4.2236,47.36516648
4.2238,47.36363134
4.224,47.27226653
4.2242,47.13599416
4.2244,47.1344663
4.2246,47.13293844
4.2248,47.13141058
4.225,47.04006762
4.2252,46.99363657
4.2254,46.8124945
4.2256,46.99058959
4.2258,46.89926263
4.226,46.71814094
4.2262,46.761525
4.2264,46.71511143
4.2266,46.57890895
4.2268,46.71208191
4.227,46.66567416
4.2272,46.61926931
4.2274,46.5279773
4.2276,46.52646837
4.2278,46.48007226
4.228,46.56833622
4.2282,46.56682583
4.2284,41.80773792
4.2286,46.5189237
4.2288,46.56229466
4.229,46.74029802
4.2292,46.69390482
4.2294,46.55776349
4.2296,46.42163088
4.2298,46.50987009
4.23,46.55323232
4.2302,46.59659163
4.2304,46.50534329
4.2306,46.32436718
4.2308,46.50232542
4.231,46.32136096
4.2312,46.36472028
4.2314,46.36321571
4.2316,46.36171114
4.2318,46.40506464
4.232,46.31384541
4.2322,46.40205259
4.2324,46.40054657
4.2326,46.39904055
4.2328,46.30783297
4.233,46.35117918
4.2332,46.30482675
4.2334,46.30332363
4.2336,46.16728566
4.2338,46.25547391
4.234,43.20471327
4.2342,46.2524706
4.2344,46.20612982
4.2346,46.20462962
4.2348,46.29280186
4.235,46.24646398
4.2352,46.28979564
4.2354,46.28829253
4.2356,46.33161982
4.2358,46.37494419
4.236,46.32861068
4.2362,46.37193215
4.2364,46.37042612
4.2366,46.32409698
4.2368,46.45705741
4.237,46.41072826
4.2372,46.40922079
4.2374,46.4525306
4.2376,46.45102167
4.2378,46.2702552
4.238,46.35837795
4.2382,46.26724898
4.2384,46.31055589
4.2386,46.26424276
4.2388,46.44196807
4.239,46.39565348
4.2392,46.34934181
4.2394,46.39263853
4.2396,42.26941319
4.2398,46.25522409
4.24,46.20892261
4.2402,46.16262404
4.2404,46.07153293
4.2406,45.89085964
4.2408,45.97895327
4.241,45.84308562
4.2412,45.88638525
4.2414,45.8401056
4.2416,45.88340232
4.2418,45.83712559
4.242,45.88041939
4.2422,45.87892792
4.2424,45.92221736
4.2426,45.83116555
4.2428,45.87445353
4.243,45.82818554
4.2432,45.8714706
4.2434,45.73565828
4.2436,45.59985468
4.2438,45.64314266
4.244,45.55211997
4.2442,45.5506387
4.2444,45.54915743
4.2446,45.4133815
4.2448,45.45666802
4.245,45.45518966
4.2452,42.67855917
4.2454,45.45223294
4.2456,45.45075458
4.2458,45.35976391
4.246,45.35828846
4.2462,45.44631949
4.2464,45.31058578
4.2466,45.26436146
4.2468,45.26288892
4.247,45.08242671
4.2472,45.17045192
4.2474,44.94525977
4.2476,44.98854047
4.2478,44.89759349
4.248,44.98561286
4.2482,44.84993302
4.2484,44.84847358
4.2486,44.75754261
4.2488,44.66661746
4.249,44.79936242
4.2492,44.75317303
4.2494,44.66225662
4.2496,44.660803
4.2498,44.56989532
4.25,44.56844462
4.2502,44.61171804
4.2504,44.47609788
4.2506,44.47465009
4.2508,44.02600475
4.251,44.29288132
4.2512,44.42558989
4.2514,44.42414355
4.2516,44.37798329
4.2518,44.42125088
4.252,44.46451556
4.2522,44.46306778
4.2524,44.5510362
4.2526,44.59429216
4.2528,44.45872441
4.253,44.45727662
4.2532,44.41112655
4.2534,44.45438104
4.2536,44.49763262
4.2538,44.5408813
4.254,44.40534121
4.2542,44.53797989
4.2544,44.44714209
4.2546,44.4456943
4.2548,44.48893715
4.255,44.44279872
4.2552,44.44135093
4.2554,44.52927569
4.2556,44.43845535
4.2558,44.48169092
4.256,44.43555977
4.2562,44.34475109
4.2564,44.29862722
4.2566,44.34186133
4.2568,44.38509254
4.257,44.33897158
4.2572,44.20350719
4.2574,44.24673839
4.2576,44.28996669
4.2578,44.42252967
4.258,44.42108188
4.2582,44.55363176
4.2584,44.50751517
4.2586,44.55072744
4.2588,44.54927529
4.259,44.68180333
4.2592,44.90363986
4.2594,44.72354744
4.2596,44.67743376
4.2598,44.58666875
4.26,44.67452071
4.2602,44.44980752
4.2604,44.58230791
4.2606,44.58085429
4.2608,44.57940068
4.261,44.57794707
4.2612,44.62113751
4.2614,44.57503984
4.2616,44.57358623
4.2618,44.57213262
4.262,44.570679
4.2622,44.52458862
4.2624,44.52313646
4.2626,44.38778271
4.2628,44.38633492
4.263,44.20636334
4.2632,44.38343934
4.2634,44.33736352
4.2636,44.2912906
4.2638,44.20059547
4.264,44.10990616
4.2642,44.10846711
4.2644,44.33013185
4.2646,44.1502083
4.2648,44.19338564
4.265,44.23656007
4.2652,44.19050171
4.2654,44.09983278
4.2656,44.2322298
4.2658,44.18617581
4.266,44.14012473
4.2662,44.13868422
4.2664,44.13724371
4.2666,44.13580319
4.2668,44.08975939
4.267,44.08832034
4.2672,43.99768053
4.2674,43.95164546
4.2676,44.17319811
4.2678,44.03796811
4.268,43.9473414
4.2682,43.94590671
4.2684,43.98906367
4.2686,43.94303734
4.2688,43.85242518
4.269,43.80640614
4.2692,43.76039
4.2694,43.89271422
4.2696,43.71294936
4.2698,43.71152195
4.27,43.66551455
4.2702,43.57493151
4.2704,43.35062304
4.2706,43.61666106
4.2708,43.65981074
4.271,43.56923935
4.2712,43.47867378
4.2714,43.38811404
4.2716,43.52040187
4.2718,43.3852796
4.272,43.47299326
4.2722,43.47157314
4.2724,43.33646542
4.2726,43.33504966
4.2728,43.3336339
4.273,43.24310182
4.2732,43.28624568
4.2734,43.28483137
4.2736,43.28341707
4.2738,43.14834575
4.274,43.05783405
4.2742,43.14552587
4.2744,43.1886639
4.2746,43.09815948
4.2748,43.096751
4.275,43.18442972
4.2752,43.09393403
4.2754,43.13706624
4.2756,43.09111707
4.2758,43.17878414
4.276,42.77654584
4.2762,43.17596135
4.2764,43.08548314
4.2766,43.17313857
4.2768,43.08266617
4.277,43.03672865
4.2772,42.94626644
4.2774,42.98938846
4.2776,42.98798289
4.2778,42.98657732
4.278,43.11873704
4.2782,42.93924587
4.2784,43.07139831
4.2786,43.06998983
4.2788,42.8014857
4.279,42.97814389
4.2792,42.97673832
4.2794,43.01984432
4.2796,42.97392718
4.2798,43.15055626
4.28,43.10463766
4.2802,42.88069896
4.2804,43.14632208
4.2806,43.10040784
4.2808,43.0989979
4.281,43.14208789
4.2812,43.1406765
4.2814,43.1392651
4.2816,42.78188923
4.2818,43.04745411
4.282,43.22401622
4.2822,43.13361953
4.2824,43.13220813
4.2826,43.17528502
4.2828,43.08489852
4.283,43.12797395
4.2832,43.03759473
4.2834,43.0806687
4.2836,43.16822077
4.2838,43.07784883
4.284,43.12091698
4.2842,43.07502895
4.2844,43.25151972
4.2846,43.07220907
4.2848,43.1152714
4.285,43.11386001
4.2852,42.97904055
4.2854,43.15550512
4.2856,43.02069294
4.2858,42.93035448
4.286,43.01787597
4.2862,42.92754334
4.2864,42.92613777
4.2866,42.96919136
4.2868,43.01224204
4.287,42.83300855
4.2872,42.96497028
4.2874,42.91910991
4.2876,42.87325245
4.2878,42.73849705
4.288,42.87044422
4.2882,42.73569755
4.2884,42.77874387
4.2886,42.86623188
4.2888,42.82038461
4.289,42.90786534
4.2892,42.72869882
4.2894,42.63842151
4.2896,42.72589932
4.2898,42.6800637
4.29,42.81196866
4.2902,42.67726712
4.2904,42.67586882
4.2906,42.67447053
4.2908,42.62864365
4.291,42.67167395
4.2912,42.53699862
4.2914,42.58002892
4.2916,42.489788
4.2918,42.44397422
4.292,42.48700306
4.2922,42.30793699
4.2924,42.39538423
4.2926,42.21633272
4.2928,42.21494898
4.293,42.34680299
4.2932,42.16777039
4.2934,42.16638811
4.2936,42.12059763
4.2938,42.11921681
4.294,42.11783599
4.2942,42.02764748
4.2944,42.02626957
4.2946,42.06929259
4.2948,41.89031532
4.295,41.93333979
4.2952,41.88756823
4.2954,41.9305898
4.2956,41.88482114
4.2958,41.8834476
4.296,41.9264648
4.2962,41.88070052
4.2964,41.87932697
4.2966,41.83356706
4.2968,41.83219497
4.297,41.91958981
4.2972,41.78506879
4.2974,41.78369816
4.2976,41.91546481
4.2978,41.82533453
4.298,41.91271481
4.2982,41.77821563
4.2984,41.42185883
4.2986,41.77547437
4.2988,41.77410374
4.299,41.86147091
4.2992,41.81572992
4.2994,41.81435783
4.2996,41.90171482
4.2998,41.7228875
4.3,41.81024157
4.3002,41.76450932
4.3004,41.8074974
4.3006,41.76176805
4.3008,41.80475322
4.301,41.75902679
4.3012,41.5802446
4.3014,41.75628553
4.3016,41.79926488
4.3018,41.75354427
4.302,41.88521483
4.3022,41.79514861
4.3024,41.83812068
4.3026,41.74806174
4.3028,41.79103235
4.303,41.78966026
4.3032,41.74394985
4.3034,41.87558984
4.3036,41.785544
4.3038,41.69550399
4.304,41.33947475
4.3042,41.73709669
4.3044,41.78005565
4.3046,41.82301171
4.3048,41.91029154
4.305,42.04189077
4.3052,41.9518624
4.3054,42.12777376
4.3056,41.94910658
4.3058,42.08068688
4.306,42.07930461
4.3062,42.03360584
4.3064,41.94359494
4.3066,41.98653061
4.3068,42.11808762
4.307,42.02808255
4.3072,41.9380833
4.3074,42.02532091
4.3076,41.97963378
4.3078,41.80103502
4.308,41.97687505
4.3082,41.84258987
4.3084,41.92981583
4.3086,41.79554085
4.3088,41.83846487
4.309,41.79279376
4.3092,41.74712556
4.3094,41.83433988
4.3096,42.09871535
4.3098,41.7430093
4.31,41.65305954
4.3102,41.60740299
4.3104,41.69460711
4.3106,41.69323648
4.3108,41.60329983
4.311,41.51336901
4.3112,41.423444
4.3114,41.51063939
4.3116,41.50927458
4.3118,41.46363404
4.312,41.37372214
4.3122,41.3723617
4.3124,41.41527262
4.3126,41.41391072
4.3128,41.32401192
4.313,41.41118693
4.3132,41.32129395
4.3134,41.31993497
4.3136,41.14152546
4.3138,41.22869465
4.314,41.13881914
4.3142,41.09320772
4.3144,41.0475992
4.3146,40.95773826
4.3148,41.0448987
4.315,40.95504358
4.3152,41.21920214
4.3154,40.86384985
4.3156,40.77400928
4.3158,40.861161
4.316,40.85981657
4.3162,40.85847214
4.3164,40.76864322
4.3166,40.85578329
4.3168,40.76596019
4.317,40.80885656
4.3172,40.80751359
4.3174,40.80617061
4.3176,40.80482764
4.3178,40.80348467
4.318,40.7136805
4.3182,40.80079873
4.3184,40.66677269
4.3186,40.66543409
4.3188,40.53142115
4.319,40.61853356
4.3192,40.61719641
4.3194,40.52741844
4.3196,40.5260842
4.3198,40.61318497
4.32,40.61184782
4.3202,40.61051067
4.3204,40.69759979
4.3206,40.78468308
4.3208,41.09281164
4.321,40.8262059
4.3212,40.78065417
4.3214,40.91192875
4.3216,40.77796823
4.3218,40.77662525
4.322,40.81948377
4.3222,40.68553925
4.3224,40.68419919
4.3226,40.5944649
4.3228,40.46054077
4.323,40.63598481
4.3232,40.59045346
4.3234,40.45654243
4.3236,40.49939948
4.3238,40.54225363
4.324,40.49673101
4.3242,40.53958225
4.3244,40.58243057
4.3246,40.53691086
4.3248,40.62393738
4.325,40.62259878
4.3252,40.57708198
4.3254,40.61992157
4.3256,40.57440768
4.3258,40.57307054
4.326,40.66007813
4.3262,40.61456716
4.3264,40.74573692
4.3266,40.47938594
4.3268,40.61055134
4.327,40.60921274
4.3272,40.69620141
4.3274,40.56237336
4.3276,40.7376791
4.3278,40.64801759
4.328,40.60251972
4.3282,40.68949383
4.3284,40.68815232
4.3286,40.55435047
4.3288,40.6413173
4.329,40.68412777
4.3292,40.55033903
4.3294,40.46070664
4.3296,40.5918109
4.3298,40.36974876
4.33,40.28013093
4.3302,40.27880251
4.3304,40.18919342
4.3306,40.2320068
4.3308,40.09826756
4.331,40.18521692
4.3312,40.18389141
4.3314,40.22669898
4.3316,40.0929772
4.3318,39.95926416
4.332,39.64904508
4.3322,40.08900943
4.3324,40.08768684
4.3326,40.04223993
4.3328,40.08504166
4.333,40.08371907
4.3332,39.99415656
4.3334,39.90459988
4.3336,39.99151721
4.3338,40.03431312
4.334,39.90064959
4.3342,39.81110746
4.3344,39.94212727
4.3346,39.76436998
4.3348,39.63073264
4.335,39.71763833
4.3352,39.76043278
4.3354,39.67091249
4.3356,39.53729554
4.3358,39.71239455
4.336,39.57878488
4.3362,39.53338018
4.3364,39.53207506
4.3366,39.44257952
4.3368,39.48537106
4.337,39.30769821
4.3372,39.48276374
4.3374,39.30510253
4.3376,38.9070133
4.3378,39.12616094
4.338,39.21303897
4.3382,39.21174404
4.3384,39.21044911
4.3386,39.12099287
4.3388,39.03154246
4.339,39.03025336
4.3392,39.02896425
4.3394,38.93952549
4.3396,39.02638604
4.3398,39.02509693
4.34,38.93566691
4.3402,39.06658773
4.3404,38.88902697
4.3406,39.01994051
4.3408,38.88645749
4.341,38.92923593
4.3412,38.88388801
4.3414,38.88260328
4.3416,38.88131854
4.3418,38.83597645
4.342,38.79063726
4.3422,38.83340988
4.3424,38.69996762
4.3426,38.74274024
4.3428,38.74145987
4.343,38.7401795
4.3432,38.7829463
4.3434,38.82571019
4.3436,38.69229413
4.3438,38.82314362
4.344,38.6897363
4.3442,38.73249728
4.3444,38.68717847
4.3446,38.72993653
4.3448,38.64058512
4.345,38.59527359
4.3452,38.72609542
4.3454,38.59272159
4.3456,38.59144558
4.3458,38.59016958
4.346,38.58889358
4.3462,38.58761757
4.3464,38.58634157
4.3466,38.58506557
4.3468,38.62781053
4.347,38.67055258
4.3472,38.71329171
4.3474,38.66799475
4.3476,38.66671583
4.3478,38.57740955
4.348,38.48810908
4.3482,38.61886831
4.3484,38.66160017
4.3486,38.6163134
4.3488,38.57102953
4.349,38.61375848
4.3492,38.61248102
4.3494,38.56720152
4.3496,38.65392668
4.3498,38.65264777
4.35,38.65136885
4.3502,38.73808237
4.3504,38.64881102
4.3506,38.6035388
4.3508,38.51427765
4.351,38.60098388
4.3512,38.55571749
4.3514,38.59842897
4.3516,38.46519343
4.3518,38.59587405
4.352,38.37468102
4.3522,38.37341084
4.3524,38.46010107
4.3526,38.45882797
4.3528,38.54550946
4.353,38.45628179
4.3532,38.58693183
4.3534,38.40976269
4.3536,38.32054812
4.3538,38.45118942
4.354,38.31801067
4.3542,38.36070904
4.3544,38.09564501
4.3546,38.3142045
4.3548,38.18104758
4.355,38.09186067
4.3552,38.22247869
4.3554,38.00142106
4.3556,38.17599016
4.3558,37.99890399
4.356,38.04159945
4.3562,38.04033946
4.3564,38.03907947
4.3566,38.08176911
4.3568,37.99261132
4.357,38.0352995
4.3572,37.94614899
4.3574,37.94489191
4.3576,38.07546189
4.3578,37.94237776
4.358,37.8532418
4.3582,37.89592562
4.3584,37.76286042
4.3586,37.76160917
4.3588,37.67249068
4.359,37.67124234
4.3592,37.62606329
4.3594,37.66874566
4.3596,37.57964173
4.3598,37.53446996
4.36,37.48930111
4.3602,37.61982886
4.3604,37.53073804
4.3606,37.61733509
4.3608,37.66000726
4.361,37.65875891
4.3612,37.83317515
4.3614,37.74409161
4.3616,37.61110065
4.3618,37.65376554
4.362,37.69642752
4.3622,37.65126886
4.3624,37.47439087
4.3626,37.38533644
4.3628,37.29628784
4.363,37.33895418
4.3632,37.29381444
4.3634,37.11697723
4.3636,37.24744238
4.3638,37.20230992
4.364,37.11328461
4.3642,37.11205373
4.3644,37.24250142
4.3646,37.24126618
4.3648,37.28392087
4.365,37.2387957
4.3652,37.32533451
4.3654,37.28021078
4.3656,37.36674232
4.3658,37.40938538
4.366,37.3203819
4.3662,37.23138425
4.3664,37.18627072
4.3666,37.27279061
4.3668,37.22767853
4.367,37.09482151
4.3672,37.04971817
4.3674,37.00461774
4.3676,37.09112889
4.3678,36.95829371
4.368,37.0448005
4.3682,37.04357108
4.3684,37.0862054
4.3686,37.17269909
4.3688,37.21532613
4.369,37.21409089
4.3692,37.30057147
4.3694,37.34318977
4.3696,37.34195016
4.3698,37.29685701
4.37,37.16406259
4.3702,37.16282881
4.3704,37.16159503
4.3706,37.0726658
4.3708,37.20297372
4.371,37.07020405
4.3712,37.15665989
4.3714,36.98005851
4.3716,37.06651143
4.3718,37.10911955
4.372,37.15172475
4.3722,37.41350741
4.3724,37.23692641
4.3726,37.23568972
4.3728,37.40977985
4.373,37.27704658
4.3732,37.31963722
4.3734,37.23074293
4.3736,37.27333212
4.3738,37.27209397
4.374,37.1393869
4.3742,37.22579615
4.3744,37.04927921
4.3746,37.04804834
4.3748,37.04681746
4.375,37.04558659
4.3752,37.04435572
4.3754,37.08693763
4.3756,37.12951662
4.3758,36.99685323
4.376,36.95181539
4.3762,37.03820135
4.3764,36.94935947
4.3766,37.0357396
4.3768,36.94690355
4.377,36.90187445
4.3772,36.94444763
4.3774,36.89942144
4.3776,36.8106014
4.3778,36.89696843
4.378,36.63297879
4.3782,36.63176102
4.3784,36.63054325
4.3786,36.58553599
4.3788,36.58431967
4.379,36.53931678
4.3792,36.53810192
4.3794,36.49310339
4.3796,36.57945441
4.3798,36.62201885
4.38,36.53324248
4.3802,36.61958331
4.3804,36.70591831
4.3806,36.48582297
4.3808,36.52838305
4.381,36.43962415
4.3812,36.48218276
4.3814,36.39343114
4.3816,36.43598831
4.3818,36.21594538
4.382,36.25850545
4.3822,36.34482589
4.3824,36.2560932
4.3826,36.29864745
4.3828,36.12240421
4.383,36.29623229
4.3832,36.33878071
4.3834,36.33757168
4.3836,36.42386883
4.3838,36.42265688
4.384,36.42144494
4.3842,36.37648426
4.3844,36.3315265
4.3846,36.24282583
4.3848,36.32910843
4.385,36.24041358
4.3852,36.19546601
4.3854,36.15052136
4.3856,36.14931815
4.3858,36.19185201
4.386,36.05944047
4.3862,36.014506
4.3864,36.10077258
4.3866,36.05583957
4.3868,36.22955847
4.387,36.14089566
4.3872,36.18341933
4.3874,36.22594009
4.3876,36.39962988
4.3878,36.39841793
4.388,36.48464812
4.3882,36.48343326
4.3884,36.39478209
4.3886,36.39357014
4.3888,36.34864295
4.389,36.39114625
4.3892,36.3899343
4.3894,36.3013006
4.3896,36.21267273
4.3898,36.2114666
4.39,36.21026048
4.3902,36.29646446
4.3904,36.25155183
4.3906,36.29404639
4.3908,36.46764009
4.391,36.46642523
4.3912,36.4215126
4.3914,36.37660288
4.3916,36.46278066
4.3918,36.41787239
4.392,36.32927509
4.3922,36.37175509
4.3924,36.23947603
4.3926,36.3693312
4.3928,36.23706087
4.393,36.32322263
4.3932,36.19096249
4.3934,36.18975637
4.3936,36.23223055
4.3938,36.23102297
4.394,36.186138
4.3942,36.18493187
4.3944,36.27107471
4.3946,36.26986567
4.3948,36.22498507
4.395,36.2674476
4.3952,36.30990722
4.3954,36.35236393
4.3956,36.39481773
4.3958,36.34994004
4.396,36.30506525
4.3962,36.34751614
4.3964,36.34630419
4.3966,36.43240918
4.3968,36.3438803
4.397,36.25535724
4.3972,36.29780231
4.3974,36.16563389
4.3976,36.16442776
4.3978,36.2505211
4.398,36.16201551
4.3982,36.24810303
4.3984,36.15960326
4.3986,36.24568496
4.3988,36.24447592
4.399,36.24326688
4.3992,36.24205785
4.3994,36.15357264
4.3996,36.06509327
4.3998,36.23843074
4.4,35.97541941
4.4002,35.97421911
4.4004,35.97301881
4.4006,35.88455981
4.4008,35.92699031
4.401,35.88216503
4.4012,35.83734266
4.4014,35.92339378
4.4016,35.92219493
4.4018,35.83375486
4.402,35.78893976
4.4022,35.78774529
4.4024,35.83016705
4.4026,35.69812675
4.4028,35.87138852
4.403,35.78296737
4.4032,35.7817729
4.4034,35.82418739
4.4036,35.86659897
4.4038,35.90900763
4.404,35.86420419
4.4042,35.81940365
4.4044,35.68740265
4.4046,35.77341155
4.4048,35.68501952
4.405,35.72742528
4.4052,35.5518488
4.4054,35.63785041
4.4056,35.59306735
4.4058,35.5482872
4.406,35.63428008
4.4062,35.50232422
4.4064,35.63189986
4.4066,35.58712408
4.4068,35.54235121
4.407,35.58474677
4.4072,35.4528142
4.4074,35.40805006
4.4076,35.36328883
4.4078,35.27495357
4.408,35.40450156
4.4082,35.31617067
4.4084,35.27141818
4.4086,35.18309748
4.4088,35.22549159
4.409,35.18074638
4.4092,35.09243733
4.4094,35.22196057
4.4096,35.17721972
4.4098,35.26316894
4.41,35.43623418
4.4102,35.26081201
4.4104,35.34674957
4.4106,35.30201164
4.4108,35.34438682
4.411,35.3867591
4.4112,35.34202407
4.4114,35.38439343
4.4116,35.25256276
4.4118,35.2513843
4.412,35.25020584
4.4122,35.24902737
4.4124,35.24784891
4.4126,35.24667044
4.4128,35.33257307
4.413,35.50554805
4.4132,35.19959742
4.4134,35.32902894
4.4136,35.24077813
4.4138,35.23959966
4.414,35.32548482
4.4142,35.23724273
4.4144,35.23606427
4.4146,35.27841325
4.4148,35.3642853
4.415,35.36310247
4.4152,35.36191964
4.4154,35.31721519
4.4156,35.14195316
4.4158,35.22781503
4.416,35.18311931
4.4162,35.26897389
4.4164,35.26779397
4.4166,35.1360754
4.4168,35.22192271
4.417,35.17723427
4.4172,35.30658281
4.4174,35.39241556
4.4176,35.30422006
4.4178,35.21603039
4.418,35.3888627
4.4182,35.38767841
4.4184,35.38649413
4.4186,35.55930314
4.4188,35.38412555
4.419,35.55692292
4.4192,35.4687449
4.4194,35.4675577
4.4196,35.4663705
4.4198,35.4651833
4.42,35.55097237
4.4202,35.41932222
4.4204,35.4616217
4.4206,35.41695074
4.4208,35.24183575
4.421,35.50154096
4.4212,35.41339351
4.4214,35.49916365
4.4216,35.41102202
4.4218,35.45331131
4.422,35.32170338
4.4222,35.36399267
4.4224,35.31933772
4.4226,35.10080884
4.4228,35.2735043
4.423,35.18539033
4.4232,35.09728218
4.4234,35.05264325
4.4236,35.09493108
4.4238,35.09375553
4.424,35.09257998
4.4242,35.13486199
4.4244,35.00331666
4.4246,35.00214402
4.4248,34.95751818
4.425,34.99979874
4.4252,34.95517581
4.4254,34.9105558
4.4256,34.90938607
4.4258,34.99510817
4.426,34.90704662
4.4262,34.86243388
4.4264,34.99159025
4.4266,34.77321715
4.4268,34.85892906
4.427,34.81432361
4.4272,34.72628534
4.4274,34.72512143
4.4276,34.59365908
4.4278,34.72279362
4.428,34.67819981
4.4282,34.50332358
4.4284,34.58902093
4.4286,34.54443586
4.4288,34.4998537
4.429,34.45527445
4.4292,34.49754044
4.4294,34.58322324
4.4296,34.45180893
4.4298,34.58090417
4.43,34.31925257
4.4302,34.27468787
4.4304,34.14330123
4.4306,34.27238918
4.4308,34.31464935
4.431,34.22668242
4.4312,34.13872131
4.4314,34.26779179
4.4316,34.17983505
4.4318,34.17868861
4.432,34.30774453
4.4322,34.13299641
4.4324,34.26204505
4.4326,34.47787779
4.4328,34.0861665
4.433,34.2152035
4.4332,34.12727151
4.4334,34.12612653
4.4336,34.16837069
4.4338,34.16722425
4.434,34.16607782
4.4342,34.12154661
4.4344,34.25055158
4.4346,34.29278409
4.4348,34.29163329
4.435,34.29048249
4.4352,34.28933168
4.4354,34.67856521
4.4356,34.41715382
4.4358,34.37262552
4.436,34.37147181
4.4362,34.45705852
4.4364,34.41253313
4.4366,34.36801067
4.4368,34.3234911
4.437,34.45243201
4.4372,34.40791245
4.4374,34.40675728
4.4376,34.31888207
4.4378,34.27437124
4.438,34.31657755
4.4382,34.7923375
4.4384,34.27091883
4.4386,34.26976803
4.4388,34.26861723
4.439,34.26746642
4.4392,34.17961886
4.4394,34.30851174
4.4396,34.26401401
4.4398,34.34955123
4.44,34.34839751
4.4402,34.3472438
4.4404,34.47610901
4.4406,34.34493637
4.4408,34.43045611
4.441,34.25595839
4.4412,34.29814141
4.4414,34.34032151
4.4416,34.29583689
4.4418,34.29468463
4.442,34.33686037
4.4422,34.33570665
4.4424,34.33455294
4.4426,34.20342834
4.4428,34.24560116
4.443,34.20112964
4.4432,34.19998029
4.4434,34.24214875
4.4436,34.15436525
4.4438,34.93288543
4.444,34.15206947
4.4442,34.06429761
4.4444,34.14977368
4.4446,33.97538951
4.4448,34.01755506
4.445,33.97310538
4.4452,33.9286586
4.4454,33.97082124
4.4456,33.79647201
4.4458,33.75203543
4.446,33.79419952
4.4462,33.70646843
4.4464,33.92181493
4.4466,33.8340853
4.4468,33.57318926
4.447,33.6586435
4.4472,33.57093133
4.4474,33.61309105
4.4476,33.48209893
4.4478,33.48097288
4.448,33.47984682
4.4482,33.47872077
4.4484,33.4343133
4.4486,33.47646866
4.4488,33.4753426
4.449,33.38766247
4.4492,33.55964167
4.4494,34.29417292
4.4496,33.29774769
4.4498,33.25335624
4.45,33.25223747
4.4502,33.16458208
4.4504,33.12019936
4.4506,32.98928877
4.4508,33.03144267
4.451,33.07359366
4.4512,32.89943659
4.4514,33.02810818
4.4516,32.98373857
4.4518,32.93937187
4.452,32.89500808
4.4522,32.54787096
4.4524,32.89279382
4.4526,32.84843586
4.4528,32.84733019
4.453,32.71648074
4.4532,32.67213296
4.4534,32.80076815
4.4536,32.6266897
4.4538,32.62559131
4.454,32.62449291
4.4542,32.58015533
4.4544,32.57905839
4.4546,32.4914889
4.4548,32.44716005
4.455,34.1321688
4.4552,32.48820682
4.4554,32.48711279
4.4556,32.44278976
4.4558,32.44169719
4.456,32.57028289
4.4562,32.48273668
4.4564,32.52486584
4.4566,32.48054863
4.4568,32.6091154
4.457,32.69445463
4.4572,32.65013597
4.4574,32.60582022
4.4576,32.64793627
4.4578,32.12828059
4.458,32.6889481
4.4582,32.60142664
4.4584,32.55711963
4.4586,32.51281553
4.4588,32.51172005
4.459,32.59703307
4.4592,32.59593468
4.4594,32.59483628
4.4596,32.550538
4.4598,32.59263949
4.46,32.5915411
4.4602,32.59044271
4.4604,32.50295619
4.4606,34.18637228
4.4608,32.54395638
4.461,32.58604913
4.4612,32.49857426
4.4614,32.36791844
4.4616,32.58275395
4.4618,32.49528782
4.462,32.58055716
4.4622,32.53627781
4.4624,32.49200137
4.4626,32.66361807
4.4628,32.57616359
4.463,32.48871492
4.4632,32.48761944
4.4634,32.35700729
4.4636,32.57177001
4.4638,32.52750231
4.464,32.52640537
4.4642,32.56847483
4.4644,32.52421149
4.4646,32.47995107
4.4648,32.56517965
4.465,32.56408126
4.4652,32.56298286
4.4654,32.56188447
4.4656,32.47447365
4.4658,32.38706867
4.466,32.38597609
4.4662,34.19726087
4.4664,32.29749019
4.4666,32.42584731
4.4668,32.38160581
4.467,32.38051324
4.4672,32.33627611
4.4674,32.3783281
4.4676,32.37723553
4.4678,32.28986257
4.468,32.24563418
4.4682,32.28768326
4.4684,32.24345777
4.4686,32.24236957
4.4688,32.11188261
4.469,31.67948418
4.4692,32.06658494
4.4694,32.02237401
4.4696,32.06442018
4.4698,31.97708652
4.47,32.06225542
4.4702,31.93180486
4.4704,31.97384812
4.4706,31.97276865
4.4708,31.92857082
4.471,31.97060971
4.4712,31.9264148
4.4714,31.92533679
4.4716,31.79492118
4.4718,33.30273528
4.472,31.70655464
4.4722,31.61926757
4.4724,31.61819975
4.4726,31.61713193
4.4728,31.52985651
4.473,31.57189394
4.4732,31.4846258
4.4734,31.44046291
4.4736,31.52559687
4.4738,31.43833891
4.474,31.48037198
4.4742,31.52240214
4.4744,31.43515292
4.4746,31.17554674
4.4748,31.51920741
4.475,31.5181425
4.4752,31.34473226
4.4754,31.42984293
4.4756,31.42878093
4.4758,31.21230912
4.476,31.34049592
4.4762,31.21019968
4.4764,31.12298977
4.4766,31.20809024
4.4768,31.16396084
4.477,31.16290758
4.4772,31.16185431
4.4774,33.01282463
4.4776,31.11667893
4.4778,31.02949231
4.478,31.07150936
4.4782,31.19965249
4.4784,31.06940866
4.4786,31.15448147
4.4788,31.02424783
4.479,31.10931627
4.4792,31.02215004
4.4794,31.02110114
4.4796,30.97699794
4.4798,30.84679196
4.48,31.01795445
4.4802,30.41420647
4.4804,30.75756579
4.4806,30.75652563
4.4808,30.75548547
4.481,30.79748941
4.4812,30.75340515
4.4814,30.66628259
4.4816,30.75132482
4.4818,30.75028466
4.482,30.92139183
4.4822,30.74820434
4.4824,30.91929986
4.4826,30.96128634
4.4828,30.9602389
4.483,32.2070485
4.4832,31.08722831
4.4834,31.00012322
4.4836,30.99907432
4.4838,30.86895424
4.484,30.86790971
4.4842,30.69478191
4.4844,30.65072384
4.4846,30.77874031
4.4848,30.69166579
4.485,30.77665707
4.4852,30.77561546
4.4854,30.90361009
4.4856,30.98858536
4.4858,30.47142641
4.486,30.98648757
4.4862,30.89942615
4.4864,30.94138497
4.4866,30.98334088
4.4868,30.98229199
4.487,30.89524222
4.4872,30.80819827
4.4874,30.67816262
4.4876,30.76311605
4.4878,30.6330906
4.488,30.80402598
4.4882,30.6740078
4.4884,30.5869886
4.4886,32.43447079
4.4888,30.67089169
4.489,30.6268671
4.4892,30.58284543
4.4894,30.58180964
4.4896,30.62375535
4.4898,30.66569816
4.49,30.53572366
4.4902,30.70659789
4.4904,30.7915091
4.4906,30.83344026
4.4908,30.70347741
4.491,30.65946593
4.4912,30.65842722
4.4914,30.14176761
4.4916,30.57041591
4.4918,30.39751812
4.492,30.43945219
4.4922,30.39545818
4.4924,30.26554482
4.4926,30.35043856
4.4928,30.2205354
4.493,30.30542477
4.4932,30.30439771
4.4934,30.30337066
4.4936,30.3023436
4.4938,30.34426748
4.494,30.38618845
4.4942,31.63065127
4.4944,30.29823536
4.4946,30.2972083
4.4948,30.08146295
4.495,29.95161655
4.4952,29.99354189
4.4954,29.94958573
4.4956,29.99150815
4.4958,29.77580938
4.496,29.81773472
4.4962,29.90259061
4.4964,29.85864464
4.4966,29.85763214
4.4968,29.72783234
4.497,29.38340303
4.4972,29.76874226
4.4974,29.8106574
4.4976,29.85256964
4.4978,29.63694803
4.498,29.72178354
4.4982,29.67785649
4.4984,29.63393236
4.4986,29.67584314
4.4988,29.67483646
4.499,29.6309167
4.4992,29.62991147
4.4994,29.45726555
4.4996,29.58499231
4.4998,30.99992827
4.5,29.41136154
4.5002,29.4103636
4.5004,29.40936566
4.5006,29.45126916
4.5008,29.40736977
4.501,29.53506742
4.5012,29.57696218
4.5014,29.66174966
4.5016,29.57495465
4.5018,29.57395089
4.502,29.65872962
4.5022,29.61483315
4.5024,29.48516291
4.5026,29.14106699
4.5028,29.44027578
4.503,29.52504432
4.5032,29.52404201
4.5034,29.43727758
4.5036,29.43627818
4.5038,29.60679138
4.504,29.64866285
4.5042,29.64765617
4.5044,29.60377571
4.5046,29.77425979
4.5048,29.64463614
4.505,29.85797653
4.5052,29.81409461
4.5054,31.22767666
4.5056,29.8977997
4.5058,29.98251147
4.506,29.98149315
4.5062,29.89475347
4.5064,29.89373805
4.5066,30.02129594
4.5068,30.02027616
4.507,30.01925638
4.5072,29.9753832
4.5074,30.01721682
4.5076,30.01619704
4.5078,30.0580263
4.508,29.97130991
4.5082,29.88459934
4.5084,29.88358393
4.5086,29.92541173
4.5088,29.96723661
4.509,30.05189888
4.5092,30.05087765
4.5094,30.04985641
4.5096,30.00599925
4.5098,30.04781394
4.51,30.04679271
4.5102,30.04577147
4.5104,30.00192013
4.5106,30.08655765
4.5108,30.08553496
4.511,30.55559539
4.5112,30.08348958
4.5114,29.91117557
4.5116,30.03862282
4.5118,30.03760159
4.512,30.16503572
4.5122,30.07837612
4.5124,30.03453788
4.5126,29.94788846
4.5128,29.98968277
4.513,29.98866299
4.5132,29.98764321
4.5134,30.1578565
4.5136,29.94279684
4.5138,30.19861065
4.514,29.98356409
4.5142,30.11095165
4.5144,30.1099275
4.5146,30.19450242
4.5148,30.06508113
4.515,30.02126182
4.5152,30.10583091
4.5154,30.10480677
4.5156,30.10378262
4.5158,29.93159527
4.516,29.97336629
4.5162,29.84398285
4.5164,29.9285403
4.5166,30.09866188
4.5168,29.84093661
4.517,29.75435707
4.5172,29.83890579
4.5174,29.79511122
4.5176,29.87965266
4.5178,29.75030707
4.518,29.74929457
4.5182,29.7910554
4.5184,29.83281332
4.5186,29.66071623
4.5188,29.61693768
4.519,29.74423207
4.5192,29.57215537
4.5194,29.65667787
4.5196,29.52737887
4.5198,29.56913533
4.52,29.65364911
4.5202,29.43884566
4.5204,29.48060067
4.5206,29.52235277
4.5208,29.39308433
4.521,29.47758937
4.5212,29.39108262
4.5214,29.39008177
4.5216,29.47457808
4.5218,29.34533293
4.522,29.34433354
4.5222,29.30058992
4.5224,29.3850775
4.5226,29.17037013
4.5228,29.2975961
4.523,29.25385976
4.5232,29.21012634
4.5234,29.25186679
4.5236,29.16540226
4.5238,29.07894356
4.524,29.16341511
4.5242,29.16242153
4.5244,29.07597156
4.5246,29.11770765
4.5248,29.11671553
4.525,29.32934256
4.5252,29.07200891
4.5254,29.11373917
4.5256,29.15546651
4.5258,29.02631891
4.526,29.06804626
4.5262,28.9816254
4.5264,29.02335129
4.5266,29.02236208
4.5268,29.10679433
4.527,29.06309294
4.5272,29.14751791
4.5274,29.06111161
4.5276,29.14553076
4.5278,29.05913029
4.528,29.1862456
4.5282,29.22795111
4.5284,29.09885738
4.5286,29.22595814
4.5288,29.0114808
4.529,29.26665988
4.5292,29.18027542
4.5294,29.22197219
4.5296,29.17828536
4.5298,29.26266811
4.53,29.21898273
4.5302,29.13261428
4.5304,29.25967428
4.5306,29.51477476
4.5308,29.2576784
4.531,29.25668045
4.5312,29.21300381
4.5314,29.25468457
4.5316,29.12565926
4.5318,29.21001435
4.532,29.12367211
4.5322,29.20802138
4.5324,29.20702489
4.5326,29.2060284
4.5328,29.24769897
4.533,29.24670103
4.5332,29.20303894
4.5334,29.24470514
4.5336,29.2437072
4.5338,29.32802881
4.534,29.28436964
4.5342,29.3260271
4.5344,29.32502625
4.5346,29.23871749
4.5348,29.36567704
4.535,29.27937265
4.5352,29.23572366
4.5354,29.32002198
4.5356,29.31902112
4.5358,29.31802027
4.536,29.23173189
4.5362,29.6145147
4.5364,29.40029941
4.5366,29.22873806
4.5368,29.313016
4.537,29.26937866
4.5372,29.31101429
4.5374,29.35264701
4.5376,29.30901258
4.5378,29.26538107
4.538,29.30701087
4.5382,29.39126552
4.5384,29.26238287
4.5386,29.13350897
4.5388,29.26038408
4.539,29.1315189
4.5392,29.21576481
4.5394,29.00167181
4.5396,29.00068114
4.5398,28.95707438
4.54,28.99869982
4.5402,28.91248277
4.5404,29.08194195
4.5406,29.08094838
4.5408,29.0799548
4.541,28.9937465
4.5412,29.03536175
4.5414,29.07697408
4.5416,28.99077451
4.5418,29.16019002
4.542,28.81839283
4.5422,28.81740799
4.5424,28.7312288
4.5426,28.68765115
4.5428,28.72926494
4.543,28.6430974
4.5432,28.59952703
4.5434,28.72631916
4.5436,28.55498347
4.5438,28.7243553
4.544,28.63820231
4.5442,28.67980737
4.5444,28.72140951
4.5446,28.50752178
4.5448,28.63428624
4.545,28.46299423
4.5452,28.46202104
4.5454,28.54619852
4.5456,28.46007465
4.5458,28.45910146
4.546,28.45812826
4.5462,28.28687701
4.5464,28.45618188
4.5466,28.37007547
4.5468,28.41167034
4.547,28.28300753
4.5472,28.32460239
4.5474,28.45131591
4.5476,28.23754609
4.5478,28.27913804
4.548,28.23561426
4.5482,28.40486818
4.5484,28.36134294
4.5486,28.36037265
4.5488,28.35940237
4.549,28.35843209
4.5492,28.35746181
4.5494,28.44158397
4.5496,28.31297648
4.5498,28.31200765
4.55,28.31103882
4.5502,28.1399084
4.5504,28.30910117
4.5506,28.39320732
4.5508,28.30716352
4.551,28.30619469
4.5512,28.39029211
4.5514,28.43185203
4.5516,28.43087884
4.5518,28.5574919
4.552,28.42893245
4.5522,28.51301094
4.5524,28.46951045
4.5526,28.4685358
4.5528,28.42503968
4.553,28.55162653
4.5532,28.33805617
4.5534,28.33708589
4.5536,28.4211469
4.5538,28.42017371
4.554,28.504226
4.5542,28.50324989
4.5544,28.50227378
4.5546,28.45878931
4.5548,28.50032157
4.555,28.58435638
4.5552,28.49836936
4.5554,28.49739326
4.5556,28.58141933
4.5558,28.49544105
4.556,28.40946858
4.5562,28.49348884
4.5564,28.61999853
4.5566,28.49153663
4.5568,28.57554523
4.557,28.61705712
4.5572,28.48860831
4.5574,28.61509617
4.5576,28.4866561
4.5578,28.48568
4.558,28.44222027
4.5582,28.52620995
4.5584,28.48275168
4.5586,28.56673408
4.5588,28.56575506
4.559,28.43734702
4.5592,28.39389748
4.5594,28.43539772
4.5596,28.3919511
4.5598,28.43344842
4.56,28.43247377
4.5602,28.47396673
4.5604,28.47299063
4.5606,28.30215573
4.5608,28.38611193
4.561,28.2152916
4.5612,28.1718639
4.5614,28.08598024
4.5616,28.08501723
4.5618,28.25387808
4.562,28.08309123
4.5622,28.16703433
4.5624,28.08116522
4.5626,28.08020222
4.5628,28.07923922
4.563,28.07827621
4.5632,27.99242167
4.5634,27.99146158
4.5636,27.99050149
4.5638,27.90465859
4.564,27.90370141
4.5642,27.94518273
4.5644,27.85935002
4.5646,27.73108755
4.5648,27.81500445
4.565,27.72918484
4.5652,27.72823348
4.5654,27.76971188
4.5656,27.64147417
4.5658,27.72537941
4.566,27.63957728
4.5662,27.5962049
4.5664,27.55283543
4.5666,27.63673194
4.5668,27.6357835
4.567,27.54999883
4.5672,27.59146995
4.5674,27.54810777
4.5676,27.54716223
4.5678,27.5462167
4.568,27.46044951
4.5682,27.50191626
4.5684,27.45856427
4.5686,27.41521518
4.5688,27.45667902
4.569,27.32852574
4.5692,27.45479378
4.5694,27.36904988
4.5696,27.41050935
4.5698,27.45196592
4.57,27.23904193
4.5702,27.36529104
4.5704,27.44913805
4.5706,27.36341162
4.5708,27.27769101
4.571,27.27675421
4.5712,27.31820495
4.5714,27.40203886
4.5716,27.23155919
4.5718,27.35777336
4.572,27.27207022
4.5722,27.22875316
4.5724,27.22781782
4.5726,27.22688247
4.5728,27.35307481
4.573,27.26738623
4.5732,27.35119539
4.5734,27.30788415
4.5736,27.3069459
4.5738,27.39074487
4.574,27.30506939
4.5742,27.43122824
4.5744,27.38792138
4.5746,27.30225463
4.5748,27.38603904
4.575,27.42745776
4.5752,27.38415671
4.5754,27.51028644
4.5756,27.42462989
4.5758,27.38133322
4.576,27.38039205
4.5762,27.42180203
4.5764,27.46320909
4.5766,27.50461324
4.5768,27.41897416
4.577,27.41803154
4.5772,27.41708892
4.5774,27.37380389
4.5776,27.49988558
4.5778,27.41426106
4.578,27.37098039
4.5782,27.32770264
4.5784,27.45376832
4.5786,27.3681569
4.5788,27.40954795
4.579,27.36627456
4.5792,27.4076627
4.5794,27.49137578
4.5796,27.40577746
4.5798,27.48948471
4.58,27.4462157
4.5802,27.48759365
4.5804,27.48664811
4.5806,27.31642612
4.5808,27.40012173
4.581,27.48381151
4.5812,27.48286598
4.5814,27.31266728
4.5816,27.31172757
4.5818,27.39540863
4.582,27.52139277
4.5822,27.30890844
4.5824,27.35027475
4.5826,27.30702903
4.5828,27.39069552
4.583,27.30514961
4.5832,27.38881027
4.5834,27.38786765
4.5836,27.42922231
4.5838,27.25909494
4.584,27.30045106
4.5842,27.29951135
4.5844,27.25628018
4.5846,27.25534193
4.5848,27.16982659
4.585,27.08431707
4.5852,27.1679559
4.5854,27.04016803
4.5856,27.08151978
4.5858,27.08058735
4.586,27.07965492
4.5862,27.20555754
4.5864,27.07779005
4.5866,27.28823483
4.5868,27.16047316
4.587,27.20181035
4.5872,26.98951818
4.5874,26.98858867
4.5876,27.19899995
4.5878,26.98672963
4.588,26.98580011
4.5882,26.85807921
4.5884,26.8994164
4.5886,26.77170714
4.5888,26.89756318
4.589,26.81212063
4.5892,26.81119694
4.5894,26.72576312
4.5896,26.80934955
4.5898,26.7661737
4.59,26.89200354
4.5902,26.80657846
4.5904,26.80565476
4.5906,26.80473107
4.5908,26.88829711
4.591,26.76064026
4.5912,26.84420194
4.5914,26.80103628
4.5916,26.63115641
4.5918,26.63023853
4.592,26.58708453
4.5922,26.62840279
4.5924,26.58525169
4.5926,26.54210351
4.5928,26.37226731
4.593,26.54027359
4.5932,26.45490383
4.5934,26.53844367
4.5936,26.45307973
4.5938,26.49439071
4.594,26.57792036
4.5942,26.53478382
4.5944,26.53386886
4.5946,26.57517111
4.5948,26.48982319
4.595,26.3622668
4.5952,26.44578334
4.5954,26.44487129
4.5956,26.40174931
4.5958,26.40083872
4.596,26.35772111
4.5962,26.27240085
4.5964,26.27149462
4.5966,26.39719635
4.5968,26.31188336
4.597,26.43757489
4.5972,26.52105941
4.5974,26.39355397
4.5976,26.39264338
4.5978,26.51831452
4.598,26.43301464
4.5982,26.5164846
4.5984,26.47338009
4.5986,26.47246659
4.5988,26.59811299
4.599,26.51282476
4.5992,26.5119098
4.5994,26.4266303
4.5996,26.42571825
4.5998,26.4248062
4.6,26.50824995
4.6002,26.4229821
4.6004,26.42207005
4.6006,26.46333154
4.6008,26.37807388
4.601,26.4193339
4.6012,26.46059102
4.6014,26.41750981
4.6016,26.62742903
4.6018,26.6265097
4.602,26.62559037
4.6022,26.58250916
4.6024,26.58159128
4.6026,26.53851444
4.6028,26.53759802
4.603,26.41021341
4.6032,26.53576519
4.6034,26.74561453
4.6036,26.44962896
4.6038,26.40656521
4.604,26.40565316
4.6042,26.48903577
4.6044,26.40382906
4.6046,26.48720585
4.6048,26.40200497
4.605,26.52751743
4.6052,26.40018087
4.6054,26.5256846
4.6056,26.39835677
4.6058,26.56598745
4.606,26.39653267
4.6062,26.47988616
4.6064,26.39470857
4.6066,26.39379652
4.6068,26.26649927
4.607,26.34984548
4.6072,26.22255841
4.6074,26.26377622
4.6076,26.3471137
4.6078,26.21983973
4.608,26.26105318
4.6082,26.21802728
4.6084,26.21712106
4.6086,26.21621483
4.6088,26.17319476
4.609,26.34073955
4.6092,26.21349615
4.6094,26.12837097
4.6096,26.16957568
4.6098,26.08445777
4.61,26.12566103
4.6102,25.99844675
4.6104,26.03965
4.6106,26.08085034
4.6108,25.99574991
4.611,25.95275313
4.6112,25.95185564
4.6114,25.82467339
4.6116,25.90796719
4.6118,25.82288715
4.612,25.82199402
4.6122,25.8211009
4.6124,25.82020777
4.6126,25.77722847
4.6128,25.73425207
4.613,25.8175284
4.6132,25.69038983
4.6134,25.77366179
4.6136,25.64653341
4.6138,25.56149121
4.614,25.6868348
4.6142,25.51764789
4.6144,25.55883804
4.6146,25.72624016
4.6148,25.51499909
4.615,25.59825359
4.6152,25.51323323
4.6154,25.5964819
4.6156,25.51146736
4.6158,25.55264732
4.616,25.5097015
4.6162,25.55087854
4.6164,25.54999415
4.6166,25.5070527
4.6168,25.50616976
4.617,25.50528683
4.6172,25.5044039
4.6174,25.46146972
4.6176,25.50263803
4.6178,25.5017551
4.618,25.50087217
4.6182,25.49998923
4.6184,25.54115027
4.6186,25.54026588
4.6188,25.53938149
4.619,25.6225763
4.6192,25.57965085
4.6194,25.62080169
4.6196,25.74602009
4.6198,25.70309464
4.62,25.70220443
4.6202,25.70131422
4.6204,25.74245342
4.6206,25.61547789
4.6208,25.5725641
4.621,25.69775337
4.6212,25.61281599
4.6214,25.65395082
4.6216,25.69508274
4.6218,25.61015409
4.622,25.65128455
4.6222,25.56636318
4.6224,25.77555159
4.6226,25.60660489
4.6228,25.68974146
4.623,25.73086173
4.6232,25.64595201
4.6234,25.60305569
4.6236,25.68618061
4.6238,25.55927643
4.624,25.64239699
4.6242,25.64150823
4.6244,25.59861918
4.6246,25.68172955
4.6248,25.68083934
4.625,25.51196543
4.6252,25.51108104
4.6254,25.67816871
4.6256,25.63528694
4.6258,25.88633878
4.626,25.63350942
4.6262,25.59063348
4.6264,25.58974618
4.6266,25.58885888
4.6268,25.67193722
4.627,25.71302837
4.6272,25.58619698
4.6274,25.66926658
4.6276,25.66837637
4.6278,25.66748616
4.628,25.62462186
4.6282,25.45584258
4.6284,25.49693082
4.6286,25.41210699
4.6288,25.49516204
4.629,25.45231085
4.6292,25.49339327
4.6294,25.57643667
4.6296,25.49162449
4.6298,25.36485715
4.63,25.44789618
4.6302,25.23722289
4.6304,25.36221708
4.6306,25.36133706
4.6308,25.27654963
4.631,25.27567252
4.6312,25.19089383
4.6314,25.44171565
4.6316,25.23109331
4.6318,25.18827123
4.632,25.27128698
4.6322,25.14457932
4.6324,25.18564864
4.6326,25.26865565
4.6328,25.22583939
4.633,25.18302604
4.6332,25.09827937
4.6334,25.05547331
4.6336,25.01267015
4.6338,25.09566551
4.634,25.0109334
4.6342,25.80671519
4.6344,24.96726915
4.6346,24.92447619
4.6348,24.92361073
4.635,24.92274526
4.6352,24.83803645
4.6354,24.8371739
4.6356,24.83631135
4.6358,24.8773661
4.636,24.79267039
4.6362,24.87563808
4.6364,24.83286114
4.6366,24.74817561
4.6368,24.66349591
4.637,24.57882203
4.6372,24.66178246
4.6374,24.61902006
4.6376,24.660069
4.6378,24.57540677
4.638,24.57455295
4.6382,24.57369913
4.6384,24.57284532
4.6386,24.61388843
4.6388,24.65492863
4.639,24.61217788
4.6392,24.52753749
4.6394,24.52668513
4.6396,24.56772242
4.6398,25.69784982
4.64,24.60790152
4.6402,24.43950512
4.6404,24.56430715
4.6406,24.56345333
4.6408,24.56259952
4.641,24.5617457
4.6412,24.56089188
4.6414,24.56003807
4.6416,24.51730916
4.6418,24.5164568
4.642,24.55747662
4.6422,24.5566228
4.6424,24.51389971
4.6426,24.01063361
4.6428,24.51219499
4.643,24.55320753
4.6432,24.42676338
4.6434,24.50963791
4.6436,24.55064608
4.6438,24.54979227
4.644,24.50708083
4.6442,24.5899408
4.6444,24.54723081
4.6446,24.546377
4.6448,24.58737498
4.645,24.54466936
4.6452,24.54381555
4.6454,26.80272297
4.6456,24.45841596
4.6458,24.49940958
4.646,24.54040028
4.6462,24.45586325
4.6464,24.37133204
4.6466,24.53783883
4.6468,24.41147329
4.647,24.45245963
4.6472,24.49344305
4.6474,24.49259069
4.6476,24.53356975
4.6478,24.53271593
4.648,24.53186211
4.6482,24.23821896
4.6484,24.57198007
4.6486,24.5711248
4.6488,24.61209221
4.649,24.65305671
4.6492,24.61037875
4.6494,24.65134034
4.6496,24.52503158
4.6498,24.60780857
4.65,24.48151
4.6502,24.43884515
4.6504,24.47980528
4.6506,24.47895292
4.6508,24.47810056
4.651,25.27157488
4.6512,24.47639583
4.6514,24.51734723
4.6516,24.47469111
4.6518,24.55744044
4.652,24.51478578
4.6522,24.47213403
4.6524,24.5966711
4.6526,24.55401935
4.6528,24.46957695
4.653,24.5105167
4.6532,24.46787223
4.6534,24.46701986
4.6536,24.42437976
4.6538,24.38174257
4.654,24.38089312
4.6542,24.29647693
4.6544,24.29563039
4.6546,24.37834477
4.6548,24.41927433
4.655,24.41842343
4.6552,24.45934862
4.6554,24.45849626
4.6556,24.45764389
4.6558,24.45679153
4.656,24.49770945
4.6562,24.45508681
4.6564,24.37069973
4.6566,22.19802324
4.6568,24.41076528
4.657,24.36815138
4.6572,24.32554039
4.6574,24.24117224
4.6576,24.19856853
4.6578,24.19772491
4.658,24.19688128
4.6582,24.11252914
4.6584,23.94467721
4.6586,24.11084771
4.6588,24.02650721
4.659,24.02566941
4.6592,24.06657859
4.6594,24.06573933
4.6596,24.06490007
4.6598,24.10580342
4.66,24.06322155
4.6602,24.10412199
4.6604,23.97806655
4.6606,23.9772302
4.6608,24.01812919
4.661,23.93382363
4.6612,23.84952389
4.6614,23.80696095
4.6616,23.72267141
4.6618,23.76357185
4.662,23.72101619
4.6622,19.71457495
4.6624,23.76108465
4.6626,23.76025558
4.6628,23.75942651
4.663,23.67515881
4.6632,23.75776838
4.6634,23.75693931
4.6636,23.75611024
4.6638,23.79699467
4.664,23.62931599
4.6642,23.75362304
4.6644,23.66937571
4.6646,23.66854956
4.6648,23.75113584
4.665,23.70860201
4.6652,23.66607109
4.6654,23.62354308
4.6656,23.62271838
4.6658,23.66359262
4.666,23.53767402
4.6662,23.66194031
4.6664,23.70280872
4.6666,23.70198111
4.6668,23.7011535
4.667,23.70032589
4.6672,23.69949827
4.6674,23.65698337
4.6676,23.73952889
4.6678,20.27889636
4.668,23.73787075
4.6682,23.77872315
4.6684,23.81957263
4.6686,23.73538355
4.6688,23.65120028
4.669,23.73372541
4.6692,23.64954797
4.6694,23.60704908
4.6696,23.68956693
4.6698,23.73040914
4.67,23.64624334
4.6702,23.728751
4.6704,23.81125284
4.6706,23.81042086
4.6708,23.80958888
4.671,23.8087569
4.6712,23.89124418
4.6714,23.93206746
4.6716,23.8895744
4.6718,23.93039477
4.672,23.804597
4.6722,23.80376502
4.6724,23.80293304
4.6726,23.88539994
4.6728,23.80126908
4.673,23.75879058
4.6732,23.79960513
4.6734,23.17411891
4.6736,23.67301469
4.6738,23.63054637
4.674,23.62972022
4.6742,23.75380744
4.6744,23.58643157
4.6746,23.71051151
4.6748,23.79294929
4.675,23.6672214
4.6752,23.79128533
4.6754,23.70719524
4.6756,23.70636617
4.6758,23.7055371
4.676,23.70470804
4.6762,23.82874867
4.6764,23.57818456
4.6766,23.57735986
4.6768,23.57653516
4.677,23.61732787
4.6772,23.57488576
4.6774,23.49083206
4.6776,23.57323636
4.6778,23.53080007
4.678,23.52997683
4.6782,23.52915358
4.6784,23.48672312
4.6786,23.44429556
4.6788,23.48507954
4.679,23.48425775
4.6792,23.56663876
4.6794,23.48261417
4.6796,23.31539844
4.6798,23.27298544
4.68,23.31376651
4.6802,23.22976231
4.6804,23.3953199
4.6806,23.2281362
4.6808,23.22732315
4.681,23.1433335
4.6812,23.10093652
4.6814,23.1832986
4.6816,23.09931915
4.6818,23.26484034
4.682,23.13928279
4.6822,23.09689309
4.6824,23.0545063
4.6826,23.05369907
4.6828,23.01131664
4.683,22.84421592
4.6832,22.96813281
4.6834,22.84261601
4.6836,22.80024669
4.6838,22.84101611
4.684,22.7986497
4.6842,22.71472121
4.6844,22.71392562
4.6846,22.8793784
4.6848,22.79545572
4.685,22.75309805
4.6852,22.79385873
4.6854,22.8346165
4.6856,22.83381655
4.6858,22.79146324
4.686,22.74911285
4.6862,22.78986625
4.6864,22.78906775
4.6866,22.78826926
4.6868,22.66283254
4.687,22.74512765
4.6872,22.66124428
4.6874,22.78507527
4.6876,22.65965602
4.6878,22.65886189
4.688,22.57499308
4.6882,22.74034541
4.6884,22.57341065
4.6886,22.65568538
4.6888,22.57182821
4.689,22.69562719
4.6892,22.73636021
4.6894,22.65250887
4.6896,22.77629182
4.6898,22.73396909
4.69,22.73317205
4.6902,22.89846032
4.6904,22.73157797
4.6906,22.73078093
4.6908,22.52239909
4.691,22.64615584
4.6912,22.72838981
4.6914,22.64456758
4.6916,22.68528459
4.6918,22.68448901
4.692,22.68369343
4.6922,22.68289784
4.6924,22.72360757
4.6926,22.76431438
4.6928,22.72201349
4.693,22.38920888
4.6932,22.80341839
4.6934,22.7611204
4.6936,22.76032191
4.6938,22.84251366
4.694,22.84171225
4.6942,22.79941863
4.6944,22.75712792
4.6946,22.75632943
4.6948,22.75553093
4.695,22.71324605
4.6952,22.67096408
4.6954,22.62868502
4.6956,22.71085493
4.6958,22.62709676
4.696,22.62630263
4.6962,22.74994146
4.6964,22.62471438
4.6966,22.70686973
4.6968,22.78901926
4.697,22.70527565
4.6972,22.74594898
4.6974,22.74515049
4.6976,22.74435199
4.6978,22.57768947
4.698,22.70129045
4.6982,22.8248827
4.6984,22.69969637
4.6986,22.36721786
4.6988,22.69810229
4.699,22.65584798
4.6992,22.73796403
4.6994,22.69571118
4.6996,22.73636703
4.6998,22.73556854
4.7,22.61042007
4.7002,22.73397155
4.7004,22.60883181
4.7006,22.69092894
4.7008,22.6901319
4.701,22.64789214
4.7012,22.68853782
4.7014,22.60486117
4.7016,22.68694374
4.7018,22.60327291
4.702,22.60247879
4.7022,22.56025068
4.7024,22.51802548
4.7026,22.55866533
4.7028,22.51644305
4.703,22.47422368
4.7032,22.43200722
4.7034,22.43121891
4.7036,22.4718544
4.7038,22.38821997
4.704,22.34601224
4.7042,22.42806569
4.7044,22.42727739
4.7046,22.42648908
4.7048,22.34287067
4.705,22.34208528
4.7052,22.29988774
4.7054,22.21628244
4.7056,22.3397291
4.7058,22.29753593
4.706,22.33815831
4.7062,22.25456319
4.7064,22.21237731
4.7066,22.25299823
4.7068,22.25221574
4.707,22.33423134
4.7072,22.2092532
4.7074,22.29126443
4.7076,22.20769115
4.7078,22.33108977
4.708,22.16473734
4.7082,22.20534807
4.7084,22.24595589
4.7086,22.20378602
4.7088,22.12023312
4.709,22.16083949
4.7092,22.07729387
4.7094,22.07651721
4.7096,22.07574055
4.7098,22.07496389
4.71,22.07418723
4.7102,22.07341057
4.7104,21.98988533
4.7106,22.07185726
4.7108,22.40205163
4.711,21.90482425
4.7112,22.02815881
4.7114,21.94464959
4.7116,22.15070508
4.7118,21.98446911
4.712,21.98369536
4.7122,22.0242828
4.7124,22.0235076
4.7126,21.94001584
4.7128,22.06331401
4.713,22.02118199
4.7132,21.97905288
4.7134,21.97827913
4.7136,21.97750539
4.7138,21.9353821
4.714,21.97595789
4.7142,22.01653078
4.7144,21.85037487
4.7146,21.97363665
4.7148,21.9728629
4.715,22.01342996
4.7152,22.09533346
4.7154,21.97054166
4.7156,22.0524408
4.7158,21.96899417
4.716,22.17488806
4.7162,22.09144289
4.7164,22.00800355
4.7166,22.13121582
4.7168,21.96512544
4.717,22.00567794
4.7172,22.04622753
4.7174,22.00412753
4.7176,22.12731797
4.7178,21.9612567
4.718,21.91916399
4.7182,22.04234424
4.7184,22.04156758
4.7186,22.08210552
4.7188,21.95738797
4.719,22.08054929
4.7192,21.95584047
4.7194,21.95506673
4.7196,22.11952227
4.7198,22.03613097
4.72,22.03535431
4.7202,22.03457765
4.7204,22.07510249
4.7206,22.11562442
4.7208,22.07354626
4.721,22.07276815
4.7212,22.03069436
4.7214,22.07121192
4.7216,21.98784828
4.7218,21.94578176
4.722,21.94500802
4.7222,21.94423427
4.7224,21.8195997
4.7226,22.02525775
4.7228,22.06576512
4.723,21.94113928
4.7232,21.94036554
4.7234,21.89831213
4.7236,21.85626163
4.7238,21.85549079
4.724,21.93727055
4.7242,21.89522296
4.7244,21.89445067
4.7246,21.85240745
4.7248,21.85163662
4.725,21.72706173
4.7252,21.72629527
4.7254,21.7255288
4.7256,21.76602598
4.7258,21.64147148
4.726,21.55818645
4.7262,21.63994437
4.7264,21.63918081
4.7266,21.55590452
4.7268,21.59639879
4.727,21.63689015
4.7272,21.47111858
4.7274,21.5116114
4.7276,21.46960312
4.7278,21.51009302
4.728,21.34434911
4.7282,21.38484047
4.7284,21.21911259
4.7286,21.38333083
4.7288,21.38257601
4.729,21.29934339
4.7292,21.13364171
4.7294,21.13289562
4.7296,21.25585313
4.7298,21.2138696
4.73,21.17188898
4.7302,21.12991127
4.7304,21.12916519
4.7306,21.1284191
4.7308,21.08644722
4.731,21.04447825
4.7312,21.20862661
4.7314,21.0429919
4.7316,20.9185888
4.7318,21.20637962
4.732,21.04076237
4.7322,20.99880359
4.7324,20.99806187
4.7326,21.03853285
4.7328,21.03778967
4.733,21.07825628
4.7332,20.91267834
4.7334,20.95314641
4.7336,20.95240614
4.7338,20.95166588
4.734,20.90972311
4.7342,20.9089843
4.7344,20.9082455
4.7346,20.90750669
4.7348,21.03035793
4.735,20.90602908
4.7352,20.90529027
4.7354,20.98693609
4.7356,20.94500351
4.7358,20.98545265
4.736,20.94352299
4.7362,20.94278272
4.7364,20.94204246
4.7366,21.02366935
4.7368,21.02292618
4.737,20.93982167
4.7372,21.02143983
4.7374,20.93834114
4.7376,20.97877718
4.7378,21.14273484
4.738,21.01846713
4.7382,20.93538009
4.7384,21.05815126
4.7386,20.93389957
4.7388,20.97432687
4.739,21.01475126
4.7392,21.01400808
4.7394,21.05442811
4.7396,20.93019825
4.7398,21.01177856
4.74,20.96987655
4.7402,21.01029221
4.7404,21.17417271
4.7406,21.00880586
4.7408,21.04921569
4.741,21.00731951
4.7412,21.00657634
4.7414,21.00583316
4.7416,20.92279562
4.7418,21.00434681
4.742,20.92131509
4.7422,20.87943201
4.7424,20.91983457
4.7426,20.9190943
4.7428,21.00063094
4.743,20.95875077
4.7432,20.91687352
4.7434,21.0395355
4.7436,21.07992349
4.7438,20.99691506
4.744,20.99617189
4.7442,20.99542872
4.7444,20.95355874
4.7446,20.82944098
4.7448,20.91095141
4.745,20.86908871
4.7452,20.78610795
4.7454,20.90873062
4.7456,20.78463616
4.7458,20.70166704
4.746,20.82427952
4.7462,20.78242847
4.7464,20.86391706
4.7466,20.61651353
4.7468,20.69800212
4.747,20.69726914
4.7472,20.69653616
4.7474,20.69580317
4.7476,20.65396668
4.7478,20.6943372
4.748,20.77580541
4.7482,20.69287124
4.7484,20.65104057
4.7486,20.60921281
4.7488,20.60848274
4.749,20.52556603
4.7492,20.52483887
4.7494,20.52411171
4.7496,20.40011769
4.7498,20.56374488
4.75,20.48084418
4.7502,20.4390339
4.7504,20.43830965
4.7506,20.35542205
4.7508,20.43686115
4.751,20.4361369
4.7512,20.39433535
4.7514,20.39361255
4.7516,20.35181537
4.7518,20.4332399
4.752,20.43251565
4.7522,20.30858133
4.7524,20.38999859
4.7526,20.34820868
4.7528,20.34748734
4.753,20.2646376
4.7532,20.18179369
4.7534,20.26320075
4.7536,20.18036266
4.7538,20.17964715
4.754,20.17893163
4.7542,20.26032705
4.7544,20.30066263
4.7546,20.29994275
4.7548,20.25817177
4.755,20.25745334
4.7552,20.17463855
4.7554,20.21496976
4.7556,20.25529807
4.7558,20.21353582
4.756,20.21281885
4.7562,20.25314279
4.7564,20.21138491
4.7566,20.16962995
4.7568,20.16891443
4.757,20.16819892
4.7572,20.24955066
4.7574,20.20780006
4.7576,20.20708309
4.7578,20.20636612
4.758,20.20564915
4.7582,20.12287948
4.7584,20.16319032
4.7586,20.03940449
4.7588,20.16175929
4.759,20.2020643
4.7592,20.16032826
4.7594,20.15961275
4.7596,20.11788107
4.7598,20.19919642
4.76,20.15746621
4.7602,20.19776248
4.7604,20.23805585
4.7606,20.0733019
4.7608,20.0725893
4.761,20.15388863
4.7612,20.15317312
4.7614,20.11145455
4.7616,20.11074049
4.7618,20.19202672
4.762,20.02731499
4.7622,20.06760108
4.7624,20.06688848
4.7626,20.02518155
4.7628,20.10645614
4.763,20.02375926
4.7632,19.90007825
4.7634,20.02233697
4.7636,20.06261286
4.7638,20.06190026
4.764,20.10217179
4.7642,20.06047506
4.7644,20.18270611
4.7646,20.05904985
4.7648,20.09931556
4.765,20.05762464
4.7652,20.05691204
4.7654,19.97425156
4.7656,20.01451435
4.7658,19.97283218
4.766,20.01309206
4.7662,19.84850844
4.7664,19.9707031
4.7666,19.9290282
4.7668,19.92831997
4.767,20.00953632
4.7672,19.96786434
4.7674,19.88523588
4.7676,19.92548703
4.7678,19.84286585
4.768,19.92407056
4.7682,19.8414552
4.7684,19.92265409
4.7686,19.84004456
4.7688,19.83933923
4.769,19.75673844
4.7692,19.75603602
4.7694,19.87816809
4.7696,19.79557457
4.7698,19.63110305
4.77,19.71228593
4.7702,19.67064597
4.7704,19.75182155
4.7706,19.58737479
4.7708,19.5866782
4.771,19.58598161
4.7712,19.58528502
4.7714,19.58458843
4.7716,19.58389184
4.7718,19.66504997
4.772,19.62342457
4.7722,19.49995319
4.7724,19.49925951
4.7726,19.62133043
4.7728,19.57971231
4.773,19.37442262
4.7732,19.41465048
4.7734,19.41395971
4.7736,19.33144044
4.7738,19.28983979
4.774,19.33006473
4.7742,19.28846699
4.7744,19.24687217
4.7746,19.24618722
4.7748,19.32731332
4.775,19.16300922
4.7752,19.2441324
4.7754,19.32524976
4.7756,19.16096313
4.7758,19.24207757
4.776,19.20049585
4.7762,19.19981237
4.7764,19.15823501
4.7766,19.15755298
4.7768,19.19776191
4.777,19.11529941
4.7772,19.03284274
4.7774,19.03216508
4.7776,18.94971714
4.7778,18.90815871
4.778,18.90748542
4.7782,18.86593135
4.7784,18.90613882
4.7786,18.78283196
4.7788,18.82303943
4.779,18.7814941
4.7792,18.6990782
4.7794,18.86190031
4.7796,18.86122847
4.7798,18.81968751
4.78,18.85988479
4.7802,18.81834674
4.7804,18.94027062
4.7806,18.77614268
4.7808,18.77547375
4.781,18.69308405
4.7812,18.69241803
4.7814,18.73260949
4.7816,18.60937396
4.7818,18.4452926
4.782,18.52634153
4.7822,18.52568134
4.7824,18.60672154
4.7826,18.52436095
4.7828,18.56454805
4.783,18.60473223
4.7832,18.6449135
4.7834,18.64424893
4.7836,18.60274291
4.7838,18.5612398
4.784,18.5197396
4.7842,18.5599165
4.7844,18.64092613
4.7846,18.59942739
4.7848,18.59876428
4.785,18.51643864
4.7852,18.51577844
4.7854,18.59677497
4.7856,18.51445806
4.7858,18.59544876
4.786,18.51313767
4.7862,18.59412255
4.7864,18.59345944
4.7866,18.51115709
4.7868,18.59213323
4.787,18.59147013
4.7872,18.46836125
4.7874,18.42688871
4.7876,18.46704378
4.7878,18.50719593
4.788,18.58815461
4.7882,18.66910746
4.7884,18.62763492
4.7886,18.50455516
4.7888,18.50389496
4.789,18.50323477
4.7892,18.42097318
4.7894,18.33871741
4.7896,18.33806304
4.7898,18.378205
4.79,18.41834405
4.7902,18.37689335
4.7904,18.41702949
4.7906,18.41637221
4.7908,18.49729303
4.791,18.33348245
4.7912,18.41440036
4.7914,18.41374308
4.7916,18.33151934
4.7918,18.2900832
4.792,18.20786965
4.7922,18.24799851
4.7924,18.28812446
4.7926,18.20591965
4.7928,18.20526964
4.793,18.20461964
4.7932,18.12242647
4.7934,18.12177938
4.7936,18.12113229
4.7938,18.03895077
4.794,18.03830659
4.7942,18.03766241
4.7944,18.03701823
4.7946,17.79180571
4.7948,17.95421
4.795,17.87205177
4.7952,17.78989937
4.7954,17.83001949
4.7956,17.78862848
4.7958,17.86949835
4.796,17.74660639
4.7962,17.78672215
4.7964,17.78608671
4.7966,17.62246393
4.7968,17.58108893
4.797,17.62120468
4.7972,17.49834766
4.7974,17.53846342
4.7976,17.53783671
4.7978,17.4149957
4.798,17.53658329
4.7982,17.45448621
4.7984,17.33166122
4.7986,17.37177406
4.7988,17.41188399
4.799,17.32980293
4.7992,17.3291835
4.7994,17.41001697
4.7996,17.24649465
4.7998,17.24587813
4.8,17.24526161
4.8002,17.24464509
4.8004,17.2033094
4.8006,17.16197662
4.8008,17.16136301
4.801,17.1607494
4.8012,17.1601358
4.8014,17.15952219
4.8016,17.15890858
4.8018,17.19900396
4.802,17.40192652
4.8022,17.11636169
4.8024,17.23786338
4.8026,17.1965437
4.8028,17.11452523
4.803,17.31741432
4.8032,17.15399972
4.8034,17.19408345
4.8036,17.19346839
4.8038,17.1521589
4.804,17.1515453
4.8042,17.15093169
4.8044,17.15031808
4.8046,17.10901587
4.8048,17.06771658
4.805,17.06710588
4.8052,17.06649519
4.8054,17.18793282
4.8056,17.22799908
4.8058,17.10534297
4.806,17.14540922
4.8062,17.14479562
4.8064,17.22553301
4.8066,17.22491649
4.8068,17.34631773
4.807,17.30502572
4.8072,17.22306693
4.8074,17.22245042
4.8076,17.30316742
4.8078,17.26188269
4.808,17.22060086
4.8082,17.09799715
4.8084,17.13804594
4.8086,17.2187513
4.8088,17.17747675
4.809,17.09554855
4.8092,17.17624663
4.8094,17.21628523
4.8096,17.21566871
4.8098,17.13375069
4.81,17.21443567
4.8102,17.25446699
4.8104,17.21320263
4.8106,17.21258612
4.8108,17.29325654
4.811,17.25199509
4.8112,17.33265823
4.8114,17.25075914
4.8116,17.20950352
4.8118,17.12761462
4.812,17.16763575
4.8122,17.16702069
4.8124,17.1257738
4.8126,17.08452982
4.8128,17.04328876
4.813,17.04267806
4.8132,17.20457137
4.8134,17.12270576
4.8136,17.12209216
4.8138,17.04023528
4.814,17.03962459
4.8142,17.20148878
4.8144,17.07902046
4.8146,17.28148736
4.8148,17.0371818
4.815,17.11779691
4.8152,17.03596041
4.8154,16.95412974
4.8156,16.99413049
4.8158,16.9123071
4.816,16.91170077
4.8162,16.87049028
4.8164,16.78868
4.8166,16.74747678
4.8168,16.82807587
4.817,16.78687411
4.8172,16.82686904
4.8174,16.78567019
4.8176,16.82566221
4.8178,16.8656513
4.818,16.86504643
4.8182,16.78326235
4.8184,16.82324854
4.8186,16.82264512
4.8188,16.98438266
4.819,16.78085451
4.8192,16.69908789
4.8194,16.69848885
4.8196,16.6978898
4.8198,16.57555687
4.82,16.61553869
4.8202,16.6555176
4.8204,16.57377283
4.8206,16.61375028
4.8208,16.4914421
4.821,16.53141956
4.8212,16.5713941
4.8214,16.61136573
4.8216,16.61076959
4.8218,16.52904665
4.822,16.48789148
4.8222,16.60898118
4.8224,16.40558988
4.8226,16.60778891
4.8228,16.44496828
4.823,16.48493263
4.8232,16.52489407
4.8234,16.5648526
4.8236,16.56425792
4.8238,16.36091903
4.824,16.4414264
4.8242,16.35974423
4.8244,16.52133472
4.8246,16.35856942
4.8248,16.31744045
4.825,16.43847483
4.8252,16.23519126
4.8254,16.31568261
4.8256,16.35563241
4.8258,16.31451072
4.826,16.39499043
4.8262,16.39440157
4.8264,16.31275288
4.8266,16.43375231
4.8268,16.35210799
4.827,16.31099504
4.8272,16.63460184
4.8274,16.35034579
4.8276,16.47132193
4.8278,16.30865126
4.828,16.30806531
4.8282,16.30747936
4.8284,16.2258627
4.8286,16.34682137
4.8288,16.30572152
4.829,16.38615755
4.8292,16.30454963
4.8294,16.38497984
4.8296,16.38439098
4.8298,16.46481246
4.83,16.26170213
4.8302,16.3016199
4.8304,16.38203555
4.8306,16.38144669
4.8308,16.1378705
4.831,16.33977254
4.8312,16.33918514
4.8314,16.21711717
4.8316,16.2570262
4.8318,16.13496988
4.832,16.33683553
4.8322,16.25527273
4.8324,16.214202
4.8326,16.25410375
4.8328,17.38705252
4.833,16.37438039
4.8332,16.37379153
4.8334,16.33272372
4.8336,16.37261382
4.8338,16.29107286
4.834,16.3714361
4.8342,16.28990097
4.8344,16.20837165
4.8346,16.28872907
4.8348,16.28814313
4.835,16.16615523
4.8352,16.36790295
4.8354,16.20545647
4.8356,15.88116984
4.8358,16.2447519
4.836,16.24416741
4.8362,16.2840415
4.8364,16.28345555
4.8366,16.44469228
4.8368,16.28228366
4.837,16.24124495
4.8372,16.28111177
4.8374,16.32097567
4.8376,16.36083665
4.8378,16.31980086
4.838,16.31921346
4.8382,16.27818203
4.8384,18.50193733
4.8386,16.27701014
4.8388,16.15510522
4.839,16.11408544
4.8392,16.19437881
4.8394,16.23423106
4.8396,16.11234507
4.8398,16.11176495
4.84,16.19204667
4.8402,16.2318931
4.8404,16.02916856
4.8406,16.19029757
4.8408,15.98758904
4.841,16.02743692
4.8412,15.82474878
4.8414,16.0262825
4.8416,15.86402819
4.8418,15.98471026
4.842,15.90330177
4.8422,15.94314384
4.8424,15.86174263
4.8426,15.90158324
4.8428,15.98183148
4.843,15.98125572
4.8432,15.94027234
4.8434,15.93969804
4.8436,16.10074261
4.8438,16.01935596
4.844,18.07927081
4.8442,16.09900224
4.8444,15.93682654
4.8446,15.97664968
4.8448,15.85488597
4.845,15.85431458
4.8452,15.8537432
4.8454,15.85317181
4.8456,15.85260042
4.8458,15.85202903
4.846,15.8110704
4.8462,15.85088625
4.8464,15.7695462
4.8466,15.72859484
4.8468,15.28383216
4.847,15.7274608
4.8472,15.72689378
4.8474,15.76670382
4.8476,15.64500854
4.8478,15.72519272
4.848,15.68425301
4.8482,15.76442991
4.8484,15.68312188
4.8486,15.68255631
4.8488,15.64162388
4.849,15.72179059
4.8492,15.68085962
4.8494,15.55920655
4.8496,18.38391832
4.8498,15.55808416
4.85,15.55752296
4.8502,15.63767511
4.8504,15.637111
4.8506,15.6365469
4.8508,15.67633509
4.851,15.75647123
4.8512,15.75590276
4.8514,15.71498634
4.8516,15.7547658
4.8518,15.75419733
4.852,15.75362885
4.8522,15.79340249
4.8524,15.63146991
4.8526,15.67124501
4.8528,15.71101719
4.853,15.549105
4.8532,15.58887864
4.8534,15.58831598
4.8536,15.5474214
4.8538,15.66785162
4.854,15.62695704
4.8542,15.78770316
4.8544,15.54517661
4.8546,15.74623865
4.8548,15.70534698
4.855,15.78542343
4.8552,18.56695278
4.8554,15.70364592
4.8556,15.78371363
4.8558,15.7831437
4.856,15.70194486
4.8562,15.70137784
4.8564,15.70081081
4.8566,15.61962361
4.8568,15.65936814
4.857,15.6184954
4.8572,15.65823701
4.8574,15.65767144
4.8576,15.53619745
4.8578,15.61623896
4.858,15.53507505
4.8582,15.69570763
4.8584,15.73543759
4.8586,15.65427805
4.8588,15.73430064
4.859,15.73373216
4.8592,15.73316368
4.8594,15.73259521
4.8596,15.73202673
4.8598,15.65088466
4.86,15.69060444
4.8602,15.7303213
4.8604,15.56862311
4.8606,15.60834143
4.8608,12.06317986
4.861,15.60721321
4.8612,15.68720231
4.8614,15.48525954
4.8616,15.4846998
4.8618,15.60495677
4.862,15.48358032
4.8622,15.60382855
4.8624,15.44219296
4.8626,15.60270033
4.8628,15.52160631
4.863,15.3599911
4.8632,15.43995982
4.8634,15.43940153
4.8636,15.51936152
4.8638,15.3577696
4.864,15.35721423
4.8642,15.23589455
4.8644,15.23534354
4.8646,15.19454068
4.8648,15.27449193
4.865,15.27393947
4.8652,15.27338701
4.8654,15.31308058
4.8656,15.27228208
4.8658,15.2314865
4.866,15.27117715
4.8662,15.35110511
4.8664,15.0286397
4.8666,15.26951977
4.8668,15.2689673
4.867,15.26841484
4.8672,15.26786238
4.8674,15.30754139
4.8676,15.14606739
4.8678,15.18574786
4.868,15.18519831
4.8682,15.14442311
4.8684,15.18409921
4.8686,15.10310418
4.8688,15.10255754
4.869,15.02157124
4.8692,15.26233775
4.8694,15.10091762
4.8696,15.10037098
4.8698,15.01939633
4.87,15.13949025
4.8702,15.09873106
4.8704,15.01776514
4.8706,15.01722142
4.8708,15.09709114
4.871,15.0965445
4.8712,15.01559023
4.8714,15.17585594
4.8716,15.17530639
4.8718,15.17475684
4.872,15.0938113
4.8722,15.17365774
4.8724,15.17310818
4.8726,15.09217139
4.8728,15.13181691
4.873,15.09107811
4.8732,15.13072072
4.8734,15.08998483
4.8736,15.08943819
4.8738,15.08889155
4.874,15.16871178
4.8742,15.12798025
4.8744,15.16761267
4.8746,15.08670499
4.8748,15.24686879
4.875,15.12578787
4.8752,15.16541447
4.8754,15.16486492
4.8756,15.12414358
4.8758,15.12359548
4.876,15.04270964
4.8762,15.16266671
4.8764,15.1219512
4.8766,15.1214031
4.8768,15.16101806
4.877,15.12030691
4.8772,15.07959868
4.8774,15.07905204
4.8776,15.03834817
4.8778,15.1582703
4.878,15.15772075
4.8782,15.07686548
4.8784,15.07631884
4.8786,15.0757722
4.8788,15.03507707
4.879,14.99438484
4.8792,15.15442344
4.8794,15.03344151
4.8796,15.03289633
4.8798,14.99220993
4.88,14.9916662
4.8802,15.15167569
4.8804,14.91030505
4.8806,14.99003502
4.8808,15.1098931
4.881,15.109345
4.8812,15.02853486
4.8814,14.90760097
4.8816,14.94718827
4.8818,15.02689931
4.882,14.94610372
4.8822,14.90543771
4.8824,14.90489689
4.8826,14.94447691
4.8828,14.90381526
4.883,14.94339236
4.8832,14.86261716
4.8834,14.98242283
4.8836,14.82142489
4.8838,14.94122328
4.884,14.78023844
4.8842,14.85992036
4.8844,14.859381
4.8846,14.77862909
4.8848,14.8984071
4.885,14.7775562
4.8852,14.81712165
4.8854,14.7764833
4.8856,14.77594685
4.8858,14.69521532
4.886,14.6545857
4.8862,14.7743375
4.8864,14.73370788
4.8866,14.7732646
4.8868,14.77272816
4.887,14.65192529
4.8872,14.69148056
4.8874,14.69094702
4.8876,14.65032905
4.8878,14.68987995
4.888,14.60918336
4.8882,14.68881287
4.8884,14.80851518
4.8886,14.60759148
4.8888,14.64713656
4.889,14.60653023
4.8892,14.76629077
4.8894,14.80582566
4.8896,14.60493835
4.8898,14.60440773
4.89,14.52374317
4.8902,14.56328096
4.8904,14.5627518
4.8906,14.56222263
4.8908,14.56169346
4.891,14.5211046
4.8912,14.60069335
4.8914,14.68027628
4.8916,14.47946613
4.8918,14.59910147
4.892,14.51846603
4.8922,14.63809118
4.8924,14.5975096
4.8926,14.4367868
4.8928,14.55640176
4.893,14.4357372
4.8932,14.43521239
4.8934,14.51477203
4.8936,14.35408127
4.8938,14.43363799
4.894,14.35303749
4.8942,14.3525156
4.8944,14.39202864
4.8946,14.35147181
4.8948,14.43101398
4.895,14.43048917
4.8952,14.38993525
4.8954,14.42943957
4.8956,14.34886236
4.8958,14.62851371
4.896,14.34781858
4.8962,14.42734036
4.8964,14.50685632
4.8966,14.42629075
4.8968,14.46578342
4.897,14.42524115
4.8972,14.38470179
4.8974,14.34416535
4.8976,14.3836551
4.8978,14.42314194
4.898,14.2625822
4.8982,14.42209234
4.8984,14.34155589
4.8986,14.38103836
4.8988,14.38051502
4.899,14.37999167
4.8992,14.33946833
4.8994,14.45894207
4.8996,14.37842163
4.8998,14.41789392
4.9,14.41736912
4.9002,14.37685159
4.9004,14.41631951
4.9006,14.45578452
4.9008,14.3352932
4.901,14.33477131
4.9012,14.33424942
4.9014,14.45367949
4.9016,14.49313576
4.9018,14.41264589
4.902,14.41212109
4.9022,14.41159629
4.9024,14.41107149
4.9026,14.29062094
4.9028,14.41002188
4.903,14.36952474
4.9032,14.32903052
4.9034,14.20860034
4.9036,14.32798673
4.9038,14.32746484
4.904,14.32694295
4.9042,14.32642106
4.9044,14.32589917
4.9046,14.24545589
4.9048,14.32485539
4.905,14.24441794
4.9052,14.36376793
4.9054,14.36324458
4.9056,14.32276783
4.9058,14.44210181
4.906,14.20187254
4.9062,14.24130406
4.9064,14.24078508
4.9066,14.2402661
4.9068,14.2796918
4.907,14.19928492
4.9072,14.1987674
4.9074,14.15830956
4.9076,14.1577935
4.9078,14.31702703
4.908,14.11682542
4.9082,14.27604876
4.9084,14.15572923
4.9086,14.15521316
4.9088,14.19462721
4.909,14.07432369
4.9092,14.15366496
4.9094,14.03337163
4.9096,13.99293563
4.9098,14.07227107
4.91,13.95199376
4.9102,13.9914049
4.9104,13.95097618
4.9106,13.95046739
4.9108,13.9499586
4.911,13.8696216
4.9112,13.94894103
4.9114,13.94843224
4.9116,13.90801371
4.9118,13.94741466
4.912,13.78727856
4.9122,13.86658634
4.9124,13.9458883
4.9126,13.86557459
4.9128,13.86506871
4.913,13.78476374
4.9132,13.78426077
4.9134,13.94334435
4.9136,13.70346448
4.9138,13.74285815
4.914,13.78224891
4.9142,13.86152758
4.9144,13.70146427
4.9146,13.74085212
4.9148,13.74035061
4.915,13.66007912
4.9152,13.69946405
4.9154,13.698964
4.9156,13.69846395
4.9158,13.69796389
4.916,13.69746384
4.9162,13.65708753
4.9164,13.69646373
4.9166,13.61621699
4.9168,13.69546363
4.917,13.57535227
4.9172,13.61472556
4.9174,13.61422842
4.9176,13.61373128
4.9178,13.57336953
4.918,13.57287384
4.9182,13.65210155
4.9184,13.61174271
4.9186,13.61124557
4.9188,13.61074843
4.919,13.53053954
4.9192,13.60975415
4.9194,13.56940404
4.9196,13.44935383
4.9198,13.60826272
4.92,13.52806839
4.9202,13.52757416
4.9204,13.52707993
4.9206,13.64611838
4.9208,13.60577701
4.921,13.52559724
4.9212,13.52510301
4.9214,13.76363921
4.9216,13.64362539
4.9218,13.72279778
4.922,13.68246224
4.9222,13.76162735
4.9224,13.52213763
4.9226,13.64113241
4.9228,13.60080559
4.923,13.64013521
4.9232,13.59981131
4.9234,13.67896186
4.9236,13.59881703
4.9238,13.59831989
4.924,13.55800326
4.9242,13.5973256
4.9244,13.63664503
4.9246,13.59633132
4.9248,13.59583418
4.925,13.51571263
4.9252,13.5152184
4.9254,13.59434275
4.9256,13.55403778
4.9258,13.59334847
4.926,13.59285133
4.9262,13.67196111
4.9264,13.59185704
4.9266,13.55155935
4.9268,13.59086276
4.927,13.51077033
4.9272,13.58986847
4.9274,13.5495766
4.9276,13.50928764
4.9278,13.74754432
4.928,13.58787991
4.9282,13.54759386
4.9284,13.42773582
4.9286,13.54660249
4.9288,13.5461068
4.929,13.54561111
4.9292,13.58489706
4.9294,13.58439991
4.9296,13.46456662
4.9298,13.42429659
4.93,13.38402947
4.9302,13.38353961
4.9304,13.42282263
4.9306,13.58141706
4.9308,13.34230004
4.931,13.34181163
4.9312,13.26178908
4.9314,13.38060043
4.9316,13.30058225
4.9318,13.339858
4.932,13.3393696
4.9322,13.33888119
4.9324,13.33839278
4.9326,13.2981475
4.9328,13.33741597
4.933,13.25741963
4.9332,13.21718162
4.9334,12.97819125
4.9336,13.17646394
4.9338,13.13623321
4.934,13.0960054
4.9342,13.09552573
4.9344,13.13478983
4.9346,13.09456638
4.9348,13.09408671
4.935,13.09360704
4.9352,13.09312737
4.9354,13.13238419
4.9356,13.09216802
4.9358,13.09168835
4.936,13.13094081
4.9362,15.07726271
4.9364,13.09024933
4.9366,13.08976966
4.9368,13.04956368
4.937,12.96963576
4.9372,12.96916046
4.9374,13.00840709
4.9376,12.92848937
4.9378,12.88829649
4.938,12.8878241
4.9382,12.96678394
4.9384,12.88687932
4.9386,12.88640692
4.9388,12.88593453
4.939,12.92517243
4.9392,12.92469858
4.9394,13.04334687
4.9396,13.00316273
4.9398,13.04239044
4.94,12.96250619
4.9402,12.96203089
4.9404,12.96155559
4.9406,12.88168299
4.9408,12.8812106
4.941,12.88073821
4.9412,12.88026581
4.9414,12.87979342
4.9416,12.87932103
4.9418,12.32318988
4.942,12.87837624
4.9422,12.87790385
4.9424,12.917117
4.9426,12.95632724
4.9428,12.95585193
4.943,12.95537663
4.9432,12.95490132
4.9434,12.95442602
4.9436,12.95395071
4.9438,12.91380006
4.944,12.992674
4.9442,12.87317992
4.9444,12.87270753
4.9446,12.91190467
4.9448,12.95109889
4.945,12.95062358
4.9452,12.87081796
4.9454,12.87034556
4.9456,12.90953542
4.9458,12.79007919
4.946,12.78960971
4.9462,12.86845599
4.9464,12.94729645
4.9466,12.78820126
4.9468,12.94634584
4.947,12.9855226
4.9472,12.94539523
4.9474,10.16947955
4.9476,12.86514924
4.9478,12.90432308
4.948,13.02278357
4.9482,12.82408874
4.9484,13.02182714
4.9486,12.9420681
4.9488,12.94159279
4.949,13.02039249
4.9492,12.90100614
4.9494,12.8608977
4.9496,12.86042531
4.9498,12.78068956
4.95,12.85948053
4.9502,12.85900813
4.9504,12.85853574
4.9506,12.77881164
4.9508,12.77834215
4.951,12.85711856
4.9512,12.69816021
4.9514,12.85617378
4.9516,12.77646423
4.9518,12.73637763
4.952,12.81514093
4.9522,12.77505578
4.9524,12.7745863
4.9526,12.73450552
4.9528,12.61520797
4.953,12.57513593
4.9532,12.73310145
4.9534,12.7722389
4.9536,12.65295736
4.9538,12.73169737
4.954,12.73122935
4.9542,12.61196237
4.9544,12.6510969
4.9546,12.65063179
4.9548,12.53138083
4.955,12.53092008
4.9552,12.53045933
4.9554,12.68836225
4.9556,12.5691273
4.9558,12.76660512
4.956,12.60778945
4.9562,12.5281556
4.9564,12.48811122
4.9566,12.52723411
4.9568,12.52677336
4.957,12.52631262
4.9572,12.44669624
4.9574,12.52539112
4.9576,12.44578057
4.9578,12.36617585
4.958,12.4448649
4.9582,12.365266
4.9584,12.44394923
4.9586,12.40392378
4.9588,12.36390123
4.959,12.36344631
4.9592,12.36299139
4.9594,12.36253647
4.9596,12.3225212
4.9598,12.32206773
4.96,12.40072913
4.9602,12.3211608
4.9604,12.28115281
4.9606,12.24114773
4.9608,12.16159396
4.961,12.27979677
4.9612,12.23979606
4.9614,12.23934551
4.9616,12.27844074
4.9618,12.15935574
4.962,12.23799384
4.9622,12.15846045
4.9624,12.23709273
4.9626,12.23664217
4.9628,12.23619162
4.963,12.23574106
4.9632,12.15622223
4.9634,12.23483995
4.9636,12.15532694
4.9638,12.23393884
4.964,12.2730166
4.9642,12.11445715
4.9644,12.23258717
4.9646,12.23213662
4.9648,12.15264108
4.965,12.19171447
4.9652,12.07270663
4.9654,12.03274377
4.9656,12.22988384
4.9658,12.18991807
4.966,12.18946897
4.9662,12.22853217
4.9664,12.18857077
4.9666,12.14861228
4.9668,12.06914877
4.967,11.79215869
4.9672,12.18677437
4.9674,12.22582884
4.9676,12.22537828
4.9678,12.14592642
4.968,12.26397637
4.9682,12.22402662
4.9684,12.22357606
4.9686,12.2231255
4.9688,12.18318157
4.969,12.22222439
4.9692,12.2612643
4.9694,12.22132328
4.9696,12.26036028
4.9698,12.14144997
4.97,12.25945626
4.9702,12.25900424
4.9704,12.25855223
4.9706,12.33706077
4.9708,12.29712703
4.971,12.2571962
4.9712,12.21726828
4.9714,12.21681772
4.9716,12.25584016
4.9718,12.17644507
4.972,12.33387631
4.9722,12.25448413
4.9724,12.33296646
4.9726,11.85892295
4.9728,12.25312809
4.973,12.33160169
4.9732,12.25222407
4.9734,12.21231217
4.9736,12.25132005
4.9738,12.25086804
4.974,12.25041603
4.9742,12.21050994
4.9744,12.21005939
4.9746,12.17015768
4.9748,12.16970858
4.975,12.24815597
4.9752,12.20825717
4.9754,12.12891594
4.9756,12.1284683
4.9758,12.08857823
4.976,12.12757301
4.9762,12.16656488
4.9764,12.08723967
4.9766,12.08679348
4.9768,12.04691215
4.977,12.12533479
4.9772,11.96715822
4.9774,12.1244395
4.9776,12.08456254
4.9778,12.04468848
4.978,11.96539093
4.9782,11.96494911
4.9784,11.96450729
4.9786,11.92464343
4.9788,11.92420307
4.979,11.84492444
4.9792,11.88390467
4.9794,11.84404954
4.9796,11.88302685
4.9798,11.84317463
4.98,11.88214903
4.9802,11.72406854
4.9804,11.68422651
4.9806,11.80201733
4.9808,11.64395723
4.981,11.76174077
4.9812,11.64309688
4.9814,11.60326504
4.9816,11.64223653
4.9818,11.60240761
4.982,11.60197889
4.9822,11.56215433
4.9824,11.60112145
4.9826,11.56129981
4.9828,11.52148108
4.983,11.56044528
4.9832,11.48124091
4.9834,11.59897786
4.9836,11.59854914
4.9838,11.44058367
4.984,11.51892624
4.9842,11.43973788
4.9844,11.43931498
4.9846,11.51764881
4.9848,11.51722301
4.985,11.55617266
4.9852,11.51637139
4.9854,11.51594559
4.9856,11.55489087
4.9858,11.51509397
4.986,11.4753
4.9862,11.51424236
4.9864,11.43508603
4.9866,11.55275456
4.9868,11.47360259
4.987,11.55190003
4.9872,11.39403501
4.9874,11.5510455
4.9876,11.47190519
4.9878,11.47148084
4.988,11.54976372
4.9882,11.50998429
4.9884,11.47020778
4.9886,11.46978343
4.9888,11.50870687
4.989,11.46893473
4.9892,11.50785526
4.9894,11.4287426
4.9896,11.46766168
4.9898,11.46723733
4.99,11.54549109
4.9902,11.54506383
4.9904,11.54463657
4.9906,11.5442093
4.9908,11.5044488
4.991,11.54335478
4.9912,11.50359719
4.9914,11.58182912
4.9916,11.54207299
4.9918,11.54164573
4.992,11.58054297
4.9922,11.5407912
4.9924,11.57968553
4.9926,11.53993668
4.9928,11.57882809
4.993,11.49976493
4.9932,11.46002336
4.9934,11.53822763
4.9936,11.61642607
4.9938,11.6159959
4.994,11.61556572
4.9942,11.61513555
4.9944,11.61470538
4.9946,11.57496963
4.9948,11.65314915
4.995,11.53480952
4.9952,11.49508105
4.9954,11.49465525
4.9956,11.53352774
4.9958,11.4545068
4.996,11.53267321
4.9962,11.45365809
4.9964,11.57111116
4.9966,11.53139142
4.9968,11.53096416
4.997,11.45196069
4.9972,11.45153634
4.9974,11.45111199
4.9976,11.33283642
4.9978,11.45026329
4.998,11.44983894
4.9982,11.52797332
4.9984,11.44899023
4.9986,11.44856588
4.9988,11.40886653
4.999,11.40844363
4.9992,11.36874864
4.9994,11.44686848
4.9996,11.32863659
4.9998,11.40675205
5,11.32779662
5.0002,11.32737663
5.0004,11.40548337
5.0006,11.40506047
5.0008,11.32611668
5.001,11.40421468
5.0012,11.40379179
5.0014,11.32485673
5.0016,11.36369137
5.0018,11.4025231
5.002,11.36284849
5.0022,11.20542603
5.0024,11.32275682
5.0026,11.2045948
5.0028,11.24342507
5.003,11.243008
5.0032,11.16410498
5.0034,11.1244493
5.0036,11.20251672
5.0038,11.1628625
5.004,11.16244834
5.0042,11.12279848
5.0044,11.08315153
5.0046,11.08274028
5.0048,11.08232904
5.005,11.12114766
5.0052,11.15996337
5.0054,11.00264137
5.0056,11.08068404
5.0058,11.11949684
5.006,11.07986154
5.0062,11.04022916
5.0064,11.07903905
5.0066,11.03940957
5.0068,11.11743332
5.007,10.99937467
5.0072,11.07739405
5.0074,10.998558
5.0076,11.07657155
5.0078,11.07616031
5.008,10.99733299
5.0082,11.07533781
5.0084,11.03572143
5.0086,10.95690431
5.0088,10.91729521
5.009,10.91688979
5.0092,10.99488297
5.0094,10.91607894
5.0096,10.9548699
5.0098,10.99365796
5.01,10.99324962
5.0102,11.0320333
5.0104,10.99243294
5.0106,10.99202461
5.0108,10.99161627
5.011,11.03039413
5.0112,10.95161485
5.0114,10.95120797
5.0116,10.91161926
5.0118,10.98957459
5.012,10.91080841
5.0122,10.91040298
5.0124,10.98834957
5.0126,10.98794124
5.0128,10.9483598
5.013,10.94795292
5.0132,10.90837586
5.0134,10.90797043
5.0136,10.907565
5.0138,10.9463254
5.014,10.98508288
5.0142,10.94551163
5.0144,11.02342765
5.0146,10.98385787
5.0148,11.0617666
5.015,10.94388411
5.0152,10.98263286
5.0154,10.98222452
5.0156,10.98181618
5.0158,10.98140784
5.016,11.02014931
5.0162,11.01973951
5.0164,10.98018283
5.0166,11.05806536
5.0168,11.05765412
5.017,11.05724287
5.0172,11.13511376
5.0174,10.97814115
5.0176,10.97773281
5.0178,11.05559787
5.018,11.01605138
5.0182,11.05477537
5.0184,11.01523179
5.0186,10.97569113
5.0188,10.97528279
5.019,10.97487445
5.0192,11.05271913
5.0194,10.85668261
5.0196,10.97364944
5.0198,10.89499682
5.02,10.97283277
5.0202,10.9333052
5.0204,10.89378054
5.0206,10.89337512
5.0208,10.97119942
5.021,10.89256426
5.0212,10.89215884
5.0214,10.96997441
5.0216,10.96956607
5.0218,10.89094256
5.022,10.85143101
5.0222,11.00744573
5.0224,10.85062307
5.0226,10.88932086
5.0228,10.84981513
5.023,10.81031231
5.0232,10.8099098
5.0234,10.77041134
5.0236,10.84819925
5.0238,10.80870226
5.024,10.7301166
5.0242,10.729717
5.0244,10.72931739
5.0246,10.68983059
5.0248,10.65034669
5.025,10.64995
5.0252,10.68863615
5.0254,10.57099386
5.0256,10.80507963
5.0258,10.60928477
5.026,10.53073552
5.0262,10.53034319
5.0264,10.45180267
5.0266,10.52955855
5.0268,10.49009504
5.027,10.45063443
5.0272,10.45024502
5.0274,10.48892243
5.0276,10.52759693
5.0278,10.33188506
5.028,10.29243756
5.0282,10.37017597
5.0284,10.25261084
5.0286,10.44751914
5.0288,10.36901647
5.029,10.25146444
5.0292,10.29013603
5.0294,10.21164791
5.0296,10.28936885
5.0298,10.36708397
5.03,10.13241009
5.0302,10.28821809
5.0304,10.20974453
5.0306,10.24840738
5.0308,10.28706732
5.031,10.09148065
5.0312,10.24726098
5.0314,10.09072803
5.0316,10.05131547
5.0318,10.168045
5.032,10.08959911
5.0322,10.12825467
5.0324,10.12787691
5.0326,10.12749915
5.0328,10.12712138
5.033,10.12674362
5.0332,10.16539045
5.0334,10.0479418
5.0336,10.12561032
5.0338,10.20327303
5.034,10.04681724
5.0342,10.20251168
5.0344,9.968035791
5.0346,10.04569268
5.0348,10.04531782
5.035,10.04494297
5.0352,10.16159825
5.0354,10.12221044
5.0356,10.04381841
5.0358,10.04344356
5.036,10.0430687
5.0362,10.12069938
5.0364,10.12032161
5.0366,10.11994385
5.0368,10.19756288
5.037,10.11918832
5.0372,10.15780604
5.0374,10.15742682
5.0376,10.19604017
5.0378,10.1956595
5.038,10.07830983
5.0382,10.11692173
5.0384,10.19451747
5.0386,10.27210738
5.0388,10.19375611
5.039,10.15439305
5.0392,10.23197569
5.0394,10.19261409
5.0396,9.997343326
5.0398,10.19185273
5.04,10.11352184
5.0402,10.19109138
5.0404,10.1907107
5.0406,10.19033003
5.0408,10.11201078
5.041,10.03369737
5.0412,10.189188
5.0414,10.11087749
5.0416,10.18842664
5.0418,10.14908396
5.042,10.18766529
5.0422,10.10936643
5.0424,10.34273448
5.0426,10.18652326
5.0428,10.14718786
5.043,10.18576191
5.0432,10.18538123
5.0434,10.10709984
5.0436,10.14567098
5.0438,10.14529176
5.044,10.02807457
5.0442,10.14453331
5.0444,10.02732487
5.0446,10.10483325
5.0448,10.02657516
5.045,9.987261595
5.0452,10.02582545
5.0454,9.947579001
5.0456,10.02507575
5.0458,9.946835118
5.046,10.02432604
5.0462,10.10181113
5.0464,9.945719293
5.0466,10.02320148
5.0468,9.94497541
5.047,9.866755163
5.0472,9.983154223
5.0474,9.866017103
5.0476,9.904567858
5.0478,9.865279043
5.048,10.02057751
5.0482,9.786710148
5.0484,9.78634403
5.0486,9.785977912
5.0488,9.785611793
5.049,9.746336081
5.0492,9.862695833
5.0494,9.66779339
5.0496,9.745242093
5.0498,9.70597366
5.05,9.666708138
5.0502,9.783048965
5.0504,9.627085238
5.0506,9.704520833
5.0508,9.859743593
5.051,9.626004352
5.0512,9.703431212
5.0514,9.586391638
5.0516,9.586032798
5.0518,9.585673959
5.052,9.58531512
5.0522,9.546069979
5.0524,9.545712596
5.0526,9.428705044
5.0528,9.583879763
5.053,9.505759968
5.0532,9.583162084
5.0534,9.543925679
5.0536,9.699072732
5.0538,9.65983487
5.054,9.503980329
5.0542,9.581367888
5.0544,9.4255279
5.0546,9.541781378
5.0548,9.58029137
5.055,9.541066611
5.0552,9.501844763
5.0554,9.579214852
5.0556,9.501132908
5.0558,9.656217361
5.056,9.461562412
5.0562,9.61663668
5.0564,10.39339095
5.0566,9.615916089
5.0568,9.498997342
5.057,9.576344138
5.0572,9.537135392
5.0574,9.575626459
5.0576,9.497573631
5.0578,9.536063242
5.058,9.652238101
5.0582,9.535348475
5.0584,9.534991092
5.0586,9.573473423
5.0588,9.534276325
5.059,9.572755745
5.0592,9.184043429
5.0594,9.572038066
5.0596,9.494014355
5.0598,9.532489407
5.06,9.4933025
5.0602,9.492946572
5.0604,9.64789709
5.0606,9.56988503
5.0608,9.569526191
5.061,9.646811837
5.0612,9.607629302
5.0614,9.607269007
5.0616,9.568090834
5.0618,9.490099151
5.062,12.12916089
5.0622,9.489387295
5.0624,9.566655477
5.0626,9.566296637
5.0628,9.604746941
5.063,9.604386646
5.0632,9.487607657
5.0634,9.56486128
5.0636,9.486895802
5.0638,9.602945466
5.064,9.60258517
5.0642,9.563425923
5.0644,9.60186458
5.0646,9.562708245
5.0648,9.562349405
5.065,9.561990566
5.0652,9.639215068
5.0654,9.600063105
5.0656,9.638491566
5.0658,9.599342514
5.066,9.56019637
5.0662,9.55983753
5.0664,9.559478691
5.0666,9.520338369
5.0668,9.519980986
5.067,9.519623602
5.0672,9.480489104
5.0674,9.480133176
5.0676,6.610486233
5.0678,9.518194068
5.068,9.440294101
5.0682,9.556249137
5.0684,9.478353538
5.0686,9.555531459
5.0688,9.555172619
5.069,9.516049768
5.0692,9.554454941
5.0694,9.4765739
5.0696,9.476217972
5.0698,9.282071097
5.07,9.397992649
5.0702,9.397639633
5.0704,9.474794261
5.0706,9.319428869
5.0708,9.357829675
5.071,9.31872866
5.0712,9.357126555
5.0714,9.356774994
5.0716,9.395168521
5.0718,9.394815505
5.072,9.394462489
5.0722,9.316628034
5.0724,9.31627793
5.0726,9.315927825
5.0728,9.276841369
5.073,9.237757824
5.0732,9.15994375
5.0734,9.198331454
5.0736,9.159255188
5.0738,9.236369053
5.074,9.042383779
5.0742,9.158222344
5.0744,9.157878063
5.0746,9.118810538
5.0748,9.157189501
5.075,9.15684522
5.0752,9.079063179
5.0754,9.194874084
5.0756,9.07838044
5.0758,9.116753586
5.076,9.387402169
5.0762,9.077356332
5.0764,9.077014962
5.0766,9.076673593
5.0768,9.076332223
5.077,9.075990854
5.0772,8.998240836
5.0774,8.997902378
5.0776,8.99756392
5.0778,9.074625376
5.078,8.996887005
5.0782,8.996548547
5.0784,8.996210089
5.0786,9.034565765
5.0788,8.995533173
5.079,8.995194715
5.0792,9.072235789
5.0794,9.149271035
5.0796,8.994179342
5.0798,8.993840884
5.08,9.032186369
5.0802,9.070528942
5.0804,8.99282551
5.0806,9.031166628
5.0808,9.069504833
5.081,8.991810137
5.0812,8.914121263
5.0814,8.991133221
5.0816,9.261500831
5.0818,8.990456305
5.082,9.067456616
5.0822,8.951111461
5.0824,9.10544035
5.0826,8.989102474
5.0828,9.066091139
5.083,9.065749769
5.0832,8.872105151
5.0834,9.026407836
5.0836,8.987410184
5.0838,8.987071727
5.084,8.986733269
5.0842,8.90908807
5.0844,9.102012097
5.0846,8.985717895
5.0848,9.02402844
5.085,9.062336074
5.0852,8.984702521
5.0854,8.984364064
5.0856,9.022668786
5.0858,9.060970596
5.086,9.099269495
5.0862,9.060287857
5.0864,9.098583844
5.0866,9.059605118
5.0868,9.136532633
5.087,9.136188352
5.0872,9.367633271
5.0874,9.096869718
5.0876,8.980641027
5.0878,9.057556901
5.088,9.057215532
5.0882,9.018249908
5.0884,9.056532793
5.0886,9.01757008
5.0888,9.055850054
5.089,9.016890253
5.0892,9.055167315
5.0894,9.132056979
5.0896,9.015870512
5.0898,9.054143206
5.09,9.131024135
5.0902,9.014850771
5.0904,9.014510857
5.0906,9.014170944
5.0908,9.052436359
5.091,8.93628337
5.0912,8.974548785
5.0914,9.090013211
5.0916,8.97387187
5.0918,9.050729511
5.092,9.127581324
5.0922,9.050046772
5.0924,9.049705403
5.0926,8.97217958
5.0928,8.971841123
5.093,8.894324035
5.0932,8.971164207
5.0934,8.970825749
5.0936,8.970487291
5.0938,9.008732325
5.094,9.008392411
5.0942,8.892310758
5.0944,8.96913346
5.0946,8.968795002
5.0948,9.007032756
5.095,9.006692843
5.0952,8.852059726
5.0954,8.89029748
5.0956,8.928532323
5.0958,8.928195321
5.096,8.850723364
5.0962,8.850389274
5.0964,8.772926052
5.0966,8.811157983
5.0968,8.810825348
5.097,8.771932515
5.0972,8.771601337
5.0974,8.771270158
5.0976,8.770938979
5.0978,8.809162175
5.098,8.770276621
5.0982,8.769945443
5.0984,8.461214208
5.0986,8.769283085
5.0988,8.807499002
5.099,8.768620728
5.0992,8.729745364
5.0994,8.806501099
5.0996,8.613462105
5.0998,8.767296012
5.1,8.612811394
5.1002,8.612486039
5.1004,8.727767026
5.1006,8.68890331
5.1008,8.688575043
5.101,8.611184617
5.1012,8.649388887
5.1014,8.726118412
5.1016,8.687261974
5.1018,8.725458966
5.102,8.68660544
5.1022,8.647754831
5.1024,8.724469797
5.1026,8.724140074
5.1028,8.762328331
5.103,8.684964104
5.1032,8.684635837
5.1034,8.761334794
5.1036,8.645467151
5.1038,8.799183137
5.104,8.33673957
5.1042,8.644486717
5.1044,8.7596789
5.1046,8.682337967
5.1048,8.720513121
5.105,8.720183398
5.1052,8.604352151
5.1054,8.681024898
5.1056,8.680696631
5.1058,8.757360649
5.106,8.718534783
5.1062,8.679711829
5.1064,8.756367112
5.1066,8.756035934
5.1068,8.678727028
5.107,8.755373576
5.1072,8.755042397
5.1074,8.754711218
5.1076,8.677413959
5.1078,8.754048861
5.108,8.715237554
5.1082,8.676429158
5.1084,8.753055325
5.1086,8.675772624
5.1088,8.790867272
5.109,8.752061788
5.1092,8.751730609
5.1094,8.751399431
5.1096,8.597194329
5.1098,8.827671125
5.11,8.750405894
5.1102,8.673146486
5.1104,8.749743537
5.1106,8.672489952
5.1108,8.633701943
5.111,8.671833418
5.1112,8.594591485
5.1114,8.594266129
5.1116,8.670848616
5.1118,8.670520349
5.112,8.631741075
5.1122,8.631414264
5.1124,8.554191251
5.1126,8.669207281
5.1128,8.707324202
5.113,8.706994479
5.1132,8.668222479
5.1134,8.667894212
5.1136,8.629126584
5.1138,8.667237678
5.114,8.66690941
5.1142,8.666581143
5.1144,8.666252876
5.1146,8.512196268
5.1148,8.627165716
5.115,8.549980555
5.1152,8.511228936
5.1154,8.510906492
5.1156,8.510584048
5.1158,8.587108308
5.116,8.433095369
5.1162,8.355934957
5.1164,8.470875289
5.1166,8.508971829
5.1168,8.508649385
5.117,8.431497708
5.1172,8.508004497
5.1174,8.469270348
5.1176,8.392128862
5.1178,8.507037166
5.118,8.391492709
5.1182,8.391174632
5.1184,8.390856556
5.1186,8.352135509
5.1188,8.313417374
5.119,8.274702151
5.1192,8.235989839
5.1194,8.350869027
5.1196,8.235365332
5.1198,8.273447315
5.12,8.311526385
5.1202,8.234428573
5.1204,8.195726457
5.1206,8.233804067
5.1208,8.310265726
5.121,8.271565061
5.1212,8.194483268
5.1214,8.19417247
5.1216,8.270623934
5.1218,8.231930547
5.122,8.154861857
5.1222,8.269682807
5.1224,8.269369098
5.1226,8.115559978
5.1228,8.115252092
5.123,8.191686091
5.1232,8.153005807
5.1234,8.191064497
5.1236,8.152387124
5.1238,8.190442902
5.124,8.113404778
5.1242,8.113096892
5.1244,8.151149758
5.1246,8.112481121
5.1248,8.073815395
5.125,8.073508965
5.1252,8.111557464
5.1254,8.111249578
5.1256,8.072589675
5.1258,8.072283246
5.126,8.033627711
5.1262,8.033322736
5.1264,8.071363956
5.1266,8.032712788
5.1268,8.070751096
5.127,8.108786492
5.1272,8.031797866
5.1274,8.108170721
5.1276,8.031187918
5.1278,8.107554949
5.128,8.107247063
5.1282,8.106939178
5.1284,8.144962927
5.1286,8.106323406
5.1288,8.067686797
5.129,8.18236217
5.1292,8.105399749
5.1294,8.105091863
5.1296,8.066461077
5.1298,8.027833203
5.13,8.104168206
5.1302,8.027223255
5.1304,8.065235358
5.1306,8.14156017
5.1308,8.064622498
5.131,8.026003358
5.1312,8.064009638
5.1314,8.063703208
5.1316,8.063396778
5.1318,8.178011007
5.132,8.101089349
5.1322,8.100781463
5.1324,8.100473577
5.1326,8.138466755
5.1328,7.984958984
5.133,8.09954992
5.1332,7.984351947
5.1334,8.098934149
5.1336,7.983744911
5.1338,8.060026049
5.134,7.983137874
5.1342,8.021123773
5.1344,8.020818798
5.1346,8.058800329
5.1348,8.02020885
5.135,8.096471063
5.1352,8.019598902
5.1354,7.981013246
5.1356,8.095547406
5.1358,8.05696175
5.136,8.05665532
5.1362,8.094623748
5.1364,7.979495655
5.1366,8.017464083
5.1368,8.093700091
5.137,8.016854135
5.1372,7.978281582
5.1374,7.901445816
5.1376,7.90114521
5.1378,8.053897451
5.138,7.977067509
5.1382,8.053284591
5.1384,7.976460472
5.1386,8.052671731
5.1388,7.975853435
5.139,7.93729544
5.1392,8.01349942
5.1394,7.89843975
5.1396,7.898139143
5.1398,7.859589883
5.14,7.782796336
5.1402,7.897237323
5.1404,7.896936717
5.1406,7.93487894
5.1408,7.896335503
5.141,7.857794978
5.1412,7.819257364
5.1414,7.818959669
5.1416,7.856897525
5.1418,7.89483247
5.142,7.856299224
5.1422,7.856000073
5.1424,7.89393065
5.1426,7.893630043
5.1428,7.893329437
5.143,7.816578109
5.1432,7.816280414
5.1434,7.854205168
5.1436,7.815685024
5.1438,7.738948259
5.144,7.738653476
5.1442,7.738358692
5.1444,7.699848739
5.1446,7.737769125
5.1448,7.699262084
5.145,7.737179559
5.1452,7.736884775
5.1454,7.66017421
5.1456,7.812708073
5.1458,7.659590466
5.146,7.697502118
5.1462,7.735410858
5.1464,7.696915463
5.1466,7.658422979
5.1468,7.619933407
5.147,7.734231725
5.1472,7.619352576
5.1474,7.542675494
5.1476,7.618771744
5.1478,7.465719643
5.148,7.580001947
5.1482,7.541525477
5.1484,7.579424026
5.1486,7.655504262
5.1488,7.578846106
5.149,7.616738832
5.1492,7.578268186
5.1494,7.539800451
5.1496,7.577690266
5.1498,7.501049579
5.15,7.65346116
5.1502,7.614996337
5.1504,7.500191434
5.1506,7.538075425
5.1508,7.575956505
5.151,7.652001801
5.1512,7.575378585
5.1514,7.498761192
5.1516,7.689288946
5.1518,7.498189095
5.152,7.650542442
5.1522,7.573933784
5.1524,7.535487886
5.1526,7.611511345
5.1528,7.573066904
5.153,7.649083083
5.1532,7.72509344
5.1534,7.610349681
5.1536,7.648207468
5.1538,7.647915596
5.154,7.647623725
5.1542,7.647331853
5.1544,7.494470464
5.1546,7.646748109
5.1548,7.646456237
5.155,7.646164366
5.1552,7.607735938
5.1554,7.683715722
5.1556,7.607155106
5.1558,7.644996879
5.156,7.644705007
5.1562,7.606283858
5.1564,7.644121263
5.1566,7.681955757
5.1568,7.64353752
5.157,7.643245648
5.1572,7.719197772
5.1574,7.642661905
5.1576,7.642370033
5.1578,7.756431047
5.158,7.756134808
5.1582,7.641494418
5.1584,7.56497602
5.1586,7.679022481
5.1588,7.640618802
5.159,7.56410914
5.1592,7.640035059
5.1594,7.56353122
5.1596,7.639451315
5.1598,7.486747155
5.16,7.600765956
5.1602,7.60047554
5.1604,7.562086419
5.1606,7.561797459
5.1608,7.561508499
5.161,7.599313876
5.1612,7.560930578
5.1614,7.560641618
5.1616,7.484172719
5.1618,7.560063698
5.162,7.52168768
5.1622,7.559485778
5.1624,7.635365111
5.1626,7.711238621
5.1628,7.482456428
5.163,7.482170379
5.1632,7.481884331
5.1634,7.329290812
5.1636,7.519387645
5.1638,7.404878273
5.164,7.442667637
5.1642,7.404312
5.1644,7.404028863
5.1646,7.441813859
5.1648,7.327329236
5.165,7.479309894
5.1652,7.402896315
5.1654,7.402613179
5.1656,7.364269188
5.1658,7.325928109
5.166,7.325647884
5.1662,7.325367659
5.1664,7.325087434
5.1666,7.400914357
5.1668,7.324526983
5.167,7.324246758
5.1672,7.247868124
5.1674,7.247590811
5.1676,7.285359792
5.1678,7.208991344
5.168,7.284802253
5.1682,7.43669119
5.1684,7.20816377
5.1686,7.283965945
5.1688,7.245649615
5.169,7.245372302
5.1692,7.207060339
5.1694,7.282850868
5.1696,7.358635567
5.1698,7.206232766
5.17,7.282014559
5.1702,7.28173579
5.1704,7.281457021
5.1706,7.281178251
5.1708,7.242876479
5.171,7.280620712
5.1712,7.242321852
5.1714,7.318081803
5.1716,7.355818757
5.1718,7.317521353
5.172,7.317241127
5.1722,7.278948096
5.1724,7.240657971
5.1726,7.278390557
5.1728,7.278111788
5.173,7.277833018
5.1732,7.315559776
5.1734,7.277275479
5.1736,7.353001946
5.1738,7.39072143
5.174,7.352438584
5.1742,7.238162148
5.1744,7.237884835
5.1746,7.313598199
5.1748,7.275324093
5.175,7.275045324
5.1752,7.312757524
5.1754,7.274487785
5.1756,7.312197073
5.1758,7.197957033
5.176,7.273651477
5.1762,7.311356398
5.1764,7.197129459
5.1766,7.462719082
5.1768,7.310515722
5.177,7.310235497
5.1772,7.271978861
5.1774,7.19575017
5.1776,7.309394821
5.1778,7.271142552
5.178,7.346804964
5.1782,7.346523282
5.1784,7.30827392
5.1786,7.307993695
5.1788,7.231783936
5.179,7.307433244
5.1792,7.307153019
5.1794,7.117070788
5.1796,7.268633628
5.1798,7.268354858
5.18,7.230120054
5.1802,7.267797319
5.1804,7.191612304
5.1806,7.305191443
5.1808,7.304911217
5.181,7.19078473
5.1812,7.266403472
5.1814,7.228178859
5.1816,7.265845934
5.1818,7.265567164
5.182,7.227346918
5.1822,7.834109926
5.1824,7.264730856
5.1826,7.264452086
5.1828,7.18830201
5.183,7.263894548
5.1832,7.225683037
5.1834,7.187474437
5.1836,7.263058239
5.1838,7.186922721
5.184,7.110793027
5.1842,7.148445543
5.1844,7.110247135
5.1846,7.18581929
5.1848,7.109701242
5.185,7.109428296
5.1852,7.10915535
5.1854,7.108882404
5.1856,7.184440001
5.1858,7.108336512
5.186,7.183888286
5.1862,7.183612428
5.1864,7.221246019
5.1866,7.183060713
5.1868,7.144878318
5.187,7.106698835
5.1872,7.182233139
5.1874,7.068250773
5.1876,7.181681424
5.1878,8.01518923
5.188,7.067436302
5.1882,7.105061158
5.1884,7.028998431
5.1886,7.028728396
5.1888,7.028458362
5.189,6.990297804
5.1892,7.06580736
5.1894,6.951873035
5.1896,7.103150535
5.1898,7.027108189
5.19,6.988954911
5.1902,7.064449908
5.1904,7.026298086
5.1906,6.533602662
5.1908,6.950003175
5.191,6.949736052
5.1912,6.949468929
5.1914,6.949201806
5.1916,6.986806281
5.1918,6.948667561
5.192,6.948400438
5.1922,6.948133315
5.1924,6.947866192
5.1926,6.947599069
5.1928,6.947331946
5.193,6.947064823
5.1932,6.9467977
5.1934,9.331615742
5.1936,6.946263455
5.1938,6.945996332
5.194,6.983583337
5.1942,6.945462086
5.1944,6.945194963
5.1946,6.86922832
5.1948,6.944660717
5.195,6.944393595
5.1952,6.944126472
5.1954,6.981703286
5.1956,6.905749745
5.1958,7.056848179
5.196,6.867378841
5.1962,6.677924067
5.1964,6.866850419
5.1966,6.828751011
5.1968,6.866321996
5.197,6.941722366
5.1972,6.903624408
5.1974,6.94118812
5.1976,6.903093074
5.1978,6.940653874
5.198,6.940386751
5.1982,6.940119628
5.1984,6.788564112
5.1986,6.977406027
5.1988,6.863679884
5.199,9.208115045
5.1992,6.938784014
5.1994,6.938516891
5.1996,6.976063133
5.1998,6.862358827
5.2,6.975525976
5.2002,6.9374484
5.2004,6.974988818
5.2006,6.97472024
5.2008,6.898842401
5.201,6.898576734
5.2012,6.973914503
5.2014,6.973645925
5.2016,6.935578539
5.2018,6.897514066
5.202,6.859452504
5.2022,6.896982732
5.2024,6.896717065
5.2026,6.896451397
5.2028,6.971765874
5.203,6.933708679
5.2032,7.009015877
5.2034,6.933174433
5.2036,6.970691559
5.2038,6.97042298
5.204,6.894591728
5.2042,6.818766304
5.2044,6.894060394
5.2046,5.004946282
5.2048,6.931304573
5.205,6.93103745
5.2052,6.930770328
5.2054,6.854960912
5.2056,6.930236082
5.2058,6.892200724
5.206,6.891935057
5.2062,6.89166939
5.2064,6.966931457
5.2066,6.891138056
5.2068,6.928633344
5.207,6.928366222
5.2072,6.890341055
5.2074,6.890075388
5.2076,6.852054589
5.2078,6.851790377
5.208,6.889278387
5.2082,6.88901272
5.2084,6.850997744
5.2086,6.812985684
5.2088,6.888215718
5.209,6.85020511
5.2092,6.774453933
5.2094,6.811934663
5.2096,6.773931333
5.2098,6.811409152
5.21,6.697933409
5.2102,6.622202608
5.2104,6.772886135
5.2106,6.621691656
5.2108,6.734631697
5.211,6.696641469
5.2112,6.771840936
5.2114,6.62066975
5.2116,6.65814029
5.2118,6.695607917
5.212,6.770795738
5.2122,6.695091142
5.2124,6.732552946
5.2126,6.694574366
5.2128,6.732033258
5.213,6.76948924
5.2132,6.542941724
5.2134,6.54268916
5.2136,6.542436595
5.2138,6.54218403
5.214,6.617348558
5.2142,6.617093081
5.2144,6.57913197
5.2146,6.57887795
5.2148,6.616326652
5.215,6.540668642
5.2152,6.615815699
5.2154,6.653258578
5.2156,6.615304747
5.2158,6.539658383
5.216,6.539405818
5.2162,6.614538318
5.2164,6.614282841
5.2166,6.538648124
5.2168,6.613771889
5.217,6.538142995
5.2172,6.575575683
5.2174,6.537637865
5.2176,6.462020618
5.2178,6.612494507
5.218,6.499200741
5.2182,6.536627606
5.2184,6.611728078
5.2186,6.799847913
5.2188,6.535869912
5.219,6.497945197
5.2192,6.610706172
5.2194,6.535112218
5.2196,6.572527436
5.2198,6.609939743
5.22,6.496689652
5.2202,6.647092206
5.2204,6.533849394
5.2206,6.458275821
5.2208,6.64632141
5.221,6.457776515
5.2212,6.570495272
5.2214,6.645550613
5.2216,6.457027556
5.2218,6.682688518
5.222,6.531828877
5.2222,6.606874027
5.2224,6.568971149
5.2226,6.531071182
5.2228,6.606107598
5.223,6.530566053
5.2232,6.643238224
5.2234,6.605341169
5.2236,6.605085693
5.2238,6.604830216
5.224,6.566938985
5.2242,6.905393654
5.2244,6.641696631
5.2246,6.528545535
5.2248,6.565922902
5.225,6.640925834
5.2252,6.565414861
5.2254,6.64041197
5.2256,6.56490682
5.2258,6.602275453
5.226,6.602019976
5.2262,6.6017645
5.2264,6.563890738
5.2266,6.563636718
5.2268,6.600998071
5.227,6.600742594
5.2272,6.261974964
5.2274,6.336954602
5.2276,6.487147514
5.2278,6.674936879
5.228,6.524251935
5.2282,6.486394187
5.2284,6.59895426
5.2286,6.485891969
5.2288,6.598443307
5.229,6.598187831
5.2292,6.447540738
5.2294,6.56008043
5.2296,6.484636425
5.2298,6.446791779
5.23,6.484134207
5.2302,6.521473723
5.2304,6.44604282
5.2306,6.445793167
5.2308,6.520716029
5.231,6.445293861
5.2312,6.445044208
5.2314,6.444794554
5.2316,6.331803604
5.2318,6.40671627
5.232,6.406468073
5.2322,6.368643814
5.2324,6.29324785
5.2326,6.330577176
5.2328,6.405475284
5.233,6.330086604
5.2332,6.667960403
5.2334,6.254461369
5.2336,6.329350747
5.2338,6.329105462
5.234,6.253734247
5.2342,6.328614891
5.2344,6.703970128
5.2346,6.253007125
5.2348,6.327879034
5.235,6.365189433
5.2352,6.177171544
5.2354,5.876509897
5.2356,6.214243937
5.2358,6.251552881
5.236,6.251310507
5.2362,6.363708985
5.2364,6.17573477
5.2366,6.325671463
5.2368,6.250341011
5.237,6.287639764
5.2372,6.324935606
5.2374,6.212075674
5.2376,6.174297996
5.2378,6.211593837
5.238,6.173819071
5.2382,6.173579608
5.2384,6.210871083
5.2386,6.210630164
5.2388,6.210389246
5.239,6.172621759
5.2392,6.172382297
5.2394,6.247190149
5.2396,6.096858969
5.2398,6.171663909
5.24,6.133905157
5.2402,6.171184985
5.2404,6.133429144
5.2406,6.208220982
5.2408,6.095439664
5.241,6.095203113
5.2412,6.320029893
5.2414,6.16974821
5.2416,6.169508748
5.2418,6.019244535
5.242,6.244039287
5.2422,5.981273981
5.2424,6.281056359
5.2426,6.093310707
5.2428,6.205570882
5.243,6.167832511
5.2432,6.205089046
5.2434,6.167353587
5.2436,6.129621039
5.2438,6.27934955
5.244,6.166635199
5.2442,6.278861891
5.2444,6.203643537
5.2446,6.128431006
5.2448,6.2031617
5.245,6.165437888
5.2452,6.202679864
5.2454,6.164958963
5.2456,6.239676555
5.2458,6.127002967
5.246,6.164240576
5.2462,6.164001113
5.2464,6.238707059
5.2466,6.163522189
5.2468,6.163282726
5.247,6.125574927
5.2472,6.200270682
5.2474,6.087633489
5.2476,6.124860908
5.2478,6.162085414
5.248,6.086923837
5.2482,6.161606489
5.2484,6.011534444
5.2486,6.161127565
5.2488,6.160888102
5.249,6.123194862
5.2492,6.160409178
5.2494,6.047817115
5.2496,6.085031431
5.2498,6.2345867
5.25,6.196897827
5.2502,6.046876736
5.2504,6.196415991
5.2506,6.158732941
5.2508,6.158493479
5.251,6.158254016
5.2512,6.083139025
5.2514,6.157775091
5.2516,6.082665924
5.2518,6.082429373
5.252,6.157056704
5.2522,6.156817242
5.2524,6.11914875
5.2526,6.044055597
5.2528,6.23095109
5.253,6.193284054
5.2532,6.15561993
5.2534,6.117958717
5.2536,6.117720711
5.2538,6.154901543
5.254,6.117244698
5.2542,6.079590764
5.2544,6.116768685
5.2546,6.041704647
5.2548,6.153704231
5.255,6.003824354
5.2552,5.966182067
5.2554,6.07817146
5.2556,6.003123436
5.2558,6.077698358
5.256,6.040058983
5.2562,6.002422519
5.2564,6.151788532
5.2566,6.076752155
5.2568,6.076515604
5.257,5.964092417
5.2572,6.001254323
5.2574,6.075805952
5.2576,6.000787045
5.2578,6.075332851
5.258,5.925543239
5.2582,6.000086128
5.2584,5.999852489
5.2586,5.96223495
5.2588,5.924620329
5.259,5.924389602
5.2592,5.961538401
5.2594,6.036062369
5.2596,5.961074034
5.2598,5.998217015
5.26,5.997983376
5.2602,6.035121989
5.2604,6.072257691
5.2606,5.885174441
5.2608,5.959680934
5.261,5.922082327
5.2612,5.921851599
5.2614,5.846893836
5.2616,5.921390144
5.2618,5.846438205
5.262,5.920928689
5.2622,5.771267184
5.2624,5.883110996
5.2626,5.920236507
5.2628,5.920005779
5.263,5.84507131
5.2632,5.807493078
5.2634,5.844615678
5.2636,5.956430368
5.2638,5.844160046
5.264,5.84393223
5.2642,5.881047551
5.2644,5.768793238
5.2646,5.843248783
5.2648,5.917698505
5.265,5.917467777
5.2652,5.91723705
5.2654,5.954340718
5.2656,5.842109704
5.2658,5.841881888
5.266,5.878984106
5.2662,5.916083412
5.2664,5.915852685
5.2666,5.915621957
5.2668,5.91539123
5.267,5.915160502
5.2672,5.914929775
5.2674,5.914699047
5.2676,5.877149932
5.2678,5.914237592
5.268,5.839375913
5.2682,5.876462117
5.2684,5.838920282
5.2686,5.913314682
5.2688,5.950393602
5.269,5.912853227
5.2692,5.987235976
5.2694,5.949697052
5.2696,5.986768698
5.2698,5.911930317
5.27,5.91169959
5.2702,5.911468862
5.2704,5.985834142
5.2706,5.911007407
5.2708,5.985366863
5.271,5.985133224
5.2712,5.83573086
5.2714,6.0592474
5.2716,5.90985377
5.2718,5.872335227
5.272,6.133110466
5.2722,6.021016293
5.2724,5.946214303
5.2726,5.871418141
5.2728,5.945749936
5.273,5.908238678
5.2732,5.94528557
5.2734,6.019605724
5.2736,5.982095916
5.2738,6.019135534
5.274,5.981628638
5.2742,5.944124653
5.2744,5.981161359
5.2746,5.906392858
5.2748,5.980694081
5.275,5.905931403
5.2752,5.980226803
5.2754,5.979993164
5.2756,5.90523922
5.2758,5.905008493
5.276,5.867520522
5.2762,5.979058607
5.2764,5.978824968
5.2766,5.978591329
5.2768,5.903854855
5.277,5.903624128
5.2772,5.940641904
5.2774,5.903162673
5.2776,5.902931946
5.2778,5.828212937
5.278,5.865227806
5.2782,5.827757305
5.2784,5.902009036
5.2786,5.901778308
5.2788,5.901547581
5.279,5.97578766
5.2792,5.789384276
5.2794,5.82639041
5.2796,5.826162594
5.2798,5.863164361
5.28,5.900163216
5.2802,5.862705817
5.2804,5.7508009
5.2806,5.750575996
5.2808,5.750351092
5.281,5.824567883
5.2812,5.824340067
5.2814,5.749676379
5.2816,5.712234995
5.2818,5.749226571
5.282,5.749001667
5.2822,5.748776762
5.2824,5.748551858
5.2826,5.673908552
5.2828,5.82251754
5.283,5.747877145
5.2832,5.63603774
5.2834,5.747427337
5.2836,5.672798589
5.2838,5.672576596
5.284,5.709553614
5.2842,5.634935056
5.2844,5.671910618
5.2846,5.708883269
5.2848,5.70865982
5.285,5.745628103
5.2852,5.633832372
5.2854,5.745178295
5.2856,5.633391299
5.2858,5.744728486
5.286,5.744503582
5.2862,5.744278678
5.2864,5.706872233
5.2866,5.743828869
5.2868,5.743603965
5.287,5.817733407
5.2872,5.705978439
5.2874,5.780103514
5.2876,5.631185931
5.2878,5.705308094
5.288,5.74225454
5.2882,5.630524321
5.2884,5.890472661
5.2886,5.741579827
5.2888,5.704190852
5.289,5.666804789
5.2892,5.740905115
5.2894,5.74068021
5.2896,5.740455306
5.2898,5.70307361
5.29,5.740005498
5.2902,5.739780594
5.2904,5.776708114
5.2906,5.813632722
5.2908,5.739105881
5.291,5.738880977
5.2912,6.964493892
5.2914,5.812721459
5.2916,5.812493643
5.2918,5.73798136
5.292,5.737756456
5.2922,5.737531551
5.2924,5.774444513
5.2926,5.774218153
5.2928,5.736856839
5.293,5.736631934
5.2932,5.773539073
5.2934,5.8104433
5.2936,5.735957222
5.2938,5.735732318
5.294,5.401371442
5.2942,5.772407273
5.2944,5.809304221
5.2946,5.809076405
5.2948,5.771728193
5.295,5.845739714
5.2952,5.734157988
5.2954,5.808165142
5.2956,5.807937326
5.2958,5.733483275
5.296,5.844593356
5.2962,5.62170285
5.2964,5.769917313
5.2966,5.65836907
5.2968,7.550544801
5.297,5.73213385
5.2972,5.694806019
5.2974,5.731684042
5.2976,5.879859197
5.2978,5.619938556
5.298,5.731009329
5.2982,5.65659313
5.2984,5.693465329
5.2986,5.656149145
5.2988,5.730109712
5.299,5.729884808
5.2992,5.655483167
5.2994,5.766521912
5.2996,5.617953725
5.2998,5.654817189
5.3,5.691677742
5.3002,5.617292115
5.3004,5.654151211
5.3006,5.616851041
5.3008,5.54247706
5.301,5.653485234
5.3012,5.616189431
5.3014,5.653041248
5.3016,5.615748357
5.3018,5.652597263
5.302,5.652375271
5.3022,5.578020216
5.3024,6.726818456
5.3026,5.614645673
5.3028,5.614425136
5.303,5.6142046
5.3032,5.539865559
5.3034,5.502590137
5.3036,5.576486649
5.3038,5.539212683
5.304,5.576048487
5.3042,5.50172546
5.3044,5.612660842
5.3046,5.538342183
5.3048,5.426981746
5.305,5.537906932
5.3052,5.537689307
5.3054,5.537471682
5.3056,5.574295839
5.3058,5.499996105
5.306,5.536818807
5.3062,5.462526352
5.3064,5.573419516
5.3066,5.425062427
5.3068,5.461882211
5.307,5.535730681
5.3072,5.461452784
5.3074,5.461238071
5.3076,5.535077806
5.3078,5.460808644
5.308,5.904885675
5.3082,5.423356365
5.3084,5.460164503
5.3086,5.45994979
5.3088,5.459735076
5.309,5.459520363
5.3092,5.422290077
5.3094,5.422076819
5.3096,5.458876222
5.3098,5.458661509
5.31,5.532466304
5.3102,5.421223788
5.3104,5.532031054
5.3106,5.457802655
5.3108,5.383580084
5.311,5.531378178
5.3112,5.457158514
5.3114,5.456943801
5.3116,5.456729087
5.3118,5.382521075
5.312,5.45629966
5.3122,5.382097471
5.3124,5.529854802
5.3126,5.418664696
5.3128,5.344472692
5.313,5.418238181
5.3132,5.418024923
5.3134,5.454796666
5.3136,4.456026126
5.3138,5.380403056
5.314,5.454152525
5.3142,5.490916994
5.3144,5.37976765
5.3146,5.453508385
5.3148,5.453293671
5.315,5.453078958
5.3152,5.378920443
5.3154,5.378708641
5.3156,5.378496839
5.3158,5.415252573
5.316,5.378073235
5.3162,5.451790677
5.3164,5.4146128
5.3166,5.414399542
5.3168,5.451146536
5.317,5.450931823
5.3172,5.450717109
5.3174,5.376590622
5.3176,5.487242115
5.3178,5.413119996
5.318,5.449858255
5.3182,5.375743415
5.3184,5.449428828
5.3186,5.486161269
5.3188,5.448999401
5.319,5.448784687
5.3192,4.820542608
5.3194,5.300589941
5.3196,5.448140547
5.3198,5.374049
5.32,5.410774161
5.3202,5.447496406
5.3204,5.373413594
5.3206,5.373201792
5.3208,5.520714546
5.321,5.520496921
5.3212,5.372566387
5.3214,5.446208125
5.3216,5.556769363
5.3218,5.371930981
5.322,5.519408796
5.3222,5.408428327
5.3224,5.408215069
5.3226,5.371083773
5.3228,5.444705131
5.323,5.37066017
5.3232,5.407362038
5.3234,5.370236566
5.3236,5.370024764
5.3238,5.443631563
5.324,5.332693313
5.3242,5.369389358
5.3244,5.406082492
5.3246,5.332062275
5.3248,4.40930134
5.325,5.368542151
5.3252,5.2207339
5.3254,5.368118547
5.3256,5.367906745
5.3258,5.257010709
5.326,5.293696563
5.3262,5.293487673
5.3264,5.293278783
5.3266,5.293069893
5.3268,5.329748468
5.327,5.292652112
5.3272,5.255558668
5.3274,5.218468135
5.3276,5.292025441
5.3278,5.218056178
5.328,5.180971468
5.3282,5.254521496
5.3284,5.143686603
5.3286,5.1803579
5.3288,5.143280469
5.329,5.179948854
5.3292,5.142874335
5.3294,5.105802728
5.3296,5.142468202
5.3298,5.142265135
5.33,5.068333722
5.3302,5.141859001
5.3304,4.88362711
5.3306,5.178312672
5.3308,5.067533101
5.331,5.067332945
5.3312,5.06713279
5.3314,5.066932635
5.3316,5.066732479
5.3318,5.066532324
5.332,5.029482557
5.3322,5.066132013
5.3324,4.992238455
5.3326,5.065731703
5.3328,5.102375339
5.333,5.139016063
5.3332,5.212494755
5.3334,4.991252236
5.3336,5.101568894
5.3338,5.06453077
5.334,5.064330615
5.3342,5.06413046
5.3344,5.063930304
5.3346,5.026899463
5.3348,5.063529994
5.335,5.063329838
5.3352,5.063129683
5.3354,5.099754393
5.3356,5.025905965
5.3358,5.136173125
5.336,4.988688068
5.3362,5.135766991
5.3364,5.098746338
5.3366,5.061728596
5.3368,5.13515779
5.337,5.061328285
5.3372,5.06112813
5.3374,4.950497055
5.3376,5.097536671
5.3378,5.060527663
5.338,5.097133448
5.3382,5.023322871
5.3384,5.133533254
5.3386,5.133330187
5.3388,5.353927822
5.339,5.169722714
5.3392,5.132720986
5.3394,5.058926421
5.3396,5.095520559
5.3398,5.132111786
5.34,5.131908719
5.3402,5.094915725
5.3404,5.131502585
5.3406,5.094512503
5.3408,5.057525333
5.341,5.130893384
5.3412,5.204255611
5.3414,5.167268441
5.3416,5.203843654
5.3418,5.130081116
5.342,5.093101225
5.3422,5.129674982
5.3424,5.166245827
5.3426,5.129268848
5.3428,5.129065781
5.343,5.165632259
5.3432,5.128659647
5.3434,5.091689947
5.3436,5.091488336
5.3438,5.091286724
5.344,5.127847379
5.3442,5.127644312
5.3444,5.347997369
5.3446,5.127238178
5.3448,5.127035111
5.345,5.053322071
5.3452,4.979614857
5.3454,5.05292176
5.3456,4.97922037
5.3458,5.05252145
5.346,5.052321294
5.3462,5.01537489
5.3464,4.978431395
5.3466,4.978234151
5.3468,5.051520673
5.347,4.977839664
5.3472,5.124598307
5.3474,4.977445176
5.3476,5.013983993
5.3478,5.013785293
5.348,4.940120296
5.3482,5.050119585
5.3484,4.902998483
5.3486,5.049719275
5.3488,5.012791796
5.349,4.902415487
5.3492,4.902221155
5.3494,4.938749781
5.3496,4.90183249
5.3498,4.975078252
5.35,4.717850873
5.3502,4.901249494
5.3504,4.901055162
5.3506,4.90086083
5.3508,4.937379266
5.351,4.973894789
5.3512,4.973697546
5.3514,4.863375102
5.3516,4.863182225
5.3518,4.862989349
5.352,4.862796473
5.3522,4.862603597
5.3524,4.825709599
5.3526,4.862217844
5.3528,4.898723177
5.353,4.898528845
5.3532,4.898334513
5.3534,4.751364814
5.3536,4.897945849
5.3538,4.861060586
5.354,4.787488762
5.3542,4.897362852
5.3544,4.823795395
5.3546,4.860289081
5.3548,4.896779856
5.355,4.896585524
5.3552,4.969752671
5.3554,4.749479725
5.3556,4.565902078
5.3558,4.895808196
5.356,4.895613864
5.3562,4.858746071
5.3564,4.858553195
5.3566,4.785019221
5.3568,4.784829257
5.357,4.857974566
5.3572,4.967780234
5.3574,4.894253539
5.3576,4.857395937
5.3578,4.893864875
5.358,4.820349827
5.3582,4.856817309
5.3584,4.893281879
5.3586,4.966399528
5.3588,4.85623868
5.359,4.856045803
5.3592,4.929156174
5.3594,4.855660051
5.3596,4.892115886
5.3598,4.855274298
5.36,4.781789822
5.3602,4.964821578
5.3604,4.85469567
5.3606,4.854502793
5.3608,4.890949894
5.361,4.81747852
5.3612,4.634101775
5.3614,4.817095679
5.3616,4.890172565
5.3618,4.889978233
5.362,4.926415143
5.3622,4.889589569
5.3624,4.779510247
5.3626,4.962454654
5.3628,4.852381154
5.363,4.815564315
5.3632,4.888617909
5.3634,4.888423577
5.3636,4.961468435
5.3638,4.888034912
5.364,4.851223897
5.3642,4.85103102
5.3644,4.7776106
5.3646,4.887257584
5.3648,4.887063252
5.365,4.813650111
5.3652,4.886674588
5.3654,4.849873763
5.3656,4.922890961
5.3658,4.84948801
5.366,4.849295134
5.3662,4.958904267
5.3664,4.812310168
5.3666,4.775520989
5.3668,4.702138421
5.367,4.884925599
5.3672,4.848137876
5.3674,4.92112887
5.3676,4.847752124
5.3678,4.847559248
5.368,4.847366371
5.3682,4.847173495
5.3684,4.810395963
5.3686,4.883370942
5.3688,4.88317661
5.369,4.809821702
5.3692,4.846209114
5.3694,4.809438861
5.3696,4.882399282
5.3698,4.80905602
5.37,4.772291591
5.3702,4.918387839
5.3704,4.808481759
5.3706,4.881427622
5.3708,4.844666104
5.371,4.807907497
5.3712,4.844280351
5.3714,4.844087475
5.3716,4.880455961
5.3718,4.843701722
5.372,4.880067297
5.3722,4.91642996
5.3724,4.550678779
5.3726,4.842930217
5.3728,4.842737341
5.373,4.696339777
5.3732,4.878901304
5.3734,4.805610452
5.3736,4.805419032
5.3738,4.805227611
5.374,4.805036191
5.3742,4.80484477
5.3744,4.80465335
5.3746,4.767922404
5.3748,4.840808578
5.375,4.767542475
5.3752,4.876957984
5.3754,4.767162545
5.3756,4.840037073
5.3758,4.693721035
5.376,4.766592652
5.3762,4.802930566
5.3764,4.693159876
5.3766,4.766022758
5.3768,4.765832793
5.377,4.692598717
5.3772,4.728932264
5.3774,4.692224611
5.3776,4.692037558
5.3778,4.691850505
5.378,4.399545241
5.3782,4.764503041
5.3784,4.618265617
5.3786,4.764123111
5.3788,4.69091524
5.379,4.690728187
5.3792,4.617529051
5.3794,4.690354081
5.3796,4.726670158
5.3798,4.653478301
5.38,4.762793359
5.3802,4.653107107
5.3804,4.689418816
5.3806,4.762223465
5.3808,4.871516685
5.381,4.615871779
5.3812,4.688670604
5.3814,4.651993524
5.3816,4.688296498
5.3818,4.724596561
5.382,4.651436732
5.3822,4.687735339
5.3824,4.614582789
5.3826,4.687361233
5.3828,4.68717418
5.383,4.614030365
5.3832,4.613846224
5.3834,4.613662082
5.3836,4.613477941
5.3838,4.686238915
5.384,4.64958076
5.3842,4.685864809
5.3844,4.612741376
5.3846,4.721957438
5.3848,4.721768929
5.385,4.612188951
5.3852,4.721391911
5.3854,4.64828158
5.3856,4.684555438
5.3858,4.720826385
5.386,4.647724788
5.3862,4.720449367
5.3864,4.829621755
5.3866,4.683620173
5.3868,4.719883841
5.387,4.719695332
5.3872,4.792402441
5.3874,4.719318314
5.3876,4.755574703
5.3878,4.755384738
5.388,4.755194773
5.3882,4.755004809
5.3884,4.645497622
5.3886,4.754624879
5.3888,4.717998752
5.389,4.75424495
5.3892,4.899787989
5.3894,4.790296816
5.3896,4.753675056
5.3898,4.680627325
5.39,4.680440272
5.3902,4.753105162
5.3904,4.680066166
5.3906,4.679879113
5.3908,4.716113664
5.391,4.752345304
5.3912,4.715736647
5.3914,4.751965375
5.3916,4.642528067
5.3918,4.605928145
5.392,4.751395481
5.3922,4.678382689
5.3924,4.751015551
5.3926,4.641600081
5.3928,4.67782153
5.393,4.604823297
5.3932,4.677447424
5.3934,4.677260371
5.3936,4.640672095
5.3938,4.676886265
5.394,4.60390259
5.3942,4.676512159
5.3944,4.712720505
5.3946,4.603350166
5.3948,4.821520951
5.395,4.566590851
5.3952,4.675576894
5.3954,4.493449238
5.3956,4.52965613
5.3958,4.493089691
5.396,4.492909917
5.3962,4.565494737
5.3964,4.528931211
5.3966,4.601508752
5.3968,4.528568751
5.397,4.601140469
5.3972,4.637331346
5.3974,4.418904375
5.3976,4.636960151
5.3978,4.527662602
5.398,4.454742983
5.3982,4.381829186
5.3984,4.49075263
5.3986,4.490572856
5.3988,4.526756454
5.399,4.490213308
5.3992,4.453673074
5.3994,4.48985376
5.3996,4.526031535
5.3998,4.45313812
5.4,4.452959801
5.4002,4.489134664
5.4004,4.670713516
5.4006,4.416074578
5.4008,4.452246529
5.401,4.452068211
5.4012,4.379198089
5.4014,4.451711575
5.4016,4.306161296
5.4018,4.487696473
5.402,4.45117662
5.4022,4.41465968
5.4024,4.450819984
5.4026,4.486977377
5.4028,4.450463348
5.403,4.559283429
5.4032,4.450106712
5.4034,4.449928394
5.4036,4.377093212
5.4038,4.449571757
5.404,4.376742399
5.4042,4.449215121
5.4044,4.485359412
5.4046,4.448858485
5.4048,4.484999864
5.405,4.448501849
5.4052,4.484640316
5.4054,4.520775872
5.4056,4.484280768
5.4058,4.484100994
5.406,4.738097956
5.4062,4.483741446
5.4064,4.519869724
5.4066,4.555995089
5.4068,4.592117542
5.407,4.519326034
5.4072,4.44654035
5.4074,4.518963575
5.4076,4.555081661
5.4078,4.446005395
5.408,4.445827077
5.4082,4.518238656
5.4084,4.481763933
5.4086,4.445292123
5.4088,4.553985547
5.409,4.444935487
5.4092,4.517332507
5.4094,4.517151277
5.4096,4.48068529
5.4098,4.480505516
5.41,4.444043896
5.4102,4.516426359
5.4104,4.516245129
5.4106,4.47978642
5.4108,4.515882669
5.411,4.443152306
5.4112,4.370427765
5.4114,4.51533898
5.4116,4.224996155
5.4118,4.478707777
5.412,4.442260715
5.4122,4.442082397
5.4124,4.550697207
5.4126,4.477988681
5.4128,4.514070372
5.413,4.477629133
5.4132,4.513707912
5.4134,4.477269585
5.4136,4.513345453
5.4138,4.513164223
5.414,4.549235723
5.4142,4.476550489
5.4144,4.367621262
5.4146,4.43994258
5.4148,4.439764261
5.415,4.403340493
5.4152,4.439407625
5.4154,4.439229307
5.4156,4.402809906
5.4158,4.438872671
5.416,4.474932524
5.4162,4.47475275
5.4164,4.438337717
5.4166,4.474393202
5.4168,4.401748732
5.417,4.510264547
5.4172,4.039100642
5.4174,4.401218145
5.4176,4.437267808
5.4178,4.43708949
5.418,4.436911172
5.4182,4.400510696
5.4184,4.436554535
5.4186,4.363937726
5.4188,4.363762319
5.419,4.363586913
5.4192,4.363411506
5.4194,4.290809255
5.4196,4.435484627
5.4198,4.399095798
5.42,4.254082715
5.4202,4.290119276
5.4204,4.362359068
5.4206,4.362183661
5.4208,4.434414718
5.421,4.325631072
5.4212,4.289256801
5.4214,4.3976809
5.4216,4.433701446
5.4218,4.361131222
5.422,4.43334481
5.4222,4.324587368
5.4224,4.360605003
5.4226,4.324239467
5.4228,4.143122148
5.423,4.215329912
5.4232,4.215160329
5.4234,4.287359358
5.4236,4.323369714
5.4238,4.287014368
5.424,4.286841874
5.4242,4.322847862
5.4244,4.358850938
5.4246,4.286324389
5.4248,4.286151894
5.425,4.358324719
5.4252,4.249635701
5.4254,4.28563441
5.4256,4.285461915
5.4258,4.28528942
5.426,4.285116925
5.4262,4.28494443
5.4264,4.284771935
5.4266,4.284599441
5.4268,4.284426946
5.427,4.284254451
5.4272,4.24792531
5.4274,4.283909461
5.4276,4.211429498
5.4278,4.283564471
5.428,4.283391977
5.4282,4.210920749
5.4284,4.030011611
5.4286,4.246728037
5.4288,4.282701997
5.429,4.246385959
5.4292,4.318499095
5.4294,4.282184513
5.4296,4.209733666
5.4298,4.137288643
5.43,4.245530764
5.4302,4.1369553
5.4304,4.317455391
5.4306,4.136621956
5.4308,4.208716167
5.431,4.208546584
5.4312,4.136121942
5.4314,4.208207417
5.4316,4.244162452
5.4318,4.207868251
5.432,4.207698668
5.4322,4.279769585
5.4324,4.207359501
5.4326,4.171072579
5.4328,4.207020335
5.433,4.206850751
5.4332,4.134455226
5.4334,4.278734616
5.4336,4.242452061
5.4338,4.206172419
5.434,3.881038504
5.4342,4.205833252
5.4344,4.205663669
5.4346,4.133288525
5.4348,4.241425827
5.435,4.277354657
5.4352,4.168886923
5.4354,4.277009667
5.4356,4.20464617
5.4358,4.276664678
5.436,4.204307003
5.4362,4.348501956
5.4364,4.276147193
5.4366,4.167710031
5.4368,4.239715437
5.437,4.311715019
5.4372,4.203289504
5.4374,4.347449517
5.4376,4.202950338
5.4378,4.202780754
5.438,4.274767234
5.4382,4.238518164
5.4384,4.274422245
5.4386,4.202102422
5.4388,4.201932838
5.439,4.201763255
5.4392,4.201593672
5.4394,4.273559771
5.4396,3.804524269
5.4398,4.273214781
5.44,4.236978813
5.4402,4.236807773
5.4404,4.308757858
5.4406,4.272524801
5.4408,4.272352307
5.441,4.272179812
5.4412,4.163843101
5.4414,4.271834822
5.4416,4.12745502
5.4418,4.235439461
5.442,4.199219507
5.4422,4.163002464
5.4424,4.162834337
5.4426,4.162666209
5.4428,4.198541174
5.443,4.234413227
5.4432,4.198202008
5.4434,4.306148598
5.4436,4.197862841
5.4438,4.197693258
5.444,4.197523675
5.4442,4.233386993
5.4444,4.089090171
5.4446,4.197014925
5.4448,4.160816808
5.445,4.124621603
5.4452,3.872275575
5.4454,4.196336592
5.4456,4.23218972
5.4458,4.123954916
5.446,4.123788245
5.4462,4.087603229
5.4464,4.087438014
5.4466,3.979226503
5.4468,4.123121558
5.447,4.050929847
5.4472,4.050766087
5.4474,4.050602327
5.4476,4.122454872
5.4478,4.050274807
5.448,4.050111047
5.4482,4.013943502
5.4484,4.085785856
5.4486,4.08562064
5.4488,4.049456007
5.449,4.049292247
5.4492,4.049128487
5.4494,4.120954828
5.4496,4.012807373
5.4498,3.940660792
5.45,4.048473447
5.4502,4.012320461
5.4504,4.048145927
5.4506,4.011995852
5.4508,3.687969813
5.451,4.047654648
5.4512,4.01150894
5.4514,4.119288112
5.4516,4.011184332
5.4518,3.975044447
5.452,4.046835848
5.4522,4.046672088
5.4524,4.046508328
5.4526,4.046344568
5.4528,4.046180808
5.453,4.046017048
5.4532,4.009885899
5.4534,4.117621396
5.4536,3.865703378
5.4538,4.08132503
5.454,4.081159815
5.4542,4.045034488
5.4544,4.008912074
5.4546,4.00874977
5.4548,4.188366181
5.455,4.116288024
5.4552,4.044215689
5.4554,4.11595468
5.4556,4.115788009
5.4558,4.115621337
5.456,4.043560649
5.4562,4.079342441
5.4564,3.899456743
5.4566,4.043069369
5.4568,4.114787979
5.457,4.186500766
5.4572,4.042578089
5.4574,4.114287965
5.4576,4.150056655
5.4578,4.113954621
5.458,4.11378795
5.4582,4.149552273
5.4584,4.185313684
5.4586,4.005503687
5.4588,4.113121264
5.459,4.112954592
5.4592,3.969093059
5.4594,4.076698989
5.4596,4.04061297
5.4598,4.076368558
5.46,4.112121234
5.4602,4.076038126
5.4604,4.111787891
5.4606,4.075707694
5.4608,4.03963041
5.461,4.111287876
5.4612,4.111121205
5.4614,4.110954533
5.4616,4.003069125
5.4618,4.03881161
5.462,4.03864785
5.4622,4.002582213
5.4624,4.038320331
5.4626,4.109954504
5.4628,4.109787832
5.463,4.10962116
5.4632,4.07355989
5.4634,4.001608388
5.4636,4.073229458
5.4638,4.037174011
5.464,4.108787802
5.4642,4.072733811
5.4644,4.000796867
5.4646,4.036518971
5.4648,4.036355211
5.465,3.928546962
5.4652,4.000147651
5.4654,4.035863931
5.4656,3.999823042
5.4658,3.999660738
5.466,3.999498434
5.4662,3.99933613
5.4664,3.999173826
5.4666,3.963141672
5.4668,3.998849218
5.467,4.07042079
5.4672,3.998524609
5.4674,3.962498278
5.4676,4.034062572
5.4678,3.998037697
5.468,3.997875393
5.4682,3.961854885
5.4684,3.961694037
5.4686,3.99738848
5.4688,3.997226176
5.469,3.997063872
5.4692,3.996901568
5.4694,3.960889795
5.4696,4.032424972
5.4698,3.853028428
5.47,3.996252351
5.4702,3.924402757
5.4704,3.995927743
5.4706,3.959924705
5.4708,3.923924579
5.471,3.995440831
5.4712,3.995278527
5.4714,3.851776581
5.4716,3.994953918
5.4718,3.994791614
5.472,3.99462931
5.4722,3.886979745
5.4724,3.958477071
5.4726,3.958316222
5.4728,3.922330654
5.473,4.029641053
5.4732,3.957833677
5.4734,3.993493181
5.4736,4.06496867
5.4738,3.993168573
5.474,4.028822253
5.4742,3.921214907
5.4744,3.956868587
5.4746,4.028330974
5.4748,3.992357052
5.475,3.920577337
5.4752,3.992032444
5.4754,3.920258552
5.4756,3.955903497
5.4758,3.919939767
5.476,3.955581801
5.4762,3.955420953
5.4764,3.955260104
5.4766,3.919302197
5.4768,3.919142804
5.477,3.990571707
5.4772,3.918824019
5.4774,3.882873391
5.4776,3.990084794
5.4778,3.882557518
5.478,3.953973318
5.4782,3.918027057
5.4784,3.917867664
5.4786,3.84614327
5.4788,3.917548879
5.479,3.917389487
5.4792,3.845673827
5.4794,3.917070702
5.4796,3.881136087
5.4798,3.916751917
5.48,3.988137145
5.4802,3.987974841
5.4804,3.916273739
5.4806,4.023418175
5.4808,3.880188467
5.481,3.915795562
5.4812,3.915636169
5.4814,3.951238896
5.4816,3.843796057
5.4818,3.915157992
5.482,3.879240847
5.4822,3.914839207
5.4824,3.843170133
5.4826,3.914520422
5.4828,3.914361029
5.483,3.94995211
5.4832,3.949791261
5.4834,3.913882852
5.4836,3.949469565
5.4838,3.913564067
5.484,3.984891062
5.4842,3.94898702
5.4844,3.913085889
5.4846,3.98440415
5.4848,3.912767104
5.485,3.912607712
5.4852,3.948182778
5.4854,3.84082292
5.4856,3.876397987
5.4858,3.911970142
5.486,3.911810749
5.4862,3.983105717
5.4864,3.947217688
5.4866,3.911332572
5.4868,3.982618804
5.487,4.018177857
5.4872,3.982294196
5.4874,3.910695002
5.4876,3.981969588
5.4878,3.94609175
5.488,3.945930902
5.4882,3.838632188
5.4884,3.874186873
5.4886,3.981158067
5.4888,3.945287509
5.489,3.838006265
5.4892,3.909260469
5.4894,3.87339719
5.4896,4.016048978
5.4898,3.908782292
5.49,3.944322419
5.4902,3.908463507
5.4904,3.944000722
5.4906,3.979535026
5.4908,3.907985329
5.491,3.907825937
5.4912,3.87197576
5.4914,3.907507152
5.4916,3.907347759
5.4918,3.907188367
5.492,3.907028974
5.4922,3.871186076
5.4924,3.87102814
5.4926,3.870870203
5.4928,3.870712266
5.493,3.834876647
5.4932,3.906072619
5.4934,3.834563686
5.4936,3.870080519
5.4938,3.905594442
5.494,3.834094243
5.4942,3.833937762
5.4944,3.833781281
5.4946,3.797958765
5.4948,3.833468319
5.495,3.868974963
5.4952,3.797493689
5.4954,3.868659089
5.4956,3.797183639
5.4958,3.761371314
5.496,3.761217744
5.4962,3.832372953
5.4964,3.760910606
5.4966,3.867711469
5.4968,3.724953446
5.497,3.83174703
5.4972,3.689002108
5.4974,3.76014276
5.4976,3.831277587
5.4978,3.724192879
5.498,3.866605912
5.4982,3.723888652
5.4984,3.688098163
5.4986,3.759221344
5.4988,3.723432311
5.499,3.68764619
5.4992,3.758760636
5.4994,3.722975971
5.4996,3.829712779
5.4998,3.687043559
5.5,3.75814636
5.5002,3.686742244
5.5004,3.757839221
5.5006,3.757685652
5.5008,3.721911177
5.501,3.757378513
5.5012,3.757224944
5.5014,3.757071375
5.5016,3.756917806
5.5018,3.72115061
5.502,3.792222838
5.5022,3.792067813
5.5024,3.68508501
5.5026,3.791757763
5.5028,3.827209085
5.503,3.791447712
5.5032,3.755689252
5.5034,3.826739642
5.5036,3.755382113
5.5038,3.684030407
5.504,3.755074975
5.5042,3.826113719
5.5044,3.719173136
5.5046,3.754614267
5.5048,3.754460698
5.505,3.861078128
5.5052,3.825331314
5.5054,3.718412569
5.5056,3.825018353
5.5058,3.753692852
5.506,3.824705391
5.5062,3.82454891
5.5064,3.753232144
5.5066,3.824235948
5.5068,3.752925005
5.507,3.788347211
5.5072,3.788192186
5.5074,3.68131857
5.5076,3.823453544
5.5078,3.752157159
5.508,3.823140582
5.5082,3.787417061
5.5084,3.751696452
5.5086,3.751542882
5.5088,3.751389313
5.509,3.751235744
5.5092,3.857761458
5.5094,3.822045216
5.5096,3.893002434
5.5098,3.750621467
5.51,3.786021836
5.5102,3.856971775
5.5104,3.714609733
5.5106,3.821106331
5.5108,3.749853621
5.511,3.820793369
5.5112,3.749546482
5.5114,3.678305418
5.5116,3.820323926
5.5118,3.749085775
5.512,3.713392826
5.5122,3.748778636
5.5124,3.748625067
5.5126,3.78400651
5.5128,3.677250815
5.513,3.748164359
5.5132,3.783541435
5.5134,3.78338641
5.5136,3.676648185
5.5138,3.605444972
5.514,3.747396513
5.5142,3.711719578
5.5144,3.605001734
5.5146,3.782456259
5.5148,3.711263238
5.515,3.782146209
5.5152,3.746475098
5.5154,3.710806897
5.5156,3.746167959
5.5158,3.74601439
5.516,3.745860821
5.5162,3.710198444
5.5164,3.71004633
5.5166,3.709894217
5.5168,3.709742104
5.517,3.70958999
5.5172,3.673936348
5.5174,3.602785545
5.5176,3.70913365
5.5178,3.637987214
5.518,3.744325128
5.5182,3.744171559
5.5184,3.673032402
5.5186,3.672881744
5.5188,3.637241205
5.519,3.708068856
5.5192,3.672429772
5.5194,3.672279114
5.5196,3.672128456
5.5198,3.707460402
5.52,3.5653837
5.5202,3.742635867
5.5204,3.707004062
5.5206,3.671375168
5.5208,3.671224511
5.521,3.74202159
5.5212,3.670923196
5.5214,3.670772538
5.5216,3.777030383
5.5218,3.599535133
5.522,3.634853976
5.5222,3.670169908
5.5224,3.599091895
5.5226,3.705330814
5.5228,3.634257169
5.523,3.669567277
5.5232,3.633958766
5.5234,3.669265962
5.5236,3.562750477
5.5238,3.63351116
5.524,3.668813989
5.5242,3.668663332
5.5244,3.703961794
5.5246,3.70380968
5.5248,3.739103774
5.525,3.597171198
5.5252,3.667910044
5.5254,3.667759386
5.5256,3.667608728
5.5258,3.667458071
5.526,3.631869941
5.5262,3.631720739
5.5264,3.667006098
5.5266,3.631422335
5.5268,3.631273133
5.527,3.737414513
5.5272,3.666403467
5.5274,3.66625281
5.5276,3.5952505
5.5278,3.595102754
5.528,3.559532094
5.5282,3.559385804
5.5284,3.594659516
5.5286,3.59451177
5.5288,3.665198207
5.529,3.558800643
5.5292,3.664896891
5.5294,3.62933351
5.5296,3.664595576
5.5298,3.699854731
5.53,3.664294261
5.5302,3.664143603
5.5304,3.628587501
5.5306,3.628438299
5.5308,3.592886565
5.531,3.663540973
5.5312,3.627990694
5.5314,3.663239658
5.5316,3.62769229
5.5318,3.627543089
5.532,3.627393887
5.5322,3.556460001
5.5324,3.591704597
5.5326,3.591556851
5.5328,3.591409105
5.533,3.55587484
5.5332,3.591113613
5.5334,3.626349474
5.5336,3.626200273
5.5338,3.590670375
5.534,3.661281109
5.5342,3.661130451
5.5344,3.590227137
5.5346,3.590079391
5.5348,3.589931645
5.535,3.589783899
5.5352,3.554265648
5.5354,3.589488407
5.5356,3.624708255
5.5358,3.589192915
5.536,3.553680488
5.5362,3.588897423
5.5364,3.659473218
5.5366,3.694682875
5.5368,3.623813044
5.537,3.659021245
5.5372,3.588158693
5.5374,3.764783403
5.5376,3.552510166
5.5378,3.623067035
5.538,3.58756771
5.5382,3.622768631
5.5384,3.587272218
5.5386,3.622470228
5.5388,3.551632425
5.539,3.622171824
5.5392,3.586681234
5.5394,3.586533488
5.5396,3.586385742
5.5398,3.586237996
5.54,3.58609025
5.5402,3.550608394
5.5404,3.585794758
5.5406,3.514984616
5.5408,3.585499266
5.541,3.550023234
5.5412,3.514550113
5.5414,3.585056028
5.5416,3.549584363
5.5418,3.549438073
5.542,3.549291783
5.5422,3.584465044
5.5424,3.513681107
5.5426,3.513536272
5.5428,3.548706622
5.543,3.689815245
5.5432,3.513101769
5.5434,3.548267752
5.5436,3.442193379
5.5438,3.442051457
5.544,3.512522432
5.5442,3.441767611
5.5444,3.512232763
5.5446,3.441483766
5.5448,3.441341843
5.545,3.51179826
5.5452,3.511653426
5.5454,3.370323558
5.5456,3.617248165
5.5458,3.511218923
5.546,3.440490307
5.5462,3.510929254
5.5464,3.546073399
5.5466,3.440064539
5.5468,3.510494751
5.547,3.369211469
5.5472,3.404355614
5.5474,3.439496848
5.5476,3.509915414
5.5478,3.545049368
5.548,3.544903078
5.5482,3.438929157
5.5484,3.438787234
5.5486,3.579737173
5.5488,3.509046408
5.549,3.47363152
5.5492,3.508756739
5.5494,3.473344763
5.5496,3.508467071
5.5498,3.437793775
5.55,3.472914627
5.5502,3.508032568
5.5504,3.402108144
5.5506,3.472484492
5.5508,3.507598065
5.551,3.436942239
5.5512,3.436800316
5.5514,3.366153226
5.5516,3.507018727
5.5518,3.47162422
5.552,3.400984409
5.5522,3.506584224
5.5524,3.471194085
5.5526,3.471050706
5.5528,3.541392114
5.553,3.611727699
5.5532,3.576339016
5.5534,3.505715218
5.5536,3.435097244
5.5538,3.575895778
5.554,3.505280715
5.5542,3.505135881
5.5544,3.399298806
5.5546,3.399158339
5.5548,3.469473543
5.555,3.434103785
5.5552,3.539636632
5.5554,3.504266875
5.5556,3.433678017
5.5558,3.609638874
5.556,3.503832372
5.5562,3.503687537
5.5564,3.538758892
5.5566,3.432968403
5.5568,3.538466311
5.557,3.467896379
5.5572,3.573384096
5.5574,3.538027441
5.5576,3.502673697
5.5578,3.502528863
5.558,3.502384028
5.5582,3.502239194
5.5584,3.53729599
5.5586,3.501949525
5.5588,3.501804691
5.559,3.466462594
5.5592,3.536710829
5.5594,3.571758891
5.5596,3.501225354
5.5598,3.677037718
5.56,3.500935685
5.5602,3.500790851
5.5604,3.571020161
5.5606,3.500501182
5.5608,3.570724669
5.561,3.465028808
5.5612,3.500066679
5.5614,3.570281431
5.5616,3.49977701
5.5618,3.569985939
5.562,3.569838193
5.5622,3.428994567
5.5624,3.464025159
5.5626,3.358368605
5.5628,3.498908004
5.563,3.39325873
5.5632,3.533785026
5.5634,3.463308266
5.5636,3.498328667
5.5638,3.463021509
5.564,3.427717263
5.5642,3.42757534
5.5644,3.427433418
5.5646,3.356978495
5.5648,3.391994528
5.565,3.286393295
5.5652,3.321409328
5.5654,3.637627865
5.5656,3.39143266
5.5658,3.426439959
5.566,3.356005417
5.5662,3.426156113
5.5664,3.42601419
5.5666,3.355588384
5.5668,3.425730345
5.567,3.425588422
5.5672,3.4254465
5.5674,3.460440696
5.5676,3.390027991
5.5678,3.425020731
5.568,3.389747058
5.5682,3.565258068
5.5684,3.354337284
5.5686,3.319070889
5.5688,3.424311118
5.569,3.318795778
5.5692,3.283535207
5.5694,3.42388535
5.5696,3.353503218
5.5698,3.423601504
5.57,3.458576775
5.5702,3.353086184
5.5704,3.317832891
5.5706,3.352808162
5.5708,3.422891891
5.571,3.422749968
5.5712,3.352391129
5.5714,3.422466123
5.5716,3.352113107
5.5718,3.422182277
5.572,3.351835085
5.5722,3.386797253
5.5724,3.351557063
5.5726,3.281221516
5.5728,3.386375852
5.573,3.351140029
5.5732,3.351001018
5.5734,3.45613934
5.5736,3.350722996
5.5738,3.982195572
5.574,3.350444974
5.5742,3.455565826
5.5744,3.420337282
5.5746,3.420195359
5.5748,3.45513569
5.575,3.279588323
5.5752,3.384690249
5.5754,3.384549782
5.5756,3.349332885
5.5758,3.349193874
5.576,3.349054863
5.5762,3.419059978
5.5764,3.383847448
5.5766,3.488914435
5.5768,3.348498819
5.577,3.313293568
5.5772,3.38328558
5.5774,3.348081786
5.5776,3.347942775
5.5778,3.38286418
5.578,3.347664752
5.5782,3.417640751
5.5784,3.452554877
5.5786,3.347247719
5.5788,3.45226812
5.579,3.276866334
5.5792,3.346830686
5.5794,3.767276912
5.5796,3.346552664
5.5798,3.346413653
5.58,3.346274642
5.5802,3.276049737
5.5804,3.275913638
5.5806,3.345857608
5.5808,3.380757176
5.581,3.345579586
5.5812,3.345440575
5.5814,3.310267352
5.5816,3.380195309
5.5818,3.345023542
5.582,3.309854686
5.5822,3.624972626
5.5824,3.414660374
5.5826,3.239391067
5.5828,3.379352507
5.583,3.274144345
5.5832,3.274008246
5.5834,3.41395076
5.5836,3.273736047
5.5838,3.343633431
5.584,3.273463848
5.5842,3.343355409
5.5844,3.413241147
5.5846,3.308066468
5.5848,3.342938376
5.585,3.482831392
5.5852,3.272647251
5.5854,3.342521343
5.5856,3.342382332
5.5858,3.34224332
5.586,3.272102853
5.5862,3.341965298
5.5864,3.341826287
5.5866,3.271694555
5.5868,3.411538074
5.587,3.271422356
5.5872,3.341270243
5.5874,3.271150157
5.5876,3.340992221
5.5878,3.550778962
5.588,3.305728029
5.5882,3.410544615
5.5884,3.340436176
5.5886,3.270333561
5.5888,3.375138501
5.589,3.305040252
5.5892,3.234947827
5.5894,3.269789163
5.5896,3.374576633
5.5898,3.339463099
5.59,3.269380864
5.5902,3.269244765
5.5904,3.269108666
5.5906,3.338907055
5.5908,3.40869962
5.591,3.268700367
5.5912,3.408415775
5.5914,3.268428168
5.5916,3.303252034
5.5918,3.373031497
5.592,3.337933977
5.5922,3.337794966
5.5924,3.372610097
5.5926,3.267611572
5.5928,3.337377933
5.593,3.267339373
5.5932,3.302151592
5.5934,3.441801487
5.5936,3.266931074
5.5938,3.301738926
5.594,3.23171638
5.5942,3.371345895
5.5944,3.336265844
5.5946,3.301188705
5.5948,3.30105115
5.595,3.265978378
5.5952,3.265842279
5.5954,3.300638484
5.5956,3.195708383
5.5958,3.335292767
5.596,3.265297881
5.5962,3.090529376
5.5964,3.230100657
5.5966,3.264889583
5.5968,3.299675597
5.597,3.264617384
5.5972,3.229562082
5.5974,3.229427439
5.5976,3.264209086
5.5978,3.264072986
5.598,3.229023508
5.5982,3.333624634
5.5984,3.263664688
5.5986,3.228619577
5.5988,3.263392489
5.599,3.333068589
5.5992,3.26312029
5.5994,3.262984191
5.5996,3.227946359
5.5998,3.227811715
5.6,3.227677072
5.6002,3.262439793
5.6004,3.332095512
5.6006,3.192378687
5.6008,3.227138497
5.601,3.227003853
5.6012,3.22686921
5.6014,3.226734566
5.6016,3.226599922
5.6018,3.191579561
5.602,3.226330635
5.6022,3.226195992
5.6024,3.191179997
5.6026,3.295686494
5.6028,3.225792061
5.603,3.260534401
5.6032,3.295273829
5.6034,3.260262202
5.6036,3.294998718
5.6038,3.225118843
5.604,3.294723608
5.6042,3.259717804
5.6044,3.224714912
5.6046,3.294310942
5.6048,3.294173387
5.605,3.259173406
5.6052,3.224176337
5.6054,3.224041694
5.6056,3.328481224
5.6058,3.223772406
5.606,3.293348055
5.6062,3.2932105
5.6064,3.32792518
5.6066,3.292935389
5.6068,3.223099188
5.607,3.292660279
5.6072,3.257676312
5.6074,3.222695257
5.6076,3.361934613
5.6078,3.326952102
5.608,3.326813091
5.6082,3.256995815
5.6084,3.256859715
5.6086,3.256723616
5.6088,3.291422281
5.609,3.291284726
5.6092,3.256315318
5.6094,3.221348821
5.6096,3.221214177
5.6098,3.325561991
5.61,3.22094489
5.6102,3.464582265
5.6104,3.255498721
5.6106,3.220540959
5.6108,3.185586109
5.611,3.324727925
5.6112,3.254954323
5.6114,3.220002385
5.6116,3.219867741
5.6118,3.18492017
5.612,3.184786982
5.6122,3.149843778
5.6124,3.149712046
5.6126,3.149580314
5.6128,3.219059879
5.613,3.601771355
5.6132,3.183987855
5.6134,3.218655948
5.6136,3.148921654
5.6138,3.218386661
5.614,3.218252017
5.6142,3.218117374
5.6144,3.21798273
5.6146,3.113470448
5.6148,3.113340172
5.615,3.182789165
5.6152,3.147867798
5.6154,3.147736066
5.6156,3.112819067
5.6158,3.217040225
5.616,3.112558515
5.6162,3.147209138
5.6164,3.112297963
5.6166,3.146945674
5.6168,3.146813942
5.617,3.077132058
5.6172,3.181324099
5.6174,3.076874417
5.6176,3.041974888
5.6178,3.146155282
5.618,3.14602355
5.6182,3.145891818
5.6184,3.076230315
5.6186,3.597552942
5.6188,3.075972675
5.619,3.14536489
5.6192,3.145233158
5.6194,3.075586213
5.6196,3.075457393
5.6198,3.075328573
5.62,3.14470623
5.6202,3.109822715
5.6204,3.109692439
5.6206,3.109562163
5.6208,3.074684471
5.621,3.10930161
5.6212,3.178660343
5.6214,2.935325816
5.6216,3.108910782
5.6218,3.074040369
5.622,3.212866272
5.6222,3.143257179
5.6224,3.108389677
5.6226,3.108259401
5.6228,3.142861983
5.623,3.142730251
5.6232,3.073138626
5.6234,3.107738296
5.6236,3.177062089
5.6238,3.142203323
5.624,3.142071591
5.6242,3.975283867
5.6244,3.072365704
5.6246,3.106956639
5.6248,3.072108064
5.625,3.176129774
5.6252,3.210711974
5.6254,3.141149467
5.6256,3.141017735
5.6258,3.071463962
5.626,3.2101734
5.6262,3.071206321
5.6264,3.140490807
5.6266,3.07094868
5.6268,3.105523601
5.627,2.723668184
5.6272,3.070562219
5.6274,3.139832147
5.6276,3.070304578
5.6278,3.10487222
5.628,3.139436951
5.6282,3.104611668
5.6284,3.139173487
5.6286,3.104351116
5.6288,3.104220839
5.629,3.069402836
5.6292,3.138646559
5.6294,3.138514827
5.6296,3.138383095
5.6298,5.080437997
5.63,3.138119631
5.6302,2.999271929
5.6304,3.137856167
5.6306,3.103048354
5.6308,3.068243453
5.631,3.068114632
5.6312,3.067985812
5.6314,2.998516476
5.6316,3.067728171
5.6318,3.067599351
5.632,3.06747053
5.6322,3.06734171
5.6324,3.032549911
5.6326,3.032422547
5.6328,3.101615316
5.633,3.136143651
5.6332,2.997383298
5.6334,2.997257389
5.6336,3.066439968
5.6338,2.997005572
5.634,3.135484991
5.6342,3.03140363
5.6344,3.065924686
5.6346,3.065795866
5.6348,3.065667045
5.635,3.100182278
5.6352,3.030766808
5.6354,4.866619931
5.6356,3.134431135
5.6358,3.065022943
5.636,3.134167671
5.6362,2.960859349
5.6364,3.133904207
5.6366,3.133772475
5.6368,3.064378842
5.637,3.133509011
5.6372,3.09874924
5.6374,3.133245547
5.6376,3.029238433
5.6378,3.098358411
5.638,3.098228135
5.6382,3.098097859
5.6384,3.063348279
5.6386,3.063219458
5.6388,3.028474246
5.639,3.132191691
5.6392,3.028219517
5.6394,3.097316202
5.6396,3.062575357
5.6398,3.062446536
5.64,3.027710058
5.6402,3.027582694
5.6404,3.062060075
5.6406,3.027327965
5.6408,2.992598766
5.641,3.234675506
5.6412,2.957748026
5.6414,3.061415973
5.6416,3.061287153
5.6418,2.991969222
5.642,3.061029512
5.6422,3.060900692
5.6424,3.129952247
5.6426,3.026054319
5.6428,3.060514231
5.643,3.06038541
5.6432,3.06025659
5.6434,3.094710678
5.6436,3.025417496
5.6438,2.990710135
5.644,3.059741309
5.6442,3.025035403
5.6444,3.094059297
5.6446,2.9902065
5.6448,2.990080591
5.645,2.989954683
5.6452,2.989828774
5.6454,3.058839566
5.6456,2.955010062
5.6458,2.92032017
5.646,3.023889122
5.6462,2.920074175
5.6464,2.989073321
5.6466,0.189618549
5.6468,3.023379664
5.647,2.988695595
5.6472,2.91945919
5.6474,2.953889985
5.6476,3.057422542
5.6478,2.98819196
5.648,2.988066052
5.6482,3.022488112
5.6484,2.953267721
5.6486,3.091323498
5.6488,2.918475213
5.649,2.987436508
5.6492,2.883688529
5.6494,2.952645456
5.6496,2.987058782
5.6498,2.95239655
5.65,2.91773723
5.6502,2.986681055
5.6504,2.917491236
5.6506,2.951898739
5.6508,2.986303329
5.651,3.020705008
5.6512,2.986051512
5.6514,2.985925603
5.6516,3.020322915
5.6518,2.951152021
5.652,2.985547877
5.6522,-0.017718221
5.6524,2.985296059
5.6526,2.985170151
5.6528,3.019558727
5.653,2.984918333
5.6532,3.019303998
5.6534,2.91564628
5.6536,2.984540607
5.6538,3.018921904
5.654,3.05330029
5.6542,3.018667175
5.6544,2.984036972
5.6546,3.018412446
5.6548,2.949285228
5.655,3.052656188
5.6552,2.983533337
5.6554,2.948911869
5.6556,3.052269727
5.6558,2.948662963
5.656,3.017520894
5.6562,3.051883266
5.6564,3.051754446
5.6566,3.017138801
5.6568,3.051496805
5.657,2.982400159
5.6572,2.98227425
5.6574,3.016629343
5.6576,3.016501978
5.6578,2.740549894
5.658,3.050723883
5.6582,2.947169528
5.6584,3.084939965
5.6586,2.981392889
5.6588,2.98126698
5.659,2.946671716
5.6592,2.946547263
5.6594,2.980889254
5.6596,2.980763345
5.6598,2.946173905
5.66,2.946049452
5.6602,2.980385619
5.6604,2.98025971
5.6606,3.049049218
5.6608,2.911095387
5.661,2.945427187
5.6612,2.876396052
5.6614,2.979630166
5.6616,2.84170254
5.6618,2.910480401
5.662,2.97925244
5.6622,2.910234407
5.6624,2.944556017
5.6626,2.909988413
5.6628,2.978748805
5.663,2.909742419
5.6632,2.909619422
5.6634,2.978371079
5.6636,2.874937556
5.6638,2.90925043
5.664,3.046859272
5.6642,2.909004436
5.6644,2.908881439
5.6646,2.977615627
5.6648,2.874208309
5.665,3.01178949
5.6652,2.873965226
5.6654,2.908266454
5.6656,2.94256477
5.6658,2.839180745
5.666,2.907897462
5.6662,3.114276139
5.6664,2.838820489
5.6666,2.941942505
5.6668,2.907405474
5.667,2.907282477
5.6672,2.941569147
5.6674,2.907036483
5.6676,2.941320241
5.6678,2.906790488
5.668,2.941071335
5.6682,2.906544494
5.6684,2.906421497
5.6686,2.837499548
5.6688,2.837379463
5.669,2.906052506
5.6692,2.8715344
5.6694,2.940200165
5.6696,2.836899121
5.6698,2.871169776
5.67,2.90543752
5.6702,2.905314523
5.6704,2.870805153
5.6706,2.973838365
5.6708,2.904945532
5.671,2.836058523
5.6712,2.904699538
5.6714,2.938955635
5.6716,2.904453543
5.6718,3.144963826
5.672,2.904207549
5.6722,2.869711281
5.6724,2.972705186
5.6726,2.972579277
5.6728,2.938084465
5.673,2.869225116
5.6732,2.903469567
5.6734,2.972075642
5.6736,2.937586653
5.6738,2.903100575
5.674,2.902977578
5.6742,2.971572008
5.6744,2.971446099
5.6746,2.902608587
5.6748,2.936839936
5.675,2.868009703
5.6752,2.93659103
5.6754,2.902116599
5.6756,2.901993601
5.6758,2.936217671
5.676,2.936093218
5.6762,2.97031292
5.6764,2.901501613
5.6766,2.901378616
5.6768,2.901255619
5.677,2.901132622
5.6772,2.935346501
5.6774,3.175569987
5.6776,2.866429666
5.6778,2.934973142
5.678,2.831855531
5.6782,2.969053833
5.6784,2.83161536
5.6786,2.831495275
5.6788,2.831375189
5.679,2.899902651
5.6792,2.934101972
5.6794,2.96829838
5.6796,2.830894848
5.6798,2.830774762
5.68,2.899287665
5.6802,2.899164668
5.6804,2.933355254
5.6806,2.898918674
5.6808,2.933106348
5.681,2.864363465
5.6812,2.932857442
5.6814,2.898426686
5.6816,2.863998841
5.6818,2.863877299
5.682,2.829453822
5.6822,2.897934697
5.6824,2.829213651
5.6826,2.966283841
5.6828,2.897565706
5.683,3.103210651
5.6832,2.897319712
5.6834,2.862904969
5.6836,2.794202849
5.6838,2.89695072
5.684,2.828252967
5.6842,2.828132882
5.6844,2.828012796
5.6846,2.862175721
5.6848,2.896335735
5.685,2.82765254
5.6852,2.896089741
5.6854,2.827412369
5.6856,2.895843746
5.6858,2.827172198
5.686,2.827052113
5.6862,2.792660663
5.6864,2.826811942
5.6866,2.895228761
5.6868,2.929372761
5.687,2.860717226
5.6872,2.89485977
5.6874,2.894736773
5.6876,2.826091429
5.6878,2.894490778
5.688,2.791592996
5.6882,2.92850159
5.6884,2.825611087
5.6886,3.099522156
5.6888,2.756866039
5.689,2.756748865
5.6892,2.825130745
5.6894,2.859258731
5.6896,2.824890574
5.6898,2.824770489
5.69,2.756162996
5.6902,2.858772565
5.6904,2.79016944
5.6906,2.892768819
5.6908,2.789932181
5.691,2.8582864
5.6912,2.82392989
5.6914,2.823809805
5.6916,2.892153833
5.6918,2.755108432
5.692,2.754991258
5.6922,2.891784842
5.6924,2.75475691
5.6926,2.823089292
5.6928,2.822969207
5.693,2.788627255
5.6932,2.788508625
5.6934,2.82260895
5.6936,2.788271366
5.6938,2.788152736
5.694,2.719604932
5.6942,3.164259922
5.6944,2.753585172
5.6946,2.821888437
5.6948,2.753350824
5.695,2.75323365
5.6952,2.787322329
5.6954,2.752999303
5.6956,2.787085069
5.6958,2.855369409
5.696,2.752647781
5.6962,2.786729181
5.6964,2.752413433
5.6966,2.786491921
5.6968,2.820567497
5.697,2.786254662
5.6972,2.820327326
5.6974,2.683447888
5.6976,2.75171039
5.6978,2.71740629
5.698,2.717290572
5.6982,2.785542884
5.6984,2.785424254
5.6986,2.751124521
5.6988,2.751007347
5.699,2.819246557
5.6992,2.750773
5.6994,2.716480546
5.6996,2.750538652
5.6998,3.023800427
5.7,2.681962479
5.7002,2.750187131
5.7004,2.715901956
5.7006,2.715786238
5.7008,2.68150543
5.701,2.681391168
5.7012,2.817925617
5.7014,2.715323366
5.7016,2.78352618
5.7018,2.680934119
5.702,2.749132566
5.7022,2.851480088
5.7024,2.748898218
5.7026,2.817085019
5.7028,2.680362808
5.703,2.748546697
5.7032,2.748429523
5.7034,2.714166185
5.7036,2.748195175
5.7038,2.748078002
5.704,2.81624442
5.7042,2.747843654
5.7044,2.74772648
5.7046,2.850021593
5.7048,2.781628105
5.705,2.713240441
5.7052,2.747257785
5.7054,3.088456668
5.7056,2.883544036
5.7058,2.815163651
5.706,2.746789089
5.7062,2.81492348
5.7064,2.746554742
5.7066,2.746437568
5.7068,2.814563224
5.707,2.74620322
5.7072,2.848441556
5.7074,2.78008592
5.7076,2.77996729
5.7078,2.813962796
5.708,2.745617351
5.7082,2.881945074
5.7084,2.745383003
5.7086,2.745265829
5.7088,2.745148656
5.709,2.745031482
5.7092,2.813122198
5.7094,2.744797134
5.7096,2.74467996
5.7098,2.676363631
5.71,2.710347491
5.7102,2.744328439
5.7104,2.744211265
5.7106,2.744094091
5.7108,2.743976917
5.711,2.437042158
5.7112,2.675563796
5.7114,2.675449533
5.7116,2.641248796
5.7118,2.743391048
5.712,2.606939619
5.7122,2.709074592
5.7124,2.674878222
5.7126,2.742922353
5.7128,2.742805179
5.713,2.640459151
5.7132,2.674421174
5.7134,2.708380284
5.7136,2.708264566
5.7138,2.605937464
5.714,2.605826114
5.7142,2.605714763
5.7144,2.605603412
5.7146,2.673621338
5.7148,2.673507076
5.715,2.639331087
5.7152,2.741399093
5.7154,2.639105474
5.7156,2.673050027
5.7158,2.638879862
5.716,2.672821503
5.7162,2.638654249
5.7164,2.74069605
5.7166,2.400078076
5.7168,2.63831583
5.717,2.70629736
5.7172,2.638090217
5.7174,2.53584464
5.7176,2.569779002
5.7178,2.671793143
5.718,2.603599102
5.7182,2.637526185
5.7184,2.637413379
5.7186,2.60326505
5.7188,2.637187766
5.719,2.569009739
5.7192,2.602930999
5.7194,2.670879045
5.7196,2.670764783
5.7198,2.602596947
5.72,2.602485596
5.7202,2.636398121
5.7204,2.602262895
5.7206,2.670193472
5.7208,2.636059702
5.721,2.669964948
5.7212,2.669850685
5.7214,2.567691002
5.7216,2.601594792
5.7218,2.567471212
5.722,2.601372091
5.7222,2.499232788
5.7224,2.669165112
5.7226,2.601038039
5.7228,2.634931638
5.723,2.702825819
5.7232,2.736712139
5.7234,2.634593219
5.7236,2.702478665
5.7238,2.736360618
5.724,2.702247229
5.7242,2.73612627
5.7244,2.66802249
5.7246,2.735891922
5.7248,2.701784357
5.725,2.667679703
5.7252,2.667565441
5.7254,2.667451179
5.7256,2.667336917
5.7258,2.59925643
5.726,2.599145079
5.7262,2.700974331
5.7264,2.598922378
5.7266,2.666765606
5.7268,2.63267551
5.727,2.666537081
5.7272,2.666422819
5.7274,2.564394159
5.7276,2.632224285
5.7278,2.666080033
5.728,2.564064475
5.7282,2.631885865
5.7284,2.631773059
5.7286,2.631660253
5.7288,2.597586171
5.729,2.597474821
5.7292,2.59736347
5.7294,2.665165935
5.7296,2.665051673
5.7298,2.597029418
5.73,2.529012987
5.7302,2.596806717
5.7304,2.596695367
5.7306,2.800273053
5.7308,2.664366099
5.731,2.562416054
5.7312,2.63019377
5.7314,2.697965662
5.7316,2.629968157
5.7318,2.595915913
5.732,2.527928597
5.7322,2.595693211
5.7324,2.56164679
5.7326,2.52760328
5.7328,2.59535916
5.733,2.595247809
5.7332,2.595136459
5.7334,2.493241733
5.7336,2.594913757
5.7338,2.628727287
5.734,2.526844208
5.7342,2.594579706
5.7344,2.594468355
5.7346,2.594357005
5.7348,2.526410452
5.735,2.526302013
5.7352,2.560108264
5.7354,2.593911602
5.7356,2.559888474
5.7358,2.559778579
5.736,2.525759818
5.7362,2.79691066
5.7364,2.491636986
5.7366,2.661052496
5.7368,2.457519978
5.737,2.525217624
5.7372,2.457308923
5.7374,2.626696772
5.7376,2.660481184
5.7378,2.660366922
5.738,2.558569737
5.7382,2.592352694
5.7384,2.558349948
5.7386,2.592129993
5.7388,2.524241673
5.739,2.727455406
5.7392,2.557910369
5.7394,2.591684591
5.7396,2.557690579
5.7398,2.59146189
5.74,2.52359104
5.7402,2.523482601
5.7404,2.625004676
5.7406,2.557141105
5.7408,2.590905137
5.741,2.624666257
5.7412,2.590682436
5.7414,2.624440644
5.7416,2.556591631
5.7418,2.556481737
5.742,2.590237033
5.7422,2.556261947
5.7424,2.556152052
5.7426,2.522181333
5.7428,2.454354158
5.743,2.58968028
5.7432,2.521856017
5.7434,2.521747578
5.7436,2.453932049
5.7438,2.589234878
5.744,2.589123528
5.7442,2.622861354
5.7444,2.555053105
5.7446,2.419558147
5.7448,2.520988505
5.745,2.487036712
5.7452,2.486929729
5.7454,2.554503631
5.7456,2.419037789
5.7458,2.452771249
5.746,2.486501796
5.7462,2.520229432
5.7464,2.520120993
5.7466,2.452349139
5.7468,2.486073864
5.747,2.452138085
5.7472,2.519687238
5.7474,2.587230568
5.7476,2.451821503
5.7478,2.451715976
5.748,2.451610448
5.7482,2.519145043
5.7484,2.451399394
5.7486,2.451293866
5.7488,2.518819726
5.749,2.451082812
5.7492,2.518602848
5.7494,2.518494409
5.7496,2.45076623
5.7498,2.484469117
5.75,2.518169093
5.7502,2.382838642
5.7504,2.585560309
5.7506,2.517843776
5.7508,2.517735337
5.751,2.450027539
5.7512,2.449922011
5.7514,2.314629412
5.7516,2.449710957
5.7518,2.584780855
5.752,2.517084703
5.7522,2.516976264
5.7524,2.483078336
5.7526,2.516759386
5.7528,2.48286437
5.753,2.448972266
5.7532,2.482650404
5.7534,2.516325631
5.7536,2.448655684
5.7538,2.482329454
5.754,2.549778157
5.7542,2.515891875
5.7544,2.650883159
5.7546,2.515674997
5.7548,2.549338578
5.755,2.515458119
5.7552,2.51534968
5.7554,2.650311848
5.7556,2.447600411
5.7558,2.143612223
5.756,2.514915924
5.7562,2.481045657
5.7564,2.582219792
5.7566,2.480831691
5.7568,2.581997091
5.757,2.51437373
5.7572,2.514265291
5.7574,2.514156852
5.7576,2.547800051
5.7578,2.581440338
5.758,2.513831535
5.7582,2.446228555
5.7584,2.513614657
5.7586,2.648483653
5.7588,2.445911974
5.759,2.479547893
5.7592,2.513180901
5.7594,2.648026604
5.7596,2.512964023
5.7598,2.479119961
5.76,2.479012978
5.7602,2.512638707
5.7604,2.512530268
5.7606,2.478692028
5.7608,2.51231339
5.761,2.478478062
5.7612,2.444645646
5.7614,2.444540119
5.7616,2.41071207
5.7618,2.376886933
5.762,2.511662756
5.7622,2.410399855
5.7624,2.511445878
5.7626,2.443906955
5.7628,2.443801427
5.763,2.477408231
5.7632,2.376168623
5.7634,2.409775426
5.7636,2.443379318
5.7638,2.443273791
5.764,2.409463212
5.7642,2.476766332
5.7644,2.476659349
5.7646,2.375450313
5.7648,2.442746154
5.765,2.375245082
5.7652,2.476231416
5.7654,2.442429572
5.7656,2.34124383
5.7658,2.442218518
5.766,2.44211299
5.7662,2.475696501
5.7664,2.441901936
5.7666,2.711285417
5.7668,2.374321541
5.767,2.10475321
5.7672,2.407798068
5.7674,2.441374299
5.7676,2.407589925
5.7678,2.441163245
5.768,2.441057717
5.7682,2.272579793
5.7684,2.440846663
5.7686,2.407069568
5.7688,2.406965496
5.769,2.406861425
5.7692,2.440424553
5.7694,2.406653282
5.7696,2.40654921
5.7698,2.473770804
5.77,2.473663821
5.7702,2.439896917
5.7704,2.473449855
5.7706,2.406028853
5.7708,2.439580335
5.771,2.439474808
5.7712,2.473021923
5.7714,2.472914939
5.7716,2.439158226
5.7718,2.405404424
5.772,2.506240809
5.7722,2.438841644
5.7724,2.438736117
5.7726,2.203133429
5.7728,2.472166058
5.773,2.505698614
5.7732,2.404675923
5.7734,2.370935224
5.7736,2.438102953
5.7738,2.538898576
5.774,2.538788681
5.7742,2.404155566
5.7744,2.773974335
5.7746,2.504831103
5.7748,2.437469789
5.775,2.470989243
5.7752,2.437258734
5.7754,2.538019418
5.7756,2.43704768
5.7758,2.571418786
5.776,2.436836625
5.7762,2.436731098
5.7764,2.503855152
5.7766,2.436520043
5.7768,2.503638274
5.777,2.503529835
5.7772,2.436203461
5.7774,2.503312958
5.7776,2.40238635
5.7778,2.469491479
5.778,2.435781352
5.7782,2.368472447
5.7784,2.46917053
5.7786,2.502662324
5.7788,2.435359243
5.779,2.502445446
5.7792,2.334364959
5.7794,2.468635614
5.7796,2.434937133
5.7798,2.434831606
5.78,2.434726079
5.7802,2.401033421
5.7804,2.468100699
5.7806,2.33365684
5.7808,2.43430397
5.781,2.534942364
5.7812,2.400513064
5.7814,2.467565783
5.7816,2.333151041
5.7818,2.333049881
5.782,2.400096778
5.7822,2.399992706
5.7824,2.399888635
5.7826,2.433354224
5.7828,2.399680492
5.783,2.366009671
5.7832,2.365907055
5.7834,2.432932115
5.7836,2.399264206
5.7838,2.264916431
5.784,2.399056063
5.7842,2.398951991
5.7844,2.39884792
5.7846,2.331633643
5.7848,2.398639777
5.785,2.398535705
5.7852,2.398431634
5.7854,2.431876841
5.7856,2.364675667
5.7858,2.431665787
5.786,2.330925524
5.7862,2.330824364
5.7864,2.431349205
5.7866,2.498324766
5.7868,2.397599062
5.787,2.330419725
5.7872,2.397390919
5.7874,2.430821568
5.7876,2.330116245
5.7878,2.397078704
5.788,2.396974633
5.7882,2.430399459
5.7884,2.39676649
5.7886,2.430188404
5.7888,2.363033816
5.789,2.362931201
5.7892,2.329306966
5.7894,2.262165481
5.7896,2.362623354
5.7898,2.396037989
5.79,2.395933918
5.7902,2.395829846
5.7904,2.328700007
5.7906,2.362110275
5.7908,2.36200766
5.791,2.428922077
5.7912,2.395309489
5.7914,2.395205417
5.7916,2.361597197
5.7918,2.327991888
5.792,2.361391966
5.7922,2.327789568
5.7924,2.294190083
5.7926,2.394580988
5.7928,2.394476917
5.793,2.394372845
5.7932,2.394268774
5.7934,2.427655749
5.7936,2.36057104
5.7938,2.360468424
5.794,2.427339167
5.7942,2.360263193
5.7944,2.293193042
5.7946,2.393540273
5.7948,2.32647449
5.795,1.991579329
5.7952,2.32627217
5.7954,2.359647499
5.7956,2.292594818
5.7958,2.325968691
5.796,2.392811773
5.7962,2.359237036
5.7964,2.359134421
5.7966,2.325564051
5.7968,2.358929189
5.797,2.358826574
5.7972,2.325260572
5.7974,2.358621342
5.7976,2.325058252
5.7978,2.425334148
5.798,2.324855932
5.7982,2.35821088
5.7984,2.324653613
5.7986,2.358005648
5.7988,2.324451293
5.799,2.324350133
5.7992,2.391146629
5.7994,2.357595186
5.7996,2.35749257
5.7998,2.323945494
5.8,2.323844334
5.8002,2.390626272
5.8004,2.323642014
5.8006,2.557611315
5.8008,2.323439694
5.801,2.35677426
5.8012,2.356671644
5.8014,2.323136215
5.8016,2.323035055
5.8018,2.322933895
5.802,2.322832735
5.8022,2.356158566
5.8024,2.389481485
5.8026,2.322529256
5.8028,2.322428096
5.803,2.389169271
5.8032,2.355645488
5.8034,2.422379384
5.8036,2.388857056
5.8038,2.355337641
5.804,2.355235025
5.8042,2.355132409
5.8044,2.38844077
5.8046,2.42174622
5.8048,2.254600367
5.805,2.421535165
5.8052,2.25440387
5.8054,2.387920413
5.8056,2.3544141
5.8058,2.320910698
5.806,2.320809538
5.8062,2.420902001
5.8064,2.387400055
5.8066,2.320506058
5.8068,2.387191912
5.807,2.387087841
5.8072,2.420374365
5.8074,2.320101419
5.8076,2.320000259
5.8078,2.353285327
5.808,2.353182711
5.8082,2.386463412
5.8084,2.35297748
5.8086,2.31949446
5.8088,2.3193933
5.809,2.419424619
5.8092,2.385943054
5.8094,2.31908982
5.8096,2.385734911
5.8098,2.318887501
5.81,2.318786341
5.8102,2.318685181
5.8104,2.285216719
5.8106,2.351848708
5.8108,2.385110483
5.811,2.284917607
5.8112,2.318179382
5.8114,2.251358175
5.8116,2.317977062
5.8118,1.917590563
5.812,2.317774742
5.8122,2.250965182
5.8124,2.317572422
5.8126,2.317471263
5.8128,2.250670438
5.813,2.317268943
5.8132,2.1837801
5.8134,2.250375693
5.8136,2.216933436
5.8138,2.18349409
5.814,2.250080948
5.8142,2.383341267
5.8144,2.249884452
5.8146,2.349796394
5.8148,2.249687955
5.815,2.249589707
5.8152,2.249491459
5.8154,2.282724118
5.8156,2.349283316
5.8158,2.315852705
5.816,2.282425005
5.8162,2.182350051
5.8164,2.282225597
5.8166,2.215481549
5.8168,2.315346905
5.817,2.248607225
5.8172,2.181873368
5.8174,2.348359775
5.8176,2.24831248
5.8178,2.181587358
5.818,2.214804003
5.8182,2.21470721
5.8184,2.247919487
5.8186,2.247821239
5.8188,2.247722991
5.819,2.280929445
5.8192,2.247526494
5.8194,2.314031827
5.8196,2.247329998
5.8198,2.24723175
5.82,2.313728348
5.8202,2.346923155
5.8204,2.180347982
5.8206,2.313424868
5.8208,2.213448909
5.821,2.180061972
5.8212,2.246544012
5.8214,2.279732996
5.8216,2.246347516
5.8218,2.246249267
5.822,2.279433884
5.8222,2.246052771
5.8224,2.245954523
5.8226,2.245856274
5.8228,2.279035068
5.823,2.378762121
5.8232,2.31210979
5.8234,2.278735956
5.8236,2.31190747
5.8238,2.245266785
5.824,2.278436844
5.8242,2.311603991
5.8244,2.24497204
5.8246,2.311401671
5.8248,2.278038027
5.825,2.311199351
5.8252,2.311098191
5.8254,2.244480799
5.8256,2.244382551
5.8258,2.310794712
5.826,2.244186055
5.8262,2.210835514
5.8264,2.177487884
5.8266,2.24389131
5.8268,2.210545136
5.827,2.243694813
5.8272,2.243596565
5.8274,2.177011201
5.8276,2.276642171
5.8278,2.243301821
5.828,2.243203572
5.8282,2.209867589
5.8284,2.276243355
5.8286,2.176439182
5.8288,2.209577212
5.829,2.242712331
5.8292,2.10969226
5.8294,2.242515835
5.8296,2.175962499
5.8298,2.175867162
5.83,2.24222109
5.8302,2.242122842
5.8304,2.308468035
5.8306,2.20870608
5.8308,2.175390479
5.831,2.175295142
5.8312,2.208415703
5.8314,2.108675586
5.8316,2.241435104
5.8318,2.174913796
5.832,2.141608385
5.8322,2.141514504
5.8324,2.241042111
5.8326,2.17453245
5.8328,2.108028611
5.833,2.207544572
5.8332,2.1410451
5.8334,2.174151103
5.8336,2.174055767
5.8338,2.17396043
5.834,2.173865093
5.8342,1.841829155
5.8344,2.107289211
5.8346,2.206770232
5.8348,2.173483747
5.835,2.17338841
5.8352,2.173293074
5.8354,2.106827086
5.8356,2.20628627
5.8358,2.106642236
5.836,2.206092685
5.8362,2.139636888
5.8364,2.172721054
5.8366,2.238978898
5.8368,2.106180112
5.837,2.172435044
5.8372,2.172339708
5.8374,2.105902837
5.8376,2.172149035
5.8378,2.105717987
5.838,2.138791961
5.8382,2.171863025
5.8384,2.171767688
5.8386,2.237996416
5.8388,2.105255862
5.839,2.23779992
5.8392,2.138228677
5.8394,2.171291005
5.8396,2.204350422
5.8398,1.806414061
5.84,2.171004996
5.8402,2.170909659
5.8404,2.137665392
5.8406,2.237013934
5.8408,2.104331612
5.841,2.104239187
5.8412,2.170432976
5.8414,2.137195988
5.8416,2.170242303
5.8418,2.170146966
5.842,2.136914346
5.8422,2.103684637
5.8424,2.169860956
5.8426,2.103499788
5.8428,2.136538823
5.843,2.235834955
5.8432,2.16947961
5.8434,2.13625718
5.8436,2.169288937
5.8438,2.1691936
5.844,2.202220989
5.8442,2.135881657
5.8444,2.135787776
5.8446,2.102575538
5.8448,2.102483113
5.845,2.168621581
5.8452,2.168526244
5.8454,2.069093304
5.8456,2.168335571
5.8458,2.135130611
5.846,2.168144898
5.8462,2.168049561
5.8464,2.101743713
5.8466,2.200962687
5.8468,2.101558863
5.847,2.200769103
5.8472,2.167572878
5.8474,2.134379565
5.8476,2.167382205
5.8478,2.134191803
5.848,2.101004313
5.8482,2.001635429
5.8484,2.167000858
5.8486,2.199994763
5.8488,2.166810185
5.849,2.133628518
5.8492,2.166619512
5.8494,2.100357339
5.8496,2.100264914
5.8498,2.133252995
5.85,2.133159115
5.8502,2.133065234
5.8504,2.166047492
5.8506,2.232101522
5.8508,2.132783591
5.851,2.099617939
5.8512,2.099525514
5.8514,2.132501949
5.8516,2.165475473
5.8518,2.165380136
5.852,2.132220307
5.8522,2.066000352
5.8524,2.065909383
5.8526,2.098878539
5.8528,2.065727445
5.853,2.098693689
5.8532,2.230824295
5.8534,2.098508839
5.8536,2.164522107
5.8538,2.098323989
5.854,2.06518163
5.8542,2.065090661
5.8544,2.164140761
5.8546,2.164045424
5.8548,2.097861865
5.855,2.09776944
5.8552,2.163759414
5.8554,2.163664078
5.8556,2.097492165
5.8558,2.09739974
5.856,2.097307315
5.8562,2.09721489
5.8564,2.06409
5.8566,2.196123067
5.8568,2.162996721
5.857,2.162901385
5.8572,2.129779406
5.8574,2.129685526
5.8576,2.195639105
5.8578,2.162520038
5.858,2.162424702
5.8582,2.129310002
5.8584,2.096198215
5.8586,2.129122241
5.8588,2.096013365
5.859,2.128934479
5.8592,2.095828515
5.8594,2.128746718
5.8596,2.161662009
5.8598,2.062543525
5.86,2.161471336
5.8602,2.161375999
5.8604,2.161280663
5.8606,2.095181541
5.8608,2.161089989
5.861,2.127995672
5.8612,2.160899316
5.8614,2.12780791
5.8616,2.094719416
5.8618,2.028640676
5.862,2.094534566
5.8622,2.127432387
5.8624,2.160327297
5.8626,2.061269957
5.8628,2.028193109
5.863,2.160041287
5.8632,2.060997049
5.8634,2.06090608
5.8636,2.126775221
5.8638,2.093702741
5.864,2.093610316
5.8642,2.093517891
5.8644,2.093425466
5.8646,2.159278594
5.8648,2.093240616
5.865,2.060178327
5.8652,2.093055766
5.8654,2.125930294
5.8656,2.092870917
5.8658,2.05981445
5.866,2.158611238
5.8662,2.092593642
5.8664,2.12546089
5.8666,2.12536701
5.8668,2.026402842
5.867,2.125179248
5.8672,2.092131517
5.8674,2.026134302
5.8676,2.091946667
5.8678,2.025955276
5.868,2.05881379
5.8682,2.025776249
5.8684,2.157467199
5.8686,2.091484542
5.8688,2.025507709
5.869,2.091299692
5.8692,2.091207267
5.8694,2.124052679
5.8696,2.058086036
5.8698,2.057995067
5.87,2.024970629
5.8702,2.090745142
5.8704,2.024791602
5.8706,2.090560292
5.8708,2.123395513
5.871,2.090375442
5.8712,2.123207752
5.8714,2.123113871
5.8716,2.090098168
5.8718,2.155846477
5.872,2.024075496
5.8722,2.089820893
5.8724,2.089728468
5.8726,2.023806956
5.8728,2.089543618
5.873,2.056539561
5.8732,2.122268944
5.8734,2.122175063
5.8736,2.122081182
5.8738,2.056175684
5.874,2.088989068
5.8742,2.088896643
5.8744,2.121705659
5.8746,2.055811808
5.8748,2.088619368
5.875,2.022732796
5.8752,2.088434518
5.8754,2.055447931
5.8756,2.088249668
5.8758,2.153939745
5.876,2.055175024
5.8762,2.087972393
5.8764,2.120766851
5.8766,2.087787543
5.8768,2.153463062
5.877,2.054720178
5.8772,2.087510269
5.8774,2.05453824
5.8776,2.087325419
5.8778,2.087232994
5.878,2.021390096
5.8782,2.021300582
5.8784,1.955466419
5.8786,2.119734163
5.8788,2.053901456
5.879,2.020942529
5.8792,2.053719517
5.8794,1.987898457
5.8796,1.987810399
5.8798,2.086308744
5.88,2.020494962
5.8802,2.053264672
5.8804,2.020315936
5.8806,2.020226422
5.8808,2.052991764
5.881,2.020047396
5.8812,2.019957882
5.8814,2.019868369
5.8816,2.019778856
5.8818,1.95399419
5.882,1.953907589
5.8822,1.986665651
5.8824,2.019420802
5.8826,2.052173042
5.8828,2.084922369
5.883,2.051991103
5.8832,2.051900134
5.8834,2.018973236
5.8836,2.08455267
5.8838,2.018794209
5.884,2.018704696
5.8842,2.018615182
5.8844,2.018525669
5.8846,2.018436156
5.8848,1.985520904
5.885,1.952608563
5.8852,2.050990443
5.8854,2.018078102
5.8856,2.017988589
5.8858,2.083535995
5.886,2.017809562
5.8862,2.017720049
5.8864,2.017630536
5.8866,2.017541022
5.8868,2.08307387
5.887,2.082981445
5.8872,2.115697289
5.8874,2.049989782
5.8876,2.017093456
5.8878,2.017003942
5.888,1.951309538
5.8882,2.115227885
5.8884,2.016735402
5.8886,2.049443967
5.8888,1.983759753
5.889,2.016466862
5.8892,1.950789928
5.8894,1.983495581
5.8896,1.983407523
5.8898,2.048898152
5.89,2.016019296
5.8902,2.081502646
5.8904,2.146980173
5.8906,2.081317796
5.8908,2.015661242
5.891,1.950010512
5.8912,2.081040521
5.8914,2.015392702
5.8916,1.982526948
5.8918,2.015213676
5.892,2.047897492
5.8922,2.080578396
5.8924,1.982174718
5.8926,2.080393546
5.8928,2.014766109
5.893,2.014676596
5.8932,2.047351677
5.8934,2.080023846
5.8936,2.014408056
5.8938,2.079838996
5.894,2.014229029
5.8942,2.046896831
5.8944,2.046805862
5.8946,1.948451682
5.8948,2.013870976
5.895,1.98102997
5.8952,2.046441985
5.8954,2.079099597
5.8956,1.948018673
5.8958,2.013423409
5.896,1.882357044
5.8962,2.04598714
5.8964,1.980413568
5.8966,1.947585665
5.8968,2.012975842
5.897,2.045623263
5.8972,2.012796816
5.8974,1.914505235
5.8976,1.947152656
5.8978,1.979797165
5.898,1.946979453
5.8982,1.946892851
5.8984,1.946806249
5.8986,1.946719648
5.8988,2.012080709
5.899,2.011991196
5.8992,1.946459842
5.8994,2.011812169
5.8996,1.946286639
5.8998,1.97891659
5.9,2.011543629
5.9002,2.044167757
5.9004,1.945940232
5.9006,1.945853631
5.9008,2.043894849
5.901,1.945680427
5.9012,2.011006549
5.9014,2.010917036
5.9016,1.945420622
5.9018,1.94533402
5.902,1.945247419
5.9022,2.010558982
5.9024,1.977771842
5.9026,1.977683785
5.9028,2.075679873
5.903,2.042894189
5.9032,2.042803219
5.9034,2.010021902
5.9036,2.009932389
5.9038,2.042530312
5.904,1.977067382
5.9042,2.075032898
5.9044,1.976891267
5.9046,1.976803209
5.9048,1.976715152
5.905,2.009305796
5.9052,2.009216282
5.9054,1.976450979
5.9056,1.943688588
5.9058,1.976274864
5.906,2.008858229
5.9062,2.008768716
5.9064,1.976010692
5.9066,1.975922634
5.9068,2.073831374
5.907,1.943082376
5.9072,2.008321149
5.9074,2.073554099
5.9076,1.942822571
5.9078,2.008052609
5.908,1.942649368
5.9082,2.040528991
5.9084,1.942476164
5.9086,1.942389562
5.9088,2.007605042
5.909,1.942216359
5.9092,2.007426016
5.9094,1.942043156
5.9096,1.941956554
5.9098,1.974513714
5.91,1.941783351
5.9102,1.974337599
5.9104,2.03952833
5.9106,1.941523545
5.9108,1.941436944
5.911,1.908715315
5.9112,1.94126374
5.9114,1.973809254
5.9116,1.908459878
5.9118,1.941003935
5.912,1.940917334
5.9122,1.973457024
5.9124,2.005993802
5.9126,1.973280909
5.9128,1.940570927
5.913,1.875243388
5.9132,1.809921672
5.9134,1.875076008
5.9136,1.809760115
5.9138,1.874908627
5.914,1.940051317
5.9142,1.874741247
5.9144,1.939878113
5.9146,1.874573867
5.9148,1.93970491
5.915,1.874406487
5.9152,1.939531706
5.9154,1.939445105
5.9156,1.874155417
5.9158,2.004472076
5.916,1.841389405
5.9162,1.873904347
5.9164,1.939012096
5.9166,1.873736966
5.9168,1.906246085
5.917,1.938752291
5.9172,1.938665689
5.9174,1.938579088
5.9176,1.905905501
5.9178,1.905820355
5.918,1.873151136
5.9182,1.905650063
5.9184,1.840402594
5.9186,1.938059477
5.9188,1.872816376
5.919,1.970463068
5.9192,2.002950349
5.9194,1.937713071
5.9196,1.872481615
5.9198,1.970110838
5.92,1.90488375
5.9202,1.872230545
5.9204,1.904713459
5.9206,1.93719346
5.9208,1.937106859
5.921,1.937020257
5.9212,1.839251315
5.9214,1.936847054
5.9216,1.936760452
5.9218,2.001786676
5.922,1.904032292
5.9222,1.969054148
5.9224,1.936414045
5.9226,1.838675675
5.9228,1.968789975
5.923,1.903606562
5.9232,1.870975194
5.9234,1.90343627
5.9236,1.968437745
5.9238,1.935807833
5.924,1.935721231
5.9242,1.870556744
5.9244,1.805398079
5.9246,1.870389364
5.9248,1.902840249
5.925,1.902755103
5.9252,1.935201621
5.9254,1.902584811
5.9256,1.869970913
5.9258,1.934941816
5.926,1.967381055
5.9262,1.934768613
5.9264,1.934682011
5.9266,1.869552463
5.9268,1.869468773
5.927,1.934422206
5.9272,1.869301393
5.9274,1.934249003
5.9276,1.901648207
5.9278,1.934075799
5.928,1.901477915
5.9282,1.933902596
5.9284,1.868799252
5.9286,1.901222477
5.9288,1.836126413
5.929,1.868548182
5.9292,1.770956849
5.9294,1.803378619
5.9296,1.868297112
5.9298,1.803217062
5.93,1.868129732
5.9302,1.868046042
5.9304,1.802974726
5.9306,1.867878662
5.9308,1.835304071
5.931,1.867711281
5.9312,1.900115581
5.9314,1.900030435
5.9316,1.834975133
5.9318,1.867376521
5.932,1.834810665
5.9322,1.834728431
5.9324,1.802166942
5.9326,1.769608364
5.9328,1.802005385
5.933,1.801924607
5.9332,1.801843828
5.9334,1.866707001
5.9336,1.834152791
5.9338,1.834070557
5.934,1.86645593
5.9342,1.833906088
5.9344,1.833823854
5.9346,1.86620486
5.9348,1.93104474
5.935,1.801116822
5.9352,1.833494917
5.9354,1.833412683
5.9356,1.833330448
5.9358,1.86570272
5.936,1.83316598
5.9362,1.86553534
5.9364,1.897901788
5.9366,1.800470595
5.9368,1.865284269
5.937,1.800309038
5.9372,1.832672574
5.9374,1.735261762
5.9376,1.864949509
5.9378,1.962185662
5.938,1.799905146
5.9382,1.864698439
5.9384,1.864614749
5.9386,1.864531059
5.9388,1.864447369
5.939,1.799501254
5.9392,1.799420475
5.9394,1.864196299
5.9396,1.831685763
5.9398,1.79917814
5.94,1.799097361
5.9402,1.863861538
5.9404,1.89619887
5.9406,1.896113724
5.9408,1.863610468
5.941,1.928360087
5.9412,1.831027889
5.9414,1.830945655
5.9416,1.863275708
5.9418,1.830781187
5.942,1.863108328
5.9422,1.863024638
5.9424,1.862940948
5.9426,1.798047242
5.9428,1.862773567
5.943,1.797885685
5.9432,1.862606187
5.9434,1.862522497
5.9436,1.797643349
5.9438,1.829958844
5.944,1.797481793
5.9442,1.829794376
5.9444,1.894495952
5.9446,1.829629907
5.9448,1.732380691
5.945,1.764690362
5.9452,1.796997122
5.9454,1.764531717
5.9456,1.764452394
5.9458,1.861518216
5.946,1.796674008
5.9462,1.79659323
5.9464,1.731757756
5.9466,1.828807564
5.9468,1.861099766
5.947,1.796270116
5.9472,1.828560862
5.9474,1.731368422
5.9476,1.796027781
5.9478,1.795947002
5.948,1.795866224
5.9482,1.7634212
5.9484,1.763341877
5.9486,1.827985222
5.9488,1.79554311
5.949,1.795462332
5.9492,1.795381553
5.9494,1.795300775
5.9496,1.795219996
5.9498,1.73043402
5.95,1.795058439
5.9502,1.794977661
5.9504,1.794896883
5.9506,1.794816104
5.9508,1.794735326
5.951,1.794654547
5.9512,1.794573769
5.9514,1.762152038
5.9516,1.762072715
5.9518,1.729655352
5.952,1.82658724
5.9522,1.729499619
5.9524,1.826422771
5.9526,1.79400832
5.9528,1.696935257
5.953,1.858505374
5.9532,1.729110285
5.9534,1.793685206
5.9536,1.858254304
5.9538,1.728876684
5.954,1.793442871
5.9542,1.761041521
5.9544,1.793281314
5.9546,1.728565217
5.9548,1.857752163
5.955,1.793038979
5.9552,1.7929582
5.9554,1.792877422
5.9556,1.728175883
5.9558,1.728098016
5.956,1.792635086
5.9562,1.727942283
5.9564,1.792473529
5.9566,1.76008965
5.9568,1.824613618
5.957,1.792231194
5.9572,1.727552949
5.9574,1.759772359
5.9576,1.791988859
5.9578,1.79190808
5.958,1.727241481
5.9582,1.824037978
5.9584,1.759375746
5.9586,1.791584967
5.9588,1.726930014
5.959,1.79142341
5.9592,1.759058456
5.9594,1.758979133
5.9596,1.75889981
5.9598,1.72654068
5.96,1.726462813
5.9602,1.69410805
5.9604,1.75858252
5.9606,1.726229213
5.9608,1.693878817
5.961,1.758344552
5.9612,1.725995612
5.9614,1.725917746
5.9616,1.79037329
5.9618,1.693496763
5.962,1.757947939
5.9622,1.725606278
5.9624,1.790050176
5.9626,1.789969398
5.9628,1.725372678
5.963,1.725294811
5.9632,1.660706827
5.9634,1.789646284
5.9636,1.725061211
5.9638,1.692732653
5.964,1.724905477
5.9642,1.628084271
5.9644,1.789242392
5.9646,1.724671877
5.9648,1.627863773
5.965,1.7567581
5.9652,1.627716774
5.9654,1.692121365
5.9656,1.724282543
5.9658,1.691968543
5.966,1.724126809
5.9662,1.691815721
5.9664,1.69173931
5.9666,1.756123519
5.9668,1.723815342
5.967,1.723737475
5.9672,1.659207723
5.9674,1.788030715
5.9676,1.723503875
5.9678,1.626761283
5.968,1.691128022
5.9682,1.658832947
5.9684,1.723192407
5.9686,1.723114541
5.9688,1.690822378
5.969,1.722958807
5.9692,1.626246787
5.9694,1.755013002
5.9696,1.690516734
5.9698,1.72264734
5.97,1.786980596
5.9702,1.754695712
5.9704,1.786819039
5.9706,1.690134679
5.9708,1.690058268
5.971,1.786576704
5.9712,1.754299098
5.9714,1.754219776
5.9716,1.721946539
5.9718,1.754061131
5.972,1.721790805
5.9722,1.657333844
5.9724,1.721635071
5.9726,1.721557205
5.9728,1.721479338
5.973,1.817952643
5.9732,1.689141336
5.9734,1.721245737
5.9736,1.721167871
5.9738,1.688912103
5.974,1.785365027
5.9742,1.72093427
5.9744,1.68868287
5.9746,1.656434382
5.9748,1.688530048
5.975,1.752791969
5.9752,1.720544936
5.9754,1.720467069
5.9756,1.752554001
5.9758,1.720311336
5.976,1.784557243
5.9762,1.687995171
5.9764,1.68791876
5.9766,1.719999868
5.9768,1.719922002
5.977,1.687689527
5.9772,1.687613116
5.9774,1.687536705
5.9776,1.655310054
5.9778,1.687383883
5.978,1.655160144
5.9782,1.687231061
5.9784,1.783587901
5.9786,1.751364161
5.9788,1.590577313
5.979,1.719065467
5.9792,1.654710413
5.9794,1.718909733
5.9796,1.718831866
5.9798,1.654485547
5.98,1.686543362
5.9802,1.686466951
5.9804,1.750650258
5.9806,1.686314129
5.9808,1.621983824
5.981,1.621910325
5.9812,1.653960861
5.9814,1.686008486
5.9816,1.718053198
5.9818,1.621616328
5.982,1.65366104
5.9822,1.621469329
5.9824,1.685626431
5.9826,1.653436175
5.9828,1.621248831
5.983,1.653286265
5.9832,1.685320787
5.9834,1.621028333
5.9836,1.653061399
5.9838,1.685091554
5.984,1.685015143
5.9842,1.620734335
5.9844,1.620660836
5.9846,1.68478591
5.9848,1.620513837
5.985,1.716729463
5.9852,1.588271919
5.9854,1.684480266
5.9856,1.62021984
5.9858,1.62014634
5.986,1.684251033
5.9862,1.555824062
5.9864,1.619925842
5.9866,1.6840218
5.9868,1.587695571
5.987,1.683868978
5.9872,1.587551484
5.9874,1.683716156
5.9876,1.715717194
5.9878,1.715639327
5.988,1.683486923
5.9882,1.683410512
5.9884,1.683334101
5.9886,1.68325769
5.9888,1.586975136
5.989,1.683104868
5.9892,1.71509426
5.9894,1.650887699
5.9896,1.618749853
5.9898,1.650737789
5.99,1.714782792
5.9902,1.650587878
5.9904,1.714627059
5.9906,1.68249358
5.9908,1.746525482
5.991,1.650288058
5.9912,1.682264347
5.9914,1.714237725
5.9916,1.682111525
5.9918,1.778175746
5.992,1.714004124
5.9922,1.681882292
5.9924,1.713848391
5.9926,1.68172947
5.9928,1.649613461
5.993,1.71361479
5.9932,1.649463551
5.9934,1.713459057
5.9936,1.617279866
5.9938,1.617206366
5.994,1.681194593
5.9942,1.681118182
5.9944,1.64901382
5.9946,1.584885873
5.9948,1.648863909
5.995,1.648788954
5.9952,1.712758256
5.9954,1.712680389
5.9956,1.648564089
5.9958,1.712524655
5.996,1.680430483
5.9962,1.648339223
5.9964,1.616250875
5.9966,1.68020125
5.9968,1.584093394
5.997,1.616030376
5.9972,1.583949307
5.9974,1.615883378
5.9976,1.615809878
5.9978,1.519726771
5.998,1.583661133
5.9982,1.583589089
5.9984,1.647514716
5.9986,1.583445002
5.9988,1.615368882
5.999,1.583300915
5.9992,1.583228872
5.9994,1.615148384
5.9996,1.615074885
5.9998,1.615001385
6,1.678902263
6.0002,1.614854387
6.0004,1.614780887
6.0006,1.678673031
6.0008,1.646615254
6.001,1.614560389
6.0012,1.550529982
6.0014,1.614413391
6.0016,1.614339891
6.0018,1.614266392
6.002,1.614192892
6.0022,1.550177044
6.0024,1.614045894
6.0026,1.709877184
6.0028,1.645865702
6.003,1.70972145
6.0032,1.549824105
6.0034,1.613678397
6.0036,1.581643914
6.0038,1.613531398
6.004,1.613457899
6.0042,1.6133844
6.0044,1.6133109
6.0046,1.549329991
6.0048,1.581211652
6.005,1.645041195
6.0052,1.549118228
6.0054,1.612943403
6.0056,1.548977052
6.0058,1.612796405
6.006,1.612722905
6.0062,1.548765289
6.0064,1.548694701
6.0066,1.548624114
6.0068,1.548553526
6.007,1.644291644
6.0072,1.612281909
6.0074,1.61220841
6.0076,1.580203043
6.0078,1.548200587
6.008,1.675845824
6.0082,1.516131912
6.0084,1.51606278
6.0086,1.611767414
6.0088,1.547847649
6.009,1.515855384
6.0092,1.547706473
6.0094,1.611473416
6.0096,1.547565298
6.0098,1.54749471
6.01,1.515509724
6.0102,1.515440593
6.0104,1.547282947
6.0106,1.547212359
6.0108,1.515233197
6.011,1.483256946
6.0112,1.48318927
6.0114,1.546930008
6.0116,1.546859421
6.0118,1.546788833
6.012,1.546718245
6.0122,1.450952505
6.0124,1.482783213
6.0126,1.450820065
6.0128,1.482647861
6.013,1.482580185
6.0132,1.450621404
6.0134,1.482444833
6.0136,1.546153543
6.0138,1.418536005
6.014,1.577897649
6.0142,1.418406477
6.0144,1.482106452
6.0146,1.482038776
6.0148,1.418212183
6.015,1.481903424
6.0152,1.481835748
6.0154,1.41801789
6.0156,1.38607949
6.0158,1.417888361
6.016,1.481565044
6.0162,1.4496281
6.0164,1.481429692
6.0166,1.481362015
6.0168,1.417564539
6.017,1.449363218
6.0172,1.481158987
6.0174,1.512951844
6.0176,1.481023635
6.0178,1.480955959
6.018,1.480888283
6.0182,1.480820607
6.0184,1.480752931
6.0186,1.416981658
6.0188,1.480617578
6.019,1.480549902
6.0192,1.480482226
6.0194,1.416722601
6.0196,1.384813317
6.0198,1.416593072
6.02,1.416528307
6.0202,1.480143846
6.0204,1.416398778
6.0206,1.352659534
6.0208,1.511776601
6.021,1.448038813
6.0212,1.479805465
6.0214,1.511569206
6.0216,1.479670113
6.0218,1.447773932
6.022,1.479534761
6.0222,1.415815898
6.0224,1.383926996
6.0226,1.447509051
6.0228,1.511085282
6.023,1.47919638
6.0232,1.479128704
6.0234,1.415427311
6.0236,1.510808755
6.0238,1.510739623
6.024,1.478858
6.0242,1.478790324
6.0244,1.446913068
6.0246,1.415038725
6.0248,1.41497396
6.025,1.478519619
6.0252,1.478451943
6.0254,1.414779667
6.0256,1.510117435
6.0258,1.478248915
6.026,1.382787441
6.0262,1.414520609
6.0264,1.509840908
6.0266,1.41439108
6.0268,1.350742097
6.027,1.414261551
6.0272,1.477775182
6.0274,1.414132022
6.0276,1.414067258
6.0278,1.414002493
6.028,1.382154354
6.0282,1.350309127
6.0284,1.4138082
6.0286,1.47730145
6.0288,1.350123568
6.029,1.413613906
6.0292,1.508873061
6.0294,1.254618459
6.0296,1.349876157
6.0298,1.381584576
6.03,1.413290084
6.0302,1.44499268
6.0304,1.317862841
6.0306,1.349566893
6.0308,1.34950504
6.031,1.412966262
6.0312,1.349381334
6.0314,1.349319482
6.0316,1.381014799
6.0318,1.317440062
6.032,1.317379665
6.0322,1.34907207
6.0324,1.317258871
6.0326,1.317198474
6.0328,1.348886512
6.033,1.348824659
6.0332,1.348762806
6.0334,1.316956886
6.0336,1.348639101
6.0338,1.380318404
6.034,1.348515395
6.0342,1.348453542
6.0344,1.253181324
6.0346,1.348329836
6.0348,1.348267984
6.035,1.284741289
6.0352,1.348144278
6.0354,1.284623406
6.0356,1.284564465
6.0358,1.347958719
6.036,1.347896867
6.0362,1.411282386
6.0364,1.22088424
6.0366,1.347711308
6.0368,1.347649455
6.037,1.347587602
6.0372,1.315809343
6.0374,1.15717419
6.0376,1.347402044
6.0378,1.41076427
6.038,1.315567755
6.0382,1.410634741
6.0384,1.283739289
6.0386,1.283680347
6.0388,1.315326167
6.039,1.346969074
6.0392,1.410310919
6.0394,1.315144975
6.0396,1.283385641
6.0398,1.2833267
6.04,1.314963784
6.0402,1.314903387
6.0404,1.283149877
6.0406,1.409857568
6.0408,1.346412399
6.041,1.346350546
6.0412,1.314601402
6.0414,1.314541005
6.0416,1.377849366
6.0418,1.282737288
6.042,1.314359814
6.0422,1.345979429
6.0424,1.282560465
6.0426,1.409209923
6.0428,1.282442582
6.043,1.250709453
6.0432,1.2823247
6.0434,1.250594482
6.0436,1.313876638
6.0438,1.345484606
6.044,1.250422026
6.0442,1.345360901
6.0444,1.31363505
6.0446,1.281912111
6.0448,1.345175342
6.045,1.281794229
6.0452,1.345051636
6.0454,1.21836291
6.0456,1.344927931
6.0458,1.344866078
6.046,1.281499523
6.0462,1.281440582
6.0464,1.281381641
6.0466,1.281322699
6.0468,1.281263758
6.047,1.249559745
6.0472,1.281145876
6.0474,1.344371255
6.0476,1.375950107
6.0478,1.375886798
6.048,1.344185697
6.0482,1.344123844
6.0484,1.217522466
6.0486,1.280733287
6.0488,1.280674346
6.049,1.280615405
6.0492,1.280556464
6.0494,1.217242318
6.0496,1.312064728
6.0498,1.343629021
6.05,1.280320699
6.0502,1.343505316
6.0504,1.21696217
6.0506,1.311762743
6.0508,1.280084934
6.051,1.216794082
6.0512,1.406425051
6.0514,1.279908111
6.0516,1.311460758
6.0518,1.311400361
6.052,1.279731287
6.0522,1.342886787
6.0524,1.216401875
6.0526,1.279554463
6.0528,1.279495522
6.053,1.342639376
6.0532,1.310977582
6.0534,1.279318699
6.0536,1.279259757
6.0538,1.342391965
6.054,1.310735993
6.0542,1.215897609
6.0544,1.279023993
6.0546,1.373734304
6.0548,1.310494405
6.055,1.310434008
6.0552,1.341958995
6.0554,1.341897142
6.0556,1.247087874
6.0558,1.341773436
6.056,1.215393343
6.0562,1.341649731
6.0564,1.341587878
6.0566,1.246800447
6.0568,1.278316698
6.057,1.215113195
6.0572,1.309769641
6.0574,1.309709244
6.0576,1.278080934
6.0578,1.278021992
6.058,1.309528053
6.0582,1.27790411
6.0584,1.214720988
6.0586,1.309346862
6.0588,1.340845644
6.059,1.277668345
6.0592,1.277609404
6.0594,1.277550463
6.0596,1.309044877
6.0598,1.245880681
6.06,1.308924083
6.0602,1.308863686
6.0604,1.214160692
6.0606,1.277196816
6.0608,1.277137874
6.061,1.182449439
6.0612,1.277019992
6.0614,1.150800038
6.0616,1.213824515
6.0618,1.213768485
6.062,1.276784227
6.0622,1.276725286
6.0624,1.276666345
6.0626,1.276607404
6.0628,1.118898149
6.063,1.276489521
6.0632,1.244903429
6.0634,1.150268859
6.0636,1.150215741
6.0638,1.21320819
6.064,1.276194815
6.0642,1.276135874
6.0644,1.150003269
6.0646,1.276017992
6.0648,1.27595905
6.065,1.212872012
6.0652,1.370378946
6.0654,1.275782227
6.0656,1.212703923
6.0658,1.244156119
6.066,1.212591864
6.0662,1.212535835
6.0664,1.275487521
6.0666,1.212423776
6.0668,1.243868692
6.067,1.212311717
6.0672,1.149259618
6.0674,1.212199657
6.0676,1.275133874
6.0678,1.243581265
6.068,1.180539357
6.0682,1.211975539
6.0684,1.21191951
6.0686,1.274839168
6.0688,1.180321062
6.069,1.211751421
6.0692,1.148728439
6.0694,1.274603403
6.0696,1.337505591
6.0698,1.305964629
6.07,1.211471273
6.0702,1.305843835
6.0704,1.305783438
6.0706,1.274249756
6.0708,1.337134474
6.071,1.274131873
6.0712,1.274072932
6.0714,1.242546528
6.0716,1.336887063
6.0718,1.33682521
6.072,1.210910977
6.0722,1.336701504
6.0724,1.273719285
6.0726,1.273660344
6.0728,1.305058674
6.073,1.304998277
6.0732,1.30493788
6.0734,1.273424579
6.0736,1.273365638
6.0738,1.336206682
6.074,1.210350682
6.0742,1.304635895
6.0744,1.210238623
6.0746,1.304515101
6.0748,1.273011991
6.075,1.304394307
6.0752,1.241454306
6.0754,1.335711859
6.0756,1.241339335
6.0758,1.304152719
6.076,1.272658343
6.0762,1.335464448
6.0764,1.272540461
6.0766,1.27248152
6.0768,1.272422579
6.077,1.272363637
6.0772,1.335155184
6.0774,1.303669543
6.0776,1.303609146
6.0778,1.334969625
6.078,1.272068931
6.0782,1.209174061
6.0784,1.24053454
6.0786,1.334722214
6.0788,1.303246764
6.079,1.334598508
6.0792,1.365947341
6.0794,1.271656343
6.0796,1.271597402
6.0798,1.208725824
6.08,1.271479519
6.0802,1.271420578
6.0804,1.302763588
6.0806,1.208501706
6.0808,1.271243755
6.081,1.271184813
6.0812,1.239729745
6.0814,1.302461603
6.0816,1.333794421
6.0818,1.270949049
6.082,1.239499803
6.0822,1.270831166
6.0824,1.270772225
6.0826,1.20794141
6.0828,1.239269862
6.083,1.239212376
6.0832,1.27053646
6.0834,1.207717292
6.0836,1.333175893
6.0838,1.270359637
6.084,1.207549203
6.0842,1.270241754
6.0844,1.270182813
6.0846,1.238752493
6.0848,1.332804776
6.085,1.332742923
6.0852,1.269947048
6.0854,1.269888107
6.0856,1.301193265
6.0858,1.301132868
6.086,1.206988908
6.0862,1.301012074
6.0864,1.332309953
6.0866,1.363604921
6.0868,1.269475519
6.087,1.300770486
6.0872,1.269357636
6.0874,1.332000689
6.0876,1.300589295
6.0878,1.331876984
6.088,1.206428612
6.0882,1.331753278
6.0884,1.300347707
6.0886,1.30028731
6.0888,1.268886107
6.089,1.206148464
6.0892,1.268768224
6.0894,1.268709283
6.0896,1.331320308
6.0898,1.268591401
6.09,1.268532459
6.0902,1.268473518
6.0904,1.268414577
6.0906,1.237027932
6.0908,1.330949191
6.091,1.205588169
6.0912,1.236855476
6.0914,1.330763633
6.0916,1.20542008
6.0918,1.268001989
6.092,1.330578074
6.0922,1.236568049
6.0924,1.330454369
6.0926,1.267766224
6.0928,1.299018973
6.093,1.267648342
6.0932,1.2675894
6.0934,1.267530459
6.0936,1.204859784
6.0938,1.298716988
6.094,1.23605068
6.0942,1.267294694
6.0944,1.298535797
6.0946,1.267176812
6.0948,1.267117871
6.095,1.204467577
6.0952,1.173117327
6.0954,1.298233812
6.0956,1.266882106
6.0958,1.266823165
6.096,1.266764224
6.0962,1.266705282
6.0964,1.266646341
6.0966,1.204019341
6.0968,1.203963311
6.097,1.203907282
6.0972,1.203851252
6.0974,1.266351635
6.0976,1.235015943
6.0978,1.266233753
6.098,1.203627134
6.0982,1.172298721
6.0984,1.328598784
6.0986,1.265997988
6.0988,1.265939047
6.099,1.265880106
6.0992,1.265821164
6.0994,1.265762223
6.0996,1.265703282
6.0998,1.203122868
6.1,1.328103961
6.1002,1.296784283
6.1004,1.296723886
6.1006,1.234153663
6.1008,1.32785655
6.101,1.20278669
6.1012,1.202730661
6.1014,1.233923721
6.1016,1.202618602
6.1018,1.327547286
6.102,1.202506542
6.1022,1.264937046
6.1024,1.296119916
6.1026,1.264819164
6.1028,1.295999122
6.103,1.202226395
6.1032,1.26464234
6.1034,1.358286995
6.1036,1.295757534
6.1038,1.264465517
6.104,1.29563674
6.1042,1.326805052
6.1044,1.264288693
6.1046,1.295455549
6.1048,1.264170811
6.105,1.26411187
6.1052,1.264052928
6.1054,1.295213961
6.1056,1.295153564
6.1058,1.326310229
6.106,1.201385951
6.1062,1.263758222
6.1064,1.263699281
6.1066,1.294851579
6.1068,1.294791182
6.107,1.325939112
6.1072,1.232256645
6.1074,1.325815406
6.1076,1.294549594
6.1078,1.294489197
6.108,1.263227752
6.1082,1.26316881
6.1084,1.325506142
6.1086,1.325444289
6.1088,1.325382437
6.109,1.262933046
6.1092,1.262874104
6.1094,1.262815163
6.1096,1.262756222
6.1098,1.200321389
6.11,1.26263834
6.1102,1.293764433
6.1104,1.324887614
6.1106,1.324825761
6.1108,1.262402575
6.111,1.293522845
6.1112,1.262284693
6.1114,1.199873153
6.1116,1.26216681
6.1118,1.199761094
6.112,1.199705064
6.1122,1.293160462
6.1124,1.261931045
6.1126,1.199536975
6.1128,1.230647054
6.113,1.137095611
6.1132,1.199368887
6.1134,1.261636339
6.1136,1.199256828
6.1138,1.261518457
6.114,1.136830021
6.1142,1.136776903
6.1144,1.261341633
6.1146,1.19897668
6.1148,1.19892065
6.115,1.26116481
6.1152,1.261105869
6.1154,1.323341293
6.1156,1.198696532
6.1158,1.292073316
6.116,1.260870104
6.1162,1.229669803
6.1164,1.291892125
6.1166,1.229554832
6.1168,1.229497347
6.117,1.198304325
6.1172,1.260516457
6.1174,1.260457515
6.1176,1.135873899
6.1178,1.260339633
6.118,1.260280692
6.1182,1.135714545
6.1184,1.260162809
6.1186,1.197856089
6.1188,1.228922493
6.119,1.197744029
6.1192,1.197688
6.1194,1.228750037
6.1196,1.259809162
6.1198,1.290865376
6.12,1.135236483
6.1202,1.166295609
6.1204,1.321794972
6.1206,1.13507713
6.1208,1.197239763
6.121,1.197183734
6.1212,1.259337633
6.1214,1.197071675
6.1216,1.197015645
6.1218,1.259160809
6.122,1.259101868
6.1222,1.259042927
6.1224,1.196791527
6.1226,1.227830271
6.1228,1.258866103
6.123,1.196623438
6.1232,1.196567409
6.1234,1.196511379
6.1236,1.196455349
6.1238,1.258571397
6.124,1.227427873
6.1242,1.196287261
6.1244,1.258394573
6.1246,1.258335632
6.1248,1.227197932
6.125,1.196063142
6.1252,1.258158809
6.1254,1.258099867
6.1256,1.258040926
6.1258,1.164767544
6.126,1.195782995
6.1262,1.164658396
6.1264,1.195670935
6.1266,1.195614906
6.1268,1.226623078
6.127,1.164440101
6.1272,1.164385527
6.1274,1.226450622
6.1276,1.195334758
6.1278,1.133164884
6.128,1.195222699
6.1282,1.133058648
6.1284,1.19511064
6.1286,1.101901313
6.1288,1.132899294
6.129,1.163894364
6.1292,1.132793058
6.1294,1.194830492
6.1296,1.101643002
6.1298,1.163676069
6.13,1.132580587
6.1302,1.132527469
6.1304,1.132474351
6.1306,1.070348151
6.1308,1.1634032
6.131,1.132314997
6.1312,1.132261879
6.1314,1.194270196
6.1316,1.101126381
6.1318,1.101074719
6.132,1.101023057
6.1322,1.0699465
6.1324,1.069896294
6.1326,1.069846088
6.1328,1.069795881
6.133,1.100764746
6.1332,1.162748315
6.1334,1.162693741
6.1336,1.10060976
6.1338,1.162584594
6.134,1.131518228
6.1342,1.13146511
6.1344,1.100403111
6.1346,1.100351449
6.1348,1.100299787
6.135,1.100248125
6.1352,1.069193406
6.1354,1.100144801
6.1356,1.16209343
6.1358,1.038044097
6.136,1.130987049
6.1362,1.130933931
6.1364,1.192869457
6.1366,1.192813428
6.1368,1.099783166
6.137,1.068741549
6.1372,1.130668341
6.1374,1.130615223
6.1376,1.130562105
6.1378,1.099524855
6.138,1.068490517
6.1382,1.130402751
6.1384,1.130349633
6.1386,1.068339899
6.1388,1.192197102
6.139,1.13019028
6.1392,1.130137162
6.1394,1.068139073
6.1396,1.130030926
6.1398,1.129977808
6.14,1.12992469
6.1402,1.09890491
6.1404,1.129818454
6.1406,1.129765336
6.1408,1.160674512
6.141,1.1296591
6.1412,1.098646599
6.1414,1.098594937
6.1416,1.129499746
6.1418,1.129446629
6.142,1.067486391
6.1422,1.036484082
6.1424,1.098336627
6.1426,1.098284964
6.1428,1.129181039
6.143,1.09818164
6.1432,1.098129978
6.1434,1.098078316
6.1436,1.067084741
6.1438,1.036094078
6.144,1.005106326
6.1442,1.097871667
6.1444,1.035947826
6.1446,1.128702977
6.1448,1.097716681
6.145,1.035801575
6.1452,1.035752824
6.1454,1.035704074
6.1456,1.128437388
6.1458,1.066532472
6.146,1.035557822
6.1462,1.066432059
6.1464,1.066381853
6.1466,1.035411571
6.1468,1.12811868
6.147,1.066231234
6.1472,1.066181028
6.1474,1.127959326
6.1476,1.004255022
6.1478,1.004207727
6.148,1.065980202
6.1482,1.096838425
6.1484,1.06587979
6.1486,1.034924066
6.1488,1.065779377
6.149,1.034826565
6.1492,1.096580115
6.1494,1.065628758
6.1496,1.09647679
6.1498,1.034631563
6.15,1.096373466
6.1502,1.065427933
6.1504,1.003592897
6.1506,1.003545602
6.1508,1.003498307
6.151,1.096115155
6.1512,1.065176902
6.1514,1.034241559
6.1516,1.003309129
6.1518,1.034144058
6.152,1.095856845
6.1522,1.034046557
6.1524,1.064875664
6.1526,1.095701859
6.1528,1.033900306
6.153,1.064725045
6.1532,1.064674839
6.1534,1.002883477
6.1536,1.095443548
6.1538,1.06452422
6.154,1.064474013
6.1542,1.095288562
6.1544,1.033510302
6.1546,1.033461551
6.1548,1.064273188
6.155,1.03336405
6.1552,1.064172775
6.1554,1.064122569
6.1556,1.094926927
6.1558,1.033169049
6.156,1.06397195
6.1562,1.002221351
6.1564,0.971325316
6.1566,0.971279477
6.1568,1.002079467
6.157,1.094565292
6.1572,1.09451363
6.1574,1.063620506
6.1576,1.0635703
6.1578,1.063520094
6.158,1.094306981
6.1582,1.032584043
6.1584,1.032535292
6.1586,1.063319268
6.1588,1.032437791
6.159,0.878239966
6.1592,1.03234029
6.1594,1.063118443
6.1596,1.063068237
6.1598,1.032194039
6.16,1.062967824
6.1602,1.062917618
6.1604,1.032047787
6.1606,1.031999037
6.1608,0.939500148
6.161,1.031901536
6.1612,1.031852785
6.1614,1.00099169
6.1616,1.031755284
6.1618,0.846849932
6.162,1.000849806
6.1622,1.000802511
6.1624,1.031560282
6.1626,1.062315142
6.1628,0.908254163
6.163,0.969812634
6.1632,1.062164523
6.1634,0.969720956
6.1636,1.000471448
6.1638,0.938834403
6.164,0.969583439
6.1642,1.000329564
6.1644,1.00028227
6.1646,0.630766349
6.1648,0.938612488
6.165,0.969354245
6.1652,0.969308406
6.1654,0.938479339
6.1656,1.030780275
6.1658,0.999951207
6.166,1.030682774
6.1662,1.030634023
6.1664,0.969033373
6.1666,0.999762028
6.1668,0.938168657
6.167,1.030439021
6.1672,0.999620144
6.1674,0.938035508
6.1676,1.03029277
6.1678,0.937946742
6.168,0.999430966
6.1682,0.999383671
6.1684,0.937813593
6.1686,0.968529146
6.1688,0.968483307
6.169,0.999194492
6.1692,0.937636061
6.1694,0.906837565
6.1696,0.968299951
6.1698,0.906751711
6.17,0.998958019
6.1702,0.783672699
6.1704,0.906622929
6.1706,0.968070757
6.1708,0.937280996
6.171,0.967979079
6.1712,1.060156271
6.1714,0.998626956
6.1716,0.967841563
6.1718,0.967795724
6.172,1.059955446
6.1722,1.029171509
6.1724,0.998390483
6.1726,1.029074008
6.1728,0.906107802
6.173,1.059704415
6.1732,1.028927756
6.1734,1.028879006
6.1736,0.967383174
6.1738,0.936615251
6.174,0.967291497
6.1742,0.936526485
6.1744,0.905764385
6.1746,1.059302764
6.1748,0.967108141
6.175,1.059202352
6.1752,0.997728357
6.1754,0.966970625
6.1756,0.966924786
6.1758,0.997586473
6.176,0.966833108
6.1762,0.90537804
6.1764,0.905335112
6.1766,0.935993888
6.1768,1.028050248
6.177,1.028001497
6.1772,0.997255411
6.1774,0.966512236
6.1776,1.027855246
6.1778,0.905034622
6.178,1.027757745
6.1782,0.904948767
6.1784,0.935594441
6.1786,1.058298638
6.1788,0.966191364
6.179,1.027513992
6.1792,0.874051354
6.1794,0.966053848
6.1796,0.966008009
6.1798,0.843248529
6.18,0.996593285
6.1802,0.965870492
6.1804,0.904476568
6.1806,0.904433641
6.1808,0.904390714
6.181,0.996356812
6.1812,0.904304859
6.1814,1.05759575
6.1816,0.996214928
6.1818,0.904176077
6.182,0.965457943
6.1822,0.904090223
6.1824,0.873387811
6.1826,1.026636483
6.1828,0.965274587
6.183,0.934573631
6.1832,0.965182909
6.1834,0.873180454
6.1836,0.965091232
6.1838,0.903746805
6.184,0.964999554
6.1842,0.964953715
6.1844,0.964907876
6.1846,0.995505508
6.1848,0.903532169
6.185,0.96477036
6.1852,0.934085418
6.1854,0.903403387
6.1856,0.933996652
6.1858,0.903317533
6.186,0.964541165
6.1862,0.903231679
6.1864,0.964449488
6.1866,0.964403649
6.1868,0.96435781
6.187,1.239945979
6.1872,0.903017042
6.1874,0.964220293
6.1876,1.056039355
6.1878,0.964128616
6.188,0.872226612
6.1882,0.964036938
6.1884,0.963991099
6.1886,1.025173969
6.1888,0.933286523
6.189,0.994465025
6.1892,0.963807744
6.1894,0.933153374
6.1896,0.994323141
6.1898,0.933064608
6.19,0.963624388
6.1902,0.994181257
6.1904,0.963532711
6.1906,0.994086668
6.1908,0.902244352
6.191,1.024588963
6.1912,1.024540213
6.1914,0.932709544
6.1916,0.963257678
6.1918,0.902029716
6.192,0.963166
6.1922,0.963120161
6.1924,0.993661016
6.1926,1.177125149
6.1928,0.932398862
6.193,0.932354479
6.1932,0.962890967
6.1934,0.871106884
6.1936,0.993377248
6.1938,0.932176947
6.194,1.023857706
6.1942,0.840367407
6.1944,0.962615934
6.1946,0.993140774
6.1948,0.870816584
6.195,0.901342881
6.1952,0.901299954
6.1954,1.054081309
6.1956,0.992904301
6.1958,0.870609227
6.196,0.931688734
6.1962,0.962203384
6.1964,0.839927235
6.1966,0.962111706
6.1968,0.839847204
6.197,0.962020028
6.1972,0.870318927
6.1974,0.900827754
6.1976,0.992431354
6.1978,0.9007419
6.198,0.931244903
6.1982,0.778478144
6.1984,0.961699156
6.1986,0.931111754
6.1988,0.839447048
6.199,0.931022988
6.1992,0.869904213
6.1994,0.839327002
6.1996,0.961424123
6.1998,0.900312627
6.2,0.9002697
6.2002,0.93075669
6.2004,0.900183846
6.2006,0.900140919
6.2008,0.96114909
6.201,1.052675532
6.2012,0.900012137
6.2014,0.961011574
6.2016,0.991485461
6.2018,0.899883355
6.202,0.899840428
6.2022,0.838766783
6.2024,0.899754574
6.2026,0.930224093
6.2028,0.869157728
6.203,1.021663934
6.2032,0.930090944
6.2034,0.83852669
6.2036,0.960507346
6.2038,1.051972644
6.204,0.960415669
6.2042,0.929869029
6.2044,0.899325301
6.2046,0.990776041
6.2048,0.960232313
6.205,1.021176429
6.2052,0.899153592
6.2054,0.899110665
6.2056,0.899067738
6.2058,1.020981427
6.206,0.95995728
6.2062,0.959911441
6.2064,0.929380816
6.2066,1.051269756
6.2068,0.898810175
6.207,0.929247667
6.2072,0.959682247
6.2074,0.959636408
6.2076,0.959590569
6.2078,0.95954473
6.208,0.959498892
6.2082,0.898509684
6.2084,0.928936985
6.2086,0.989830148
6.2088,0.959315536
6.209,0.959269697
6.2092,0.898295048
6.2094,0.715474424
6.2096,0.959132181
6.2098,0.959086342
6.21,0.959040503
6.2102,0.898080412
6.2104,0.958948825
6.2106,0.897994557
6.2108,0.958857148
6.211,0.958811309
6.2112,0.928315623
6.2114,0.897822849
6.2116,0.867332986
6.2118,0.958627953
6.212,0.928138091
6.2122,0.89765114
6.2124,0.8671671
6.2126,0.836685973
6.2128,0.897522358
6.213,0.897479431
6.2132,0.927871792
6.2134,0.866959743
6.2136,0.836485895
6.2138,0.8668768
6.214,0.897264795
6.2142,0.836365848
6.2144,0.89717894
6.2146,0.897136013
6.2148,0.897093086
6.215,0.653672666
6.2152,0.897007231
6.2154,0.896964304
6.2156,0.836085739
6.2158,0.957711176
6.216,0.836005708
6.2162,0.835965692
6.2164,0.866337672
6.2166,0.896706741
6.2168,0.927072898
6.217,0.896620886
6.2172,0.805359441
6.2174,0.866130315
6.2176,0.896492105
6.2178,0.835645567
6.218,0.9268066
6.2182,0.926762216
6.2184,0.957115271
6.2186,0.896277469
6.2188,0.926629067
6.219,0.865798544
6.2192,0.926540301
6.2194,0.835325443
6.2196,0.896062832
6.2198,0.926407152
6.22,0.865591187
6.2202,0.956702721
6.2204,0.987039762
6.2206,0.804703925
6.2208,0.895805269
6.221,0.895762342
6.2212,0.956473527
6.2214,0.895676487
6.2216,0.956381849
6.2218,0.895590633
6.222,0.865176473
6.2222,0.956244333
6.2224,0.834725209
6.2226,0.834685193
6.2228,0.895375997
6.223,0.89533307
6.2232,0.895290142
6.2234,0.773803046
6.2236,0.986283047
6.2238,0.925519491
6.224,0.895118434
6.2242,0.834365068
6.2244,0.895032579
6.2246,0.955694267
6.2248,0.955648428
6.225,0.894903797
6.2252,0.83416499
6.2254,0.894817943
6.2256,0.864429987
6.2258,0.834044944
6.226,0.894689161
6.2262,0.712602269
6.2264,0.864264102
6.2266,0.86422263
6.2268,0.833844866
6.227,0.894474525
6.2272,0.864098216
6.2274,0.833724819
6.2276,0.894345744
6.2278,0.803315773
6.228,0.833604772
6.2282,0.833564757
6.2284,0.894174035
6.2286,0.833484725
6.2288,0.772801239
6.229,0.772764135
6.2292,0.833364679
6.2294,0.833324663
6.2296,0.833284647
6.2298,0.833244632
6.23,0.863517617
6.2302,0.833164601
6.2304,0.802814496
6.2306,0.802775937
6.2308,0.772430199
6.231,0.833004538
6.2312,0.832964523
6.2314,0.893530126
6.2316,0.711679076
6.2318,0.711644884
6.232,0.863102903
6.2322,0.863061431
6.2324,0.832724429
6.2326,0.772096264
6.2328,0.832644398
6.233,0.802313219
6.2332,0.771984952
6.2334,0.862812603
6.2336,0.832484336
6.2338,0.83244432
6.234,0.80212042
6.2342,0.832364289
6.2344,0.771762328
6.2346,0.771725224
6.2348,0.862522303
6.235,0.862480831
6.2352,0.832164211
6.2354,0.771576808
6.2356,0.83208418
6.2358,0.953127291
6.236,0.832004149
6.2362,0.892499873
6.2364,0.892456946
6.2366,0.771354185
6.2368,0.892371091
6.237,0.771279977
6.2372,0.862024646
6.2374,0.89224231
6.2376,0.831684024
6.2378,0.892156455
6.238,0.831603993
6.2382,0.861817289
6.2384,0.831523961
6.2386,0.891984746
6.2388,0.83144393
6.239,0.770908937
6.2392,0.861609932
6.2394,0.831323883
6.2396,0.770797625
6.2398,0.891727183
6.24,0.831203837
6.2402,0.921880082
6.2404,0.800886508
6.2406,0.83108379
6.2408,0.891512547
6.241,0.861236689
6.2412,0.891426692
6.2414,0.891383765
6.2416,0.830883712
6.2418,0.830843696
6.242,0.830803681
6.2422,0.830763665
6.2424,0.83072365
6.2426,0.80046235
6.2428,0.860863447
6.243,1.011913837
6.2432,0.830563587
6.2434,0.890954493
6.2436,0.830483556
6.2438,0.86065609
6.244,0.830403525
6.2442,0.830363509
6.2444,0.830323494
6.2446,0.800076752
6.2448,0.860448733
6.245,0.799999633
6.2452,0.830163431
6.2454,0.76972161
6.2456,0.8300834
6.2458,0.830043385
6.246,0.769610298
6.2462,0.829963353
6.2464,0.769536091
6.2466,0.739306819
6.2468,0.860034018
6.247,0.739235523
6.2472,0.859951076
6.2474,0.82972326
6.2476,0.769313467
6.2478,0.890010094
6.248,0.739057282
6.2482,0.829563198
6.2484,0.829523182
6.2486,0.859660776
6.2488,0.799266997
6.249,0.769053739
6.2492,0.799189878
6.2494,0.768979531
6.2496,0.768942427
6.2498,0.738736449
6.25,0.829203057
6.2502,0.798997079
6.2504,0.829123026
6.2506,0.82908301
6.2508,0.829042995
6.251,0.73852256
6.2512,0.828962964
6.2514,0.768608492
6.2516,0.768571388
6.2518,0.828842917
6.252,0.738344319
6.2522,0.828762886
6.2524,0.768422972
6.2526,0.768385868
6.2528,0.768348764
6.253,0.76831166
6.2532,0.768274556
6.2534,0.768237452
6.2536,0.738059134
6.2538,0.888722277
6.254,0.828402745
6.2542,0.82836273
6.2544,0.768051932
6.2546,0.828282699
6.2548,0.798110204
6.255,0.76794062
6.2552,0.828162652
6.2554,0.918506971
6.2556,0.797955965
6.2558,0.797917405
6.256,0.797878845
6.2562,0.797840285
6.2564,0.767680893
6.2566,0.767643789
6.2568,0.767606685
6.257,0.135123811
6.2572,0.887992515
6.2574,0.82772248
6.2576,0.827682465
6.2578,0.857753091
6.258,0.767384061
6.2582,0.797454688
6.2584,0.857628677
6.2586,0.767272749
6.2588,0.767235645
6.259,0.827402356
6.2592,0.767161437
6.2594,0.737025338
6.2596,0.767087229
6.2598,0.827242293
6.26,0.767013021
6.2602,0.827162262
6.2604,0.827122247
6.2606,0.736811449
6.2608,0.736775801
6.261,0.706652804
6.2612,0.796876291
6.2614,0.736668856
6.2616,0.76671619
6.2618,0.796760612
6.262,0.706481842
6.2622,0.766604878
6.2624,0.826722091
6.2626,0.195092325
6.2628,0.826642059
6.263,0.706310881
6.2632,0.736348023
6.2634,0.706242496
6.2636,0.796413574
6.2638,0.766308046
6.264,0.766270942
6.2642,0.796297895
6.2644,0.766196734
6.2646,0.736098486
6.2648,0.766122526
6.265,0.73602719
6.2652,0.766048319
6.2654,0.796066536
6.2656,0.765974111
6.2658,0.705832188
6.266,0.705797996
6.2662,0.735813301
6.2664,0.765825695
6.2666,0.675648833
6.2668,0.705661226
6.267,0.67558336
6.2672,0.795719498
6.2674,0.765640175
6.2676,0.705524457
6.2678,0.705490265
6.268,0.705456073
6.2682,0.525212243
6.2684,0.705387688
6.2686,0.735385523
6.2688,0.705319303
6.269,0.705285111
6.2692,0.705250919
6.2694,0.79529534
6.2696,0.675157785
6.2698,0.765194927
6.27,0.825201498
6.2702,0.795141101
6.2704,0.765083616
6.2706,0.735029042
6.2708,0.70497738
6.271,0.764972304
6.2712,0.734922098
6.2714,0.764898096
6.2716,0.734850801
6.2718,0.734815153
6.272,0.734779505
6.2722,0.76474968
6.2724,0.764712576
6.2726,0.704669649
6.2728,0.764638368
6.273,0.734601264
6.2732,0.824561249
6.2734,0.764527056
6.2736,0.764489952
6.2738,-0.735255986
6.274,0.704430303
6.2742,0.64441358
6.2744,0.794331346
6.2746,0.764304432
6.2748,0.734280431
6.275,0.734244783
6.2752,0.704225149
6.2754,0.704190956
6.2756,0.794099987
6.2758,0.764081809
6.276,0.794022868
6.2762,0.734030894
6.2764,0.55414374
6.2766,0.763933393
6.2768,0.763896289
6.277,0.733888301
6.2772,0.793791509
6.2774,0.733817005
6.2776,0.703814841
6.2778,0.763710769
6.278,0.733710061
6.2782,0.703712264
6.2784,0.703678072
6.2786,0.643725405
6.2788,0.763525249
6.279,0.73353182
6.2792,0.733496172
6.2794,-1.4830921
6.2796,0.703472918
6.2798,0.733389227
6.28,0.673455487
6.2802,0.733317931
6.2804,0.673390014
6.2806,0.613467919
6.2808,0.673324541
6.281,0.733175339
6.2812,0.613378445
6.2814,0.733104042
6.2816,0.643256195
6.2818,0.673160858
6.282,0.762931586
6.2822,0.73296145
6.2824,0.762857378
6.2826,0.702960033
6.2828,0.732854505
6.283,0.702891648
6.2832,0.643005949
6.2834,0.672898966
6.2836,0.732711913
6.2838,0.792519037
6.284,0.732640616
6.2842,0.762523443
6.2844,0.792403357
6.2846,0.792364798
6.2848,0.732498024
6.285,-2.228890072
6.2852,0.732426728
6.2854,0.762300819
6.2856,0.702447148
6.2858,0.792133439
6.286,0.762189507
6.2862,0.702344571
6.2864,0.672407918
6.2866,0.702276186
6.2868,0.732141542
6.287,0.762003987
6.2872,0.642380335
6.2874,0.761929779
6.2876,0.761892675
6.2878,0.761855571
6.288,0.761818467
6.2882,0.67211329
6.2884,0.731856357
6.2886,0.791593602
6.2888,0.731785061
6.289,0.731749413
6.2892,0.761595844
6.2894,0.76155874
6.2896,0.701763301
6.2898,0.701729109
6.29,0.731571172
6.2902,0.701660724
6.2904,0.821119908
6.2906,-0.941361508
6.2908,0.701558147
6.291,0.701523955
6.2912,0.671622242
6.2914,0.731321635
6.2916,0.761150596
6.2918,0.761113492
6.292,0.761076388
6.2922,0.701318801
6.2924,0.731143394
6.2926,0.731107746
6.2928,0.731072098
6.293,0.790745287
6.2932,0.790706727
6.2934,0.790668168
6.2936,0.730929506
6.2938,0.701045262
6.294,0.671163931
6.2942,0.641285511
6.2944,0.760631141
6.2946,0.64122295
6.2948,0.700874301
6.295,0.730679969
6.2952,0.700805916
6.2954,0.700771724
6.2956,0.700737532
6.2958,0.700703339
6.296,0.700669147
6.2962,-0.253961055
6.2964,0.640941423
6.2966,0.640910143
6.2968,0.67070562
6.297,0.760148789
6.2972,0.700463993
6.2974,0.64078502
6.2976,0.700395608
6.2978,0.760000373
6.298,0.610873155
6.2982,0.670476464
6.2984,0.700258839
6.2986,0.670410991
6.2988,0.700190454
6.299,0.700156262
6.2992,0.640503494
6.2994,0.610664381
6.2996,0.670247309
6.2998,0.700019493
6.3,0.583321084
6.3002,0.608127597
6.3004,0.632931685
6.3006,0.583235603
6.3008,0.732195317
6.301,0.583178616
6.3012,0.483834356
6.3014,0.583121628
6.3016,0.583093135
6.3018,-0.310646232
6.302,0.558212059
6.3022,0.533361903
6.3024,0.607800823
6.3026,0.533309768
6.3028,0.607741409
6.303,0.58289368
6.3032,0.558048376
6.3034,0.607652289
6.3036,0.582808199
6.3038,0.657219216
6.304,0.557939255
6.3042,0.582722718
6.3044,0.607503755
6.3046,0.607474048
6.3048,0.582637237
6.305,0.607414635
6.3052,0.58258025
6.3054,0.532944827
6.3056,0.632127766
6.3058,0.532892692
6.306,0.55766645
6.3062,0.582437782
6.3064,0.656801485
6.3066,0.557584609
6.3068,0.582352301
6.307,0.532736289
6.3072,0.582295314
6.3074,0.433518822
6.3076,0.582238327
6.3078,0.582209833
6.308,0.631756727
6.3082,0.582152846
6.3084,0.582124352
6.3086,0.582095859
6.3088,0.582067365
6.309,0.582038871
6.3092,0.507669135
6.3094,0.581981884
6.3096,0.581953391
6.3098,0.581924897
6.31,0.606671965
6.3102,0.680965304
6.3104,0.606612551
6.3106,0.557039001
6.3108,0.532241011
6.311,0.581753935
6.3112,0.532188877
6.3114,0.606464017
6.3116,0.606434311
6.3118,0.581639961
6.312,0.556848038
6.3122,0.507296324
6.3124,0.556793477
6.3126,0.532006406
6.3128,0.507221761
6.313,0.507196907
6.3132,0.556684355
6.3134,0.531902137
6.3136,0.581383518
6.3138,0.432839958
6.314,0.581326531
6.3142,0.531797868
6.3144,0.606018416
6.3146,0.531745734
6.3148,0.556466112
6.315,0.581184063
6.3152,0.482179494
6.3154,0.506898659
6.3156,0.531615397
6.3158,0.53158933
6.316,0.581041595
6.3162,0.531537196
6.3164,0.556247868
6.3166,0.531485061
6.3168,0.50672468
6.317,0.580899127
6.3172,0.506674972
6.3174,0.58084214
6.3176,0.531354725
6.3178,0.556056905
6.318,0.53130259
6.3182,0.531276523
6.3184,0.60542428
6.3186,0.061479885
6.3188,0.555920503
6.319,0.580614191
6.3192,0.506426431
6.3194,0.481683035
6.3196,0.506376723
6.3198,0.555784101
6.32,0.580471723
6.3202,0.506302161
6.3204,0.55570226
6.3206,0.530963716
6.3208,0.530937649
6.321,0.530911582
6.3212,0.555593138
6.3214,0.555565858
6.3216,0.506128183
6.3218,0.555511297
6.322,0.530781246
6.3222,0.530755178
6.3224,0.506028766
6.3226,0.530703044
6.3228,0.555374895
6.323,0.555347614
6.3232,0.580015825
6.3234,0.579987332
6.3236,0.579958838
6.3238,0.53054664
6.324,0.60459249
6.3242,-0.827423917
6.3244,0.530468439
6.3246,0.57981637
6.3248,0.579787877
6.325,0.579759383
6.3252,0.579730889
6.3254,0.530338102
6.3256,0.530312035
6.3258,0.554965688
6.326,0.554938408
6.3262,0.530233833
6.3264,0.579559928
6.3266,0.579531434
6.3268,0.530155632
6.327,0.579474447
6.3272,0.530103497
6.3274,0.653427505
6.3276,0.530051363
6.3278,0.579360472
6.328,0.579331979
6.3282,0.603968647
6.3284,0.579274992
6.3286,0.677897442
6.3288,0.455910391
6.329,0.60384982
6.3292,0.529842825
6.3294,0.505158874
6.3296,0.57910403
6.3298,2.03374749
6.33,0.579047043
6.3302,0.529712488
6.3304,0.529686421
6.3306,0.50500975
6.3308,0.504984896
6.331,0.52960822
6.3312,0.554229117
6.3314,0.504910333
6.3316,0.529530018
6.3318,0.4802173
6.332,0.554119995
6.3322,0.480170018
6.3324,0.504786063
6.3326,0.455484265
6.3328,0.504736355
6.333,0.578619639
6.3332,0.504686647
6.3334,0.480028173
6.3336,0.480004532
6.3338,0.479980891
6.334,0.578477171
6.3342,0.55381991
6.3344,0.578420184
6.3346,0.529139009
6.3348,0.529112942
6.335,0.578334703
6.3352,0.504438106
6.3354,1.907838057
6.3356,0.553628947
6.3358,0.553601667
6.336,0.553574387
6.3362,0.578163741
6.3364,0.578135247
6.3366,0.553492545
6.3368,0.602691256
6.337,0.504214419
6.3372,0.528800135
6.3374,0.627211492
6.3376,0.528748
6.3378,0.504115003
6.338,0.577907299
6.3382,0.307229269
6.3384,0.577850311
6.3386,0.627025972
6.3388,0.553192461
6.339,0.52856553
6.3392,0.528539462
6.3394,0.553110619
6.3396,0.553083339
6.3398,0.553056058
6.34,0.528435193
6.3402,0.577593869
6.3404,0.602156534
6.3406,0.552946937
6.3408,0.60209712
6.341,0.995467713
6.3412,0.577451401
6.3414,0.528252723
6.3416,0.528226656
6.3418,0.552783254
6.342,0.528174521
6.3422,0.528148454
6.3424,0.528122387
6.3426,0.552674133
6.3428,0.577223452
6.343,0.577194959
6.3432,0.577166465
6.3434,0.577137971
6.3436,0.55253773
6.3438,0.601651518
6.344,0.527913849
6.3442,0.577023997
6.3444,0.576995503
6.3446,0.527835647
6.3448,0.552374048
6.345,0.552346767
6.3452,0.503195403
6.3454,0.527731378
6.3456,0.527705311
6.3458,0.527679243
6.346,0.552210365
6.3462,0.527627109
6.3464,0.552155804
6.3466,0.576682074
6.3468,0.478444234
6.347,0.52752284
6.3472,0.527496773
6.3474,0.576568099
6.3476,0.502897154
6.3478,0.5028723
6.348,0.527392504
6.3482,0.527366436
6.3484,0.527340369
6.3486,0.55185572
6.3488,0.429127416
6.349,0.551801159
6.3492,0.576311657
6.3494,0.674429424
6.3496,0.527183966
6.3498,0.527157898
6.35,0.502598905
6.3502,0.527105764
6.3504,0.527079697
6.3506,0.527053629
6.3508,0.477971416
6.351,0.527001495
6.3512,0.526975428
6.3514,0.526949361
6.3516,0.526923293
6.3518,0.526897226
6.352,0.477829571
6.3522,0.428766769
6.3524,0.526819024
6.3526,0.477758648
6.3528,0.502250948
6.353,0.477711366
6.3532,0.575741785
6.3534,0.477664085
6.3536,0.575684797
6.3538,0.526636554
6.354,0.477593162
6.3542,0.526584419
6.3544,0.575570823
6.3546,0.526532285
6.3548,0.551010027
6.355,0.599987938
6.3552,0.5019527
6.3554,0.501927846
6.3556,0.526401948
6.3558,0.477380394
6.356,0.526349814
6.3562,0.526323747
6.3564,0.501803575
6.3566,0.550764503
6.3568,0.501753867
6.357,0.526219478
6.3572,0.575171913
6.3574,0.526167343
6.3576,0.575114925
6.3578,0.526115209
6.358,0.526089141
6.3582,0.526063074
6.3584,0.477073063
6.3586,0.52601094
6.3588,0.525984872
6.359,0.550437138
6.3592,0.525932738
6.3594,0.501430764
6.3596,0.550355296
6.3598,0.525854536
6.36,0.525828469
6.3602,0.574744508
6.3604,0.525776334
6.3606,0.550218894
6.3608,0.501256786
6.361,0.501231932
6.3612,0.501207078
6.3614,0.501182224
6.3616,0.525619931
6.3618,0.525593864
6.362,0.525567797
6.3622,0.525541729
6.3624,0.54997337
6.3626,0.476576604
6.3628,0.476552963
6.363,0.500983391
6.3632,0.476505681
6.3634,0.427578755
6.3636,0.4764584
6.3638,0.525333191
6.364,0.451963115
6.3642,0.500834267
6.3644,0.476363836
6.3646,0.476340195
6.3648,0.549646005
6.365,0.476292913
6.3652,0.500709996
6.3654,0.525124653
6.3656,0.476221991
6.3658,0.47619835
6.366,0.50061058
6.3662,0.549455042
6.3664,0.476127427
6.3666,0.52496825
6.3668,0.500511164
6.367,0.50048631
6.3672,0.54931864
6.3674,0.476009223
6.3676,0.524837914
6.3678,0.524811846
6.368,0.4759383
6.3682,0.500337185
6.3684,0.475891018
6.3686,0.500287477
6.3688,0.52468151
6.369,0.426984749
6.3692,0.475796455
6.3694,0.451357567
6.3696,0.475749173
6.3698,0.524551174
6.37,0.475701891
6.3702,0.47567825
6.3704,0.524472972
6.3706,0.500038937
6.3708,0.451200573
6.371,0.52439477
6.3712,0.57317736
6.3714,0.475536405
6.3716,0.524316569
6.3718,0.573091879
6.372,0.475465482
6.3722,0.524238367
6.3724,0.5242123
6.3726,0.548582069
6.3728,0.475370919
6.373,0.524134098
6.3732,0.524108031
6.3734,0.548472947
6.3736,0.572835437
6.3738,0.524029829
6.374,0.475229073
6.3742,0.523977695
6.3744,0.523951627
6.3746,0.572692969
6.3748,0.548281984
6.375,0.523873426
6.3752,0.475087228
6.3754,0.499442439
6.3756,0.548172862
6.3758,0.499392731
6.376,0.474992665
6.3762,0.499343023
6.3764,0.523690955
6.3766,0.54803646
6.3768,0.474898101
6.377,0.523612753
6.3772,0.547954619
6.3774,0.596660778
6.3776,0.474803538
6.3778,0.523508484
6.378,0.377303934
6.3782,0.547818217
6.3784,0.547790936
6.3786,0.523404215
6.3788,0.49901992
6.379,0.450281037
6.3792,0.523326013
6.3794,0.47459077
6.3796,0.498920504
6.3798,0.523247812
6.38,0.450168898
6.3802,0.498845941
6.3804,0.52316961
6.3806,0.425754306
6.3808,0.474425283
6.381,0.425711877
6.3812,0.474378002
6.3814,0.498696817
6.3816,0.449989477
6.3818,0.474307079
6.382,0.474283438
6.3822,0.547272608
6.3824,0.474236156
6.3826,0.498547693
6.3828,0.474188875
6.383,0.571496237
6.3832,0.49847313
6.3834,0.425457303
6.3836,0.522752534
6.3838,0.425414874
6.384,0.474047029
6.3842,0.522674332
6.3844,0.473999747
6.3846,0.473976107
6.3848,0.473952466
6.385,0.473928825
6.3852,0.49822459
6.3854,0.473881543
6.3856,0.473857902
6.3858,0.571097327
6.386,0.47381062
6.3862,0.546727
6.3864,0.400826958
6.3866,0.522361525
6.3868,0.473716057
6.387,0.522309391
6.3872,0.522283324
6.3874,0.497951195
6.3876,0.522231189
6.3878,0.522205122
6.388,0.473574212
6.3882,0.570755404
6.3884,0.449226935
6.3886,0.570698417
6.3888,0.497777217
6.389,0.570641429
6.3892,0.546317793
6.3894,0.473408725
6.3896,0.521970517
6.3898,0.546235952
6.39,0.449047513
6.3902,0.497603238
6.3904,0.497578384
6.3906,0.52184018
6.3908,0.521814113
6.391,0.497503822
6.3912,0.521761979
6.3914,0.715990291
6.3916,0.49742926
6.3918,0.497404406
6.392,0.473101394
6.3922,0.521631642
6.3924,0.473054112
6.3926,0.521579508
6.3928,0.521553441
6.393,0.472983189
6.3932,0.570043064
6.3934,0.472935908
6.3936,0.521449172
6.3938,0.472888626
6.394,0.424332933
6.3942,0.472841344
6.3944,0.448554104
6.3946,0.497056449
6.3948,0.497031595
6.395,0.521266701
6.3952,0.448464393
6.3954,0.521214567
6.3956,0.472675858
6.3958,0.472652217
6.396,0.521136365
6.3962,0.472604935
6.3964,0.472581294
6.3966,0.472557653
6.3968,0.448284971
6.397,1.102953909
6.3972,0.520979961
6.3974,0.47246309
6.3976,0.472439449
6.3978,0.472415808
6.398,0.423908643
6.3982,0.520849625
6.3984,0.448105549
6.3986,0.448083122
6.3988,0.472297604
6.399,0.472273963
6.3992,0.472250322
6.3994,0.423760141
6.3996,0.447970983
6.3998,0.302563492
6.4,0.423696497
6.4002,0.496360535
6.4004,0.496335681
6.4006,0.472084836
6.4008,0.447836417
6.401,0.423590425
6.4012,0.520458616
6.4014,0.423547996
6.4016,0.496186556
6.4018,0.496161702
6.402,0.423484352
6.4022,0.471895709
6.4024,0.49608714
6.4026,1.101408769
6.4028,0.423399494
6.403,0.447589712
6.4032,0.447567285
6.4034,0.49596287
6.4036,0.471730222
6.4038,0.495913162
6.404,0.495888308
6.4042,0.568475915
6.4044,0.471635659
6.4046,0.471612018
6.4048,0.495788891
6.405,0.495764037
6.4052,0.544135359
6.4054,0.205351832
6.4056,0.447298152
6.4058,0.447275724
6.406,0.471446532
6.4062,0.519806935
6.4064,0.47139925
6.4066,0.495565205
6.4068,0.471351968
6.407,0.495515497
6.4072,0.519676599
6.4074,0.495465789
6.4076,0.495440935
6.4078,0.49541608
6.408,0.51957233
6.4082,1.390022313
6.4084,0.519520196
6.4086,0.495316664
6.4088,0.519468061
6.409,0.519441994
6.4092,0.519415927
6.4094,0.471044637
6.4096,0.495192394
6.4098,0.519337725
6.41,0.470973714
6.4102,0.470950073
6.4104,0.470926432
6.4106,0.519233456
6.4108,0.470879151
6.411,0.253389358
6.4112,0.494993561
6.4114,0.494968707
6.4116,0.494943853
6.4118,0.470760946
6.412,0.470737305
6.4122,0.422402411
6.4124,0.422381197
6.4126,0.470666383
6.4128,0.422338768
6.413,0.422317553
6.4132,0.422296339
6.4134,0.470571819
6.4136,0.446401044
6.4138,2.136593103
6.414,0.446356188
6.4142,0.446333761
6.4144,0.470453615
6.4146,0.470429974
6.4148,0.494546188
6.415,0.494521334
6.4152,0.470359051
6.4154,0.446199195
6.4156,0.446176767
6.4158,0.42202055
6.416,0.470264488
6.4162,0.470240847
6.4164,0.470217206
6.4166,0.446064628
6.4168,0.446042201
6.417,0.470146283
6.4172,0.445997345
6.4174,0.470099001
6.4176,0.44595249
6.4178,0.47005172
6.418,0.42178719
6.4182,0.470004438
6.4184,0.469980797
6.4186,0.469957156
6.4188,0.469933515
6.419,0.469909874
6.4192,0.445773068
6.4194,-2.013668484
6.4196,0.469838952
6.4198,0.469815311
6.42,0.46979167
6.4202,0.469768029
6.4204,0.421532616
6.4206,0.445616074
6.4208,0.421490187
6.421,0.469673465
6.4212,0.469649825
6.4214,0.517825825
6.4216,0.445503936
6.4218,0.493676296
6.422,0.493651442
6.4222,0.46953162
6.4224,0.469507979
6.4226,0.469484338
6.4228,0.517643354
6.423,0.469437057
6.4232,0.445324514
6.4234,0.517565152
6.4236,0.397106708
6.4238,0.493427755
6.424,0.493402901
6.4242,0.517460883
6.4244,0.517434816
6.4246,0.46924793
6.4248,0.469224289
6.425,-0.542074645
6.4252,0.469177007
6.4254,0.469153366
6.4256,0.469129725
6.4258,0.469106084
6.426,0.469082443
6.4262,0.469058802
6.4264,0.493104652
6.4266,0.469011521
6.4268,0.46898788
6.427,0.517095942
6.4272,0.44487596
6.4274,0.468916957
6.4276,0.468893316
6.4278,0.444808677
6.428,0.49290582
6.4282,0.420705249
6.4284,0.468798753
6.4286,0.444718966
6.4288,0.540916269
6.429,0.46872783
6.4292,0.468704189
6.4294,0.492731841
6.4296,0.444606827
6.4298,0.420535533
6.43,0.468609626
6.4302,0.420493104
6.4304,0.492607571
6.4306,0.396406661
6.4308,0.42042946
6.431,0.492533009
6.4312,0.420387031
6.4314,0.468444139
6.4316,0.468420499
6.4318,0.468396858
6.432,0.396266651
6.4322,0.372212341
6.4324,0.468325935
6.4326,0.444270412
6.4328,0.468278653
6.433,0.468255012
6.4332,0.420174886
6.4334,0.612369908
6.4336,0.46818409
6.4338,0.468160449
6.434,0.420090028
6.4342,0.420068813
6.4344,0.468089526
6.4346,0.420026384
6.4348,0.444023707
6.435,0.468018604
6.4352,0.443978852
6.4354,0.467971322
6.4356,0.443933996
6.4358,0.419899097
6.436,0.491911657
6.4362,0.419856668
6.4364,0.467853117
6.4366,0.419814239
6.4368,0.467805836
6.437,0.51579258
6.4372,0.419750596
6.4374,0.467734913
6.4376,0.419708167
6.4378,0.395686612
6.438,0.515662243
6.4382,0.419644523
6.4384,0.467616708
6.4386,0.443597581
6.4388,0.395586605
6.439,0.707476392
6.4392,0.467522145
6.4394,0.44350787
6.4396,0.443485442
6.4398,0.443463015
6.44,0.467427581
6.4402,0.419432378
6.4404,0.4673803
6.4406,0.467356659
6.4408,0.443350876
6.441,0.41934752
6.4412,0.395346589
6.4414,0.419305091
6.4416,0.443261165
6.4418,0.563119118
6.442,0.395266584
6.4422,0.419220232
6.4424,0.467143891
6.4426,0.46712025
6.4428,0.467096609
6.443,0.467072968
6.4432,0.467049327
6.4434,0.443059316
6.4436,0.395106573
6.4438,0.395086572
6.444,0.371103839
6.4442,0.419008087
6.4444,0.466907482
6.4446,0.371047475
6.4448,0.442902322
6.445,0.442879894
6.4452,0.394946562
6.4454,0.466789277
6.4456,0.418859586
6.4458,0.442790183
6.446,0.418817156
6.4462,0.37089717
6.4464,0.370878381
6.4466,0.418753513
6.4468,0.418732298
6.447,0.346877484
6.4472,0.46657651
6.4474,0.466552869
6.4476,0.394706546
6.4478,0.370746864
6.448,0.442543479
6.4482,0.394646542
6.4484,0.466434664
6.4486,0.394606539
6.4488,0.418520153
6.449,0.418498939
6.4492,0.346684159
6.4494,0.442386485
6.4496,0.418435295
6.4498,0.418414081
6.45,0.466245537
6.4502,0.155195304
6.4504,0.418350437
6.4506,0.418329222
6.4508,0.418308008
6.451,0.370446254
6.4512,0.418265579
6.4514,0.418244364
6.4516,0.394306519
6.4518,0.418201935
6.452,0.418180721
6.4522,0.442072497
6.4524,0.370314736
6.4526,0.370295948
6.4528,0.442005214
6.453,0.322442096
6.4532,0.394146509
6.4534,0.418032219
6.4536,0.418011005
6.4538,0.41798979
6.454,0.394066503
6.4542,0.417947361
6.4544,0.417926146
6.4546,0.465701797
6.4548,0.465678156
6.455,0.465654515
6.4552,0.393946495
6.4554,0.561181552
6.4556,0.417798859
6.4558,0.17886611
6.456,0.465536311
6.4562,0.393846488
6.4564,0.465489029
6.4566,0.465465388
6.4568,0.44155666
6.457,0.417650358
6.4572,0.369863821
6.4574,0.417607929
6.4576,0.417586714
6.4578,0.4175655
6.458,0.369788668
6.4582,0.41752307
6.4584,0.441377238
6.4586,0.465228979
6.4588,0.393586471
6.459,0.441309955
6.4592,0.417416998
6.4594,0.441265099
6.4596,0.417374569
6.4598,0.441220244
6.46,0.41733214
6.4602,0.369581998
6.4604,0.441152961
6.4606,0.417268496
6.4608,0.393386457
6.461,0.417226067
6.4612,0.369488057
6.4614,0.10704024
6.4616,0.417162424
6.4618,0.369431693
6.462,0.440973539
6.4622,0.369394116
6.4624,0.464779802
6.4626,0.464756161
6.4628,0.393186444
6.463,0.393166443
6.4632,0.464685239
6.4634,0.416971493
6.4636,0.369262599
6.4638,0.44077169
6.464,0.34538361
6.4642,0.345366035
6.4644,0.369187447
6.4646,0.393006432
6.4648,0.36914987
6.465,0.392966429
6.4652,0.369112294
6.4654,0.369093506
6.4656,0.392906425
6.4658,0.464377907
6.466,0.369037141
6.4662,0.392846421
6.4664,0.368999565
6.4666,0.368980777
6.4668,0.392786417
6.467,0.32129677
6.4672,0.368924412
6.4674,0.392726413
6.4676,0.416525988
6.4678,0.416504773
6.468,0.36884926
6.4682,0.44027828
6.4684,0.41644113
6.4686,0.416419915
6.4688,0.34496181
6.469,0.416377486
6.4692,0.368736531
6.4694,0.440143714
6.4696,0.440121286
6.4698,0.321067705
6.47,0.440076431
6.4702,0.36864259
6.4704,0.416228984
6.4706,0.368605013
6.4708,0.368586225
6.471,0.416165341
6.4712,0.416144126
6.4714,0.416122912
6.4716,0.368511073
6.4718,0.416080483
6.472,0.439852154
6.4722,0.439829726
6.4724,0.392226379
6.4726,0.201892407
6.4728,0.41597441
6.473,0.463526835
6.4732,0.368360767
6.4734,0.487263947
6.4736,0.439672732
6.4738,0.415868337
6.474,0.415847123
6.4742,0.368266826
6.4744,0.415804694
6.4746,0.415783479
6.4748,0.368210462
6.475,0.368191674
6.4752,0.415719836
6.4754,0.368154097
6.4756,0.415677407
6.4758,0.391886357
6.476,0.415634978
6.4762,0.368078945
6.4764,0.391826352
6.4766,0.391806351
6.4768,0.439313889
6.477,0.415528905
6.4772,0.367985004
6.4774,0.415486476
6.4776,0.415465262
6.4778,0.391686343
6.478,0.462935813
6.4782,0.154093568
6.4784,0.415380403
6.4786,0.391606338
6.4788,0.391586336
6.479,0.391566335
6.4792,0.415295545
6.4794,0.367778334
6.4796,0.367759546
6.4798,0.39148633
6.48,0.343977611
6.4802,0.367703182
6.4804,0.415168258
6.4806,0.320184167
6.4808,0.343907311
6.481,0.367628029
6.4812,0.367609241
6.4814,0.343854586
6.4816,0.367571664
6.4818,0.367552876
6.482,0.414998542
6.4822,0.320053273
6.4824,0.343766711
6.4826,0.367477724
6.4828,0.343731561
6.483,0.343713986
6.4832,0.319971464
6.4834,0.343678836
6.4836,0.31993874
6.4838,0.248758453
6.484,0.367346206
6.4842,0.319889655
6.4844,0.296155624
6.4846,0.319856931
6.4848,0.367271054
6.485,0.296110178
6.4852,0.367233477
6.4854,0.367214689
6.4856,0.343485512
6.4858,0.367177113
6.486,0.367158325
6.4862,0.367139537
6.4864,0.296004138
6.4866,0.438214932
6.4868,0.343380062
6.487,0.343362487
6.4872,0.295943543
6.4874,0.295928394
6.4876,0.390706277
6.4878,0.319595142
6.488,0.366970443
6.4882,0.366951655
6.4884,0.366932867
6.4886,0.366914079
6.4888,0.319513333
6.489,0.319496971
6.4892,0.390546266
6.4894,0.177340212
6.4896,0.319447886
6.4898,0.414171175
6.49,0.390466261
6.4902,0.414128746
6.4904,0.366744985
6.4906,0.390406257
6.4908,0.390386256
6.491,0.366688621
6.4912,0.342993412
6.4914,0.366651044
6.4916,0.342958262
6.4918,0.390286249
6.492,0.413937816
6.4922,0.319235182
6.4924,0.342887962
6.4926,0.366538315
6.4928,0.342852812
6.493,0.366500739
6.4932,0.366481951
6.4934,0.319137012
6.4936,0.390106237
6.4938,0.319104288
6.494,0.366406798
6.4942,0.319071564
6.4944,0.366369222
6.4946,0.39000623
6.4948,0.319022479
6.495,0.177085896
6.4952,0.366294069
6.4954,0.413577169
6.4956,0.318957032
6.4958,0.31894067
6.496,0.318924308
6.4962,0.366200128
6.4964,0.36618134
6.4966,0.295231558
6.4968,0.295216409
6.497,0.318842499
6.4972,0.366106187
6.4974,0.318809775
6.4976,0.318793414
6.4978,0.413322594
6.498,0.389666207
6.4982,0.295110369
6.4984,0.342360712
6.4986,0.318711605
6.4988,0.318695243
6.499,0.365937094
6.4992,0.365918306
6.4994,0.318646157
6.4996,0.365880729
6.4998,0.29498918
6.5,0.318597072
6.5002,0.31858071
6.5004,0.318564348
6.5006,0.153212179
6.5008,0.318531625
6.501,0.365749212
6.5012,0.318498901
6.5014,0.342097088
6.5016,0.342079513
6.5018,0.294837693
6.502,0.294822545
6.5022,0.342026788
6.5024,0.365617695
6.5026,0.389206176
6.5028,0.341974063
6.503,0.365561331
6.5032,0.389146172
6.5034,0.271114088
6.5036,0.38910617
6.5038,0.318286198
6.504,0.36546739
6.5042,0.365448602
6.5044,0.318237112
6.5046,0.318220751
6.5048,0.388986161
6.505,0.318188027
6.5052,0.388946159
6.5054,0.365335873
6.5056,0.412495228
6.5058,0.341710438
6.506,0.318106218
6.5062,0.24733356
6.5064,0.318073494
6.5066,0.388806149
6.5068,0.341622563
6.507,0.388766147
6.5072,0.341587413
6.5074,0.365147991
6.5076,0.365129203
6.5078,0.365110415
6.508,0.341517113
6.5082,0.388646139
6.5084,0.36505405
6.5086,0.365035262
6.5088,0.341446813
6.509,0.412134581
6.5092,0.341411663
6.5094,0.341394088
6.5096,0.364941321
6.5098,0.317795344
6.51,0.2942166
6.5102,0.364884957
6.5104,0.317746258
6.5106,0.388406122
6.5108,0.364828592
6.511,0.341253488
6.5112,0.364791016
6.5114,0.317664449
6.5116,0.388306116
6.5118,0.105668558
6.512,0.341165613
6.5122,0.364697075
6.5124,0.31758264
6.5126,0.364659499
6.5128,0.317549916
6.513,0.317533555
6.5132,0.317517193
6.5134,0.317500831
6.5136,0.317484469
6.5138,0.341007439
6.514,0.270375509
6.5142,0.340972289
6.5144,0.317419022
6.5146,0.31740266
6.5148,0.293853033
6.515,0.317369937
6.5152,0.317353575
6.5154,0.364396464
6.5156,0.340849264
6.5158,0.29377729
6.516,0.340814114
6.5162,0.317271766
6.5164,0.364302524
6.5166,0.317239042
6.5168,0.340743814
6.517,0.317206319
6.5172,0.317189957
6.5174,0.081998655
6.5176,0.317157233
6.5178,0.317140871
6.518,0.31712451
6.5182,0.340620789
6.5184,0.317091786
6.5186,0.340585639
6.5188,0.364077066
6.519,0.364058277
6.5192,0.270013188
6.5194,0.317009977
6.5196,0.411010211
6.5198,0.316977253
6.52,0.363964337
6.5202,0.31694453
6.5204,0.293428871
6.5206,0.316911806
6.5208,0.340392314
6.521,0.363870396
6.5212,0.410840495
6.5214,0.316846359
6.5216,0.410798066
6.5218,0.316813635
6.522,0.363776455
6.5222,0.363757667
6.5224,0.363738879
6.5226,0.387206042
6.5228,0.316731826
6.523,0.293231939
6.5232,0.363663726
6.5234,0.363644938
6.5236,0.410585921
6.5238,0.316650017
6.524,0.340111114
6.5242,0.340093539
6.5244,0.293125899
6.5246,0.363532209
6.5248,0.316568208
6.525,0.410437419
6.5252,0.340005664
6.5254,0.41039499
6.5256,0.363438268
6.5258,0.293019858
6.526,0.363400692
6.5262,0.33991779
6.5264,0.363363115
6.5266,0.363344327
6.5268,0.339865065
6.527,0.363306751
6.5272,0.363287963
6.5274,0.363269175
6.5276,0.386706008
6.5278,0.363231598
6.528,0.386666005
6.5282,0.386646004
6.5284,0.363175234
6.5286,0.269358222
6.5288,0.292792629
6.529,0.29277748
6.5292,0.292762332
6.5294,0.33963659
6.5296,0.339619015
6.5298,0.363043717
6.53,0.363024928
6.5302,0.386445991
6.5304,0.316110078
6.5306,0.316093716
6.5308,0.316077354
6.531,0.362930988
6.5312,0.31604463
6.5314,0.292595697
6.5316,0.339443265
6.5318,0.2925654
6.532,0.269121319
6.5322,0.315962821
6.5324,0.292519954
6.5326,0.315930098
6.5328,0.315913736
6.533,0.362743106
6.5332,0.292459359
6.5334,0.36270553
6.5336,0.362686741
6.5338,0.315831927
6.534,0.315815565
6.5342,0.315799203
6.5344,0.315782842
6.5346,0.31576648
6.5348,0.29233817
6.535,0.292323022
6.5352,0.315717394
6.5354,0.292292724
6.5356,0.315684671
6.5358,0.315668309
6.536,0.315651947
6.5362,0.29223213
6.5364,0.339021465
6.5366,0.362404919
6.5368,0.362386131
6.537,0.362367343
6.5372,0.315553776
6.5374,0.315537414
6.5376,0.315521053
6.5378,0.315504691
6.538,0.362273402
6.5382,0.33886329
6.5384,0.315455605
6.5386,0.33882814
6.5388,0.292035198
6.539,0.362179461
6.5392,0.362160673
6.5394,0.315373796
6.5396,0.338740266
6.5398,0.338722691
6.54,0.291944306
6.5402,0.315308349
6.5404,0.362047944
6.5406,0.362029156
6.5408,0.362010367
6.541,0.315242902
6.5412,0.338599666
6.5414,0.315210178
6.5416,0.315193817
6.5418,0.315177455
6.542,0.385265911
6.5422,0.338511791
6.5424,0.315128369
6.5426,0.361841274
6.5428,0.338459066
6.543,0.315079284
6.5432,0.338423916
6.5434,0.338406341
6.5436,0.315030198
6.5438,0.361728545
6.544,0.314997475
6.5442,0.314981113
6.5444,0.338318466
6.5446,0.314948389
6.5448,0.291580739
6.545,0.314915666
6.5452,0.314899304
6.5454,0.291535293
6.5456,0.338213016
6.5458,0.314850219
6.546,0.314833857
6.5462,0.338160291
6.5464,0.314801133
6.5466,0.361465511
6.5468,0.268090096
6.547,0.291414104
6.5472,0.314735686
6.5474,0.291383807
6.5476,0.314702962
6.5478,0.314686601
6.548,0.291338361
6.5482,0.291323212
6.5484,0.291308064
6.5486,0.291292915
6.5488,0.314604792
6.549,0.31458843
6.5492,0.314572068
6.5494,0.314555706
6.5496,0.291217172
6.5498,0.291202023
6.55,0.314506621
6.5502,0.314490259
6.5504,0.314473897
6.5506,0.314457535
6.5508,0.314441173
6.551,0.361052171
6.5512,0.31440845
6.5514,0.314392088
6.5516,0.314375726
6.5518,0.314359364
6.552,0.36095823
6.5522,0.337633041
6.5524,0.267699904
6.5526,0.290989943
6.5528,0.290974794
6.553,0.314261194
6.5532,0.360845501
6.5534,0.290929348
6.5536,0.314212108
6.5538,0.360789137
6.554,0.337474867
6.5542,0.314163023
6.5544,0.314146661
6.5546,0.314130299
6.5548,0.360695196
6.555,0.314097576
6.5552,0.267504808
6.5554,0.290777862
6.5556,0.337334267
6.5558,0.360601255
6.556,0.314015767
6.5562,0.360563679
6.5564,0.360544891
6.5566,0.360526102
6.5568,0.40706431
6.557,0.360488526
6.5572,0.360469738
6.5574,0.337176092
6.5576,0.406979451
6.5578,0.360413373
6.558,0.313852148
6.5582,0.360375797
6.5584,0.313819425
6.5586,0.360338221
6.5588,0.337053067
6.559,0.337035492
6.5592,0.313753978
6.5594,0.360263068
6.5596,0.313721254
6.5598,0.360225492
6.56,0.31368853
6.5602,0.336930042
6.5604,0.313655807
6.5606,0.406661234
6.5608,0.290368849
6.561,0.2903537
6.5612,0.290338552
6.5614,0.290323403
6.5616,0.313557636
6.5618,0.36003761
6.562,0.243784048
6.5622,0.290262809
6.5624,0.313492189
6.5626,0.290232511
6.5628,0.313459465
6.563,0.290202214
6.5632,0.336666417
6.5634,0.290171917
6.5636,0.290156768
6.5638,0.29014162
6.564,0.336596117
6.5642,0.313344933
6.5644,0.313328571
6.5646,0.313312209
6.5648,0.336525817
6.565,0.313279485
6.5652,0.359718211
6.5654,0.313246762
6.5656,0.290005282
6.5658,0.359661847
6.566,0.289974985
6.5662,0.336402792
6.5664,0.336385217
6.5666,0.289929539
6.5668,0.313132229
6.567,0.336332493
6.5672,0.336314918
6.5674,0.313083144
6.5676,0.289853796
6.5678,0.31305042
6.568,0.313034058
6.5682,0.405855082
6.5684,0.289793201
6.5686,0.312984973
6.5688,0.359380024
6.569,0.312952249
6.5692,0.382545728
6.5694,0.312919526
6.5696,0.312903164
6.5698,0.336086443
6.57,0.31287044
6.5702,0.405642936
6.5704,0.359229719
6.5706,0.312821355
6.5708,0.289611418
6.571,0.359173355
6.5712,0.405536864
6.5714,0.359135778
6.5716,0.312739546
6.5718,0.359098202
6.572,0.312706822
6.5722,0.359060626
6.5724,0.359041837
6.5726,0.335840393
6.5728,0.359004261
6.573,0.358985473
6.5732,0.358966685
6.5734,0.335770093
6.5736,0.358929108
6.5738,0.35891032
6.574,0.312543204
6.5742,0.312526842
6.5744,0.382025693
6.5746,0.358835168
6.5748,0.358816379
6.575,0.358797591
6.5752,0.335611918
6.5754,0.312428671
6.5756,0.358741227
6.5758,0.358722439
6.576,0.335541618
6.5762,0.381845681
6.5764,0.289187256
6.5766,0.335488893
6.5768,0.358628498
6.577,0.312297777
6.5772,0.312281415
6.5774,0.381725673
6.5776,0.312248692
6.5778,0.38168567
6.578,0.289066067
6.5782,0.312199606
6.5784,0.28903577
6.5786,0.289020621
6.5788,0.335295568
6.579,0.26584649
6.5792,0.335260418
6.5794,0.335242843
6.5796,0.288944878
6.5798,0.358346675
6.58,0.265776812
6.5802,0.358309099
6.5804,0.312019626
6.5806,0.312003265
6.5808,0.288853986
6.581,0.265707135
6.5812,0.288823689
6.5814,0.311937817
6.5816,0.288793392
6.5818,0.311905094
6.582,0.219386184
6.5822,0.288747946
6.5824,0.288732797
6.5826,0.288717649
6.5828,0.358064853
6.583,0.288687352
6.5832,0.288672203
6.5834,0.288657054
6.5836,0.311757837
6.5838,0.357970912
6.584,0.265498103
6.5842,0.311708752
6.5844,0.31169239
6.5846,0.334785894
6.5848,0.357876971
6.585,0.311643305
6.5852,0.311626943
6.5854,0.334715594
6.5856,0.311594219
6.5858,0.311577858
6.586,0.311561496
6.5862,0.334645294
6.5864,0.311528772
6.5866,0.380805611
6.5868,0.334592569
6.587,0.334574994
6.5872,0.311463325
6.5874,0.334539844
6.5876,0.334522269
6.5878,0.357595149
6.588,0.311397878
6.5882,0.357557572
6.5884,0.311365154
6.5886,0.311348792
6.5888,0.357501208
6.589,0.288232893
6.5892,0.357463631
6.5894,0.357444843
6.5896,0.311266983
6.5898,0.357407267
6.59,0.28815715
6.5902,0.357369691
6.5904,0.334276219
6.5906,0.311185174
6.5908,0.334241069
6.591,0.311152451
6.5912,0.38034558
6.5914,0.334188344
6.5916,0.311103365
6.5918,0.357219385
6.592,0.311070642
6.5922,0.31105428
6.5924,0.357163021
6.5926,0.287960218
6.5928,0.334065319
6.593,0.28792992
6.5932,0.357087868
6.5934,0.35706908
6.5936,0.310939747
6.5938,0.357031504
6.594,0.287854177
6.5942,0.333942295
6.5944,0.403075979
6.5946,0.287808731
6.5948,0.310841576
6.595,0.287778434
6.5952,0.379945553
6.5954,0.333836845
6.5956,0.287732988
6.5958,0.333801695
6.596,0.310743405
6.5962,0.287687542
6.5964,0.287672394
6.5966,0.218546021
6.5968,0.310677958
6.597,0.310661596
6.5972,0.287611799
6.5974,0.356693317
6.5976,0.287581502
6.5978,0.287566353
6.598,0.310579787
6.5982,0.310563426
6.5984,0.33357322
6.5986,0.310530702
6.5988,0.28749061
6.599,0.241430429
6.5992,0.287460313
6.5994,0.356505435
6.5996,0.287430016
6.5998,0.310432531
6.6,0.310416169
6.6002,0.310399808
6.6004,0.287369421
6.6006,0.356392706
6.6008,0.287339124
6.601,0.31033436
6.6012,0.33332717
6.6014,0.287293678
6.6016,0.310285275
6.6018,0.333274445
6.602,0.310252551
6.6022,0.356242401
6.6024,0.356223613
6.6026,0.333204145
6.6028,0.264188172
6.603,0.310170742
6.6032,0.35614846
6.6034,0.333133845
6.6036,0.356110884
6.6038,0.310105295
6.604,0.310088933
6.6042,0.402036467
6.6044,0.356035731
6.6046,0.356016943
6.6048,0.33301082
6.605,0.355979366
6.6052,0.355960578
6.6054,0.35594179
6.6056,0.33294052
6.6058,0.355904214
6.606,0.355885426
6.6062,0.355866637
6.6064,0.355847849
6.6066,0.378805477
6.6068,0.401760678
6.607,0.355791485
6.6072,0.378745473
6.6074,0.401697035
6.6076,0.35573512
6.6078,0.378685469
6.608,0.355697544
6.6082,0.332712046
6.6084,0.332694471
6.6086,0.309712612
6.6088,0.355622391
6.609,0.401527318
6.6092,0.355584815
6.6094,0.401484889
6.6096,0.378505457
6.6098,0.309614441
6.61,0.355509662
6.6102,0.355490874
6.6104,0.401378817
6.6106,0.309548994
6.6108,0.309532632
6.611,0.355415721
6.6112,0.355396933
6.6114,0.378325444
6.6116,0.332413271
6.6118,0.378285442
6.612,0.355321781
6.6122,0.286475652
6.6124,0.355284204
6.6126,0.355265416
6.6128,0.42406305
6.613,0.35522784
6.6132,0.30933629
6.6134,0.355190263
6.6136,0.309303567
6.6138,0.378085428
6.614,0.378065427
6.6142,0.355115111
6.6144,0.355096323
6.6146,0.332149646
6.6148,0.332132071
6.615,0.37796542
6.6152,0.377945419
6.6154,0.355002382
6.6156,0.354983594
6.6158,0.354964806
6.616,0.354946017
6.6162,0.354927229
6.6164,0.354908441
6.6166,0.354889653
6.6168,0.354870865
6.617,0.377765407
6.6172,0.377745405
6.6174,0.400636308
6.6176,0.377705403
6.6178,0.354776924
6.618,0.400572665
6.6182,0.354739348
6.6184,0.354720559
6.6186,0.331798146
6.6188,0.354682983
6.619,0.354664195
6.6192,0.354645407
6.6194,0.377525391
6.6196,0.331710271
6.6198,0.354589042
6.62,0.377465387
6.6202,0.400339305
6.6204,0.354532678
6.6206,0.35451389
6.6208,0.446056221
6.621,0.37736538
6.6212,0.400233232
6.6214,0.445985299
6.6216,0.354419949
6.6218,0.400169589
6.622,0.423031375
6.6222,0.354363584
6.6224,0.354344796
6.6226,0.400084731
6.6228,0.422941664
6.623,0.445796171
6.6232,0.331393922
6.6234,0.422874381
6.6236,0.308485476
6.6238,0.399957444
6.624,0.445677967
6.6242,0.399915015
6.6244,0.3998938
6.6246,0.445607044
6.6248,0.354119338
6.625,0.445559763
6.6252,0.376945352
6.6254,0.399787727
6.6256,0.399766513
6.6258,0.376885348
6.626,0.422582821
6.6262,0.353987821
6.6264,0.445394276
6.6266,0.353950245
6.6268,0.399639226
6.627,0.399618011
6.6272,0.35389388
6.6274,0.399575582
6.6276,0.422403399
6.6278,0.399533153
6.628,0.353818727
6.6282,0.399490724
6.6284,0.353781151
6.6286,0.422291261
6.6288,0.353743575
6.629,0.376565326
6.6292,0.353705998
6.6294,0.35368721
6.6296,0.353668422
6.6298,0.376485321
6.63,0.307961899
6.6302,0.46777836
6.6304,0.353593269
6.6306,0.353574481
6.6308,0.353555693
6.631,0.353536905
6.6312,0.353518117
6.6314,0.421977273
6.6316,0.376305309
6.6318,0.399108863
6.632,0.444732332
6.6322,0.353424176
6.6324,0.353405388
6.6326,0.421842707
6.6328,0.376185301
6.633,0.353349023
6.6332,0.353330235
6.6334,0.376125296
6.6336,0.398917932
6.6338,0.307651024
6.634,0.376065292
6.6342,0.330427297
6.6344,0.353217506
6.6346,0.353198718
6.6348,0.35317993
6.635,0.330356998
6.6352,0.330339423
6.6354,0.398727001
6.6356,0.375905282
6.6358,0.37588528
6.636,0.353067201
6.6362,0.353048413
6.6364,0.398620929
6.6366,0.421394153
6.6368,0.352992048
6.637,0.398557285
6.6372,0.352954472
6.6374,0.398514856
6.6376,0.444070387
6.6378,0.375685267
6.638,0.398451212
6.6382,0.352860531
6.6384,0.330058223
6.6386,0.443952182
6.6388,0.352804167
6.639,0.42112502
6.6392,0.398323925
6.6394,0.443857619
6.6396,0.398281496
6.6398,0.398260282
6.64,0.398239067
6.6402,0.352672649
6.6404,0.352653861
6.6406,0.307094723
6.6408,0.352616285
6.641,0.420900743
6.6412,0.329812173
6.6414,0.398090565
6.6416,0.398069351
6.6418,0.37528524
6.642,0.375265239
6.6422,0.420766177
6.6424,0.375225236
6.6426,0.375205235
6.6428,0.397942064
6.643,0.397920849
6.6432,0.48891725
6.6434,0.39787842
6.6436,0.397857206
6.6438,0.397835991
6.644,0.397814777
6.6442,0.375045224
6.6444,0.397772347
6.6446,0.306767487
6.6448,0.443219315
6.645,0.397708704
6.6452,0.306718401
6.6454,0.397666275
6.6456,0.39764506
6.6458,0.420362478
6.646,0.352127793
6.6462,0.37484521
6.6464,0.443030188
6.6466,0.374805208
6.6468,0.397517773
6.647,0.397496559
6.6472,0.374745204
6.6474,0.39745413
6.6476,0.351977487
6.6478,0.351958699
6.648,0.397390486
6.6482,0.306472974
6.6484,0.351902335
6.6486,0.351883546
6.6488,0.442746497
6.649,0.374565192
6.6492,0.351827182
6.6494,0.374525189
6.6496,0.351789606
6.6498,0.351770817
6.65,0.397178341
6.6502,0.351733241
6.6504,0.351714453
6.6506,0.397114697
6.6508,0.374385179
6.651,0.397072268
6.6512,0.306227547
6.6514,0.351620512
6.6516,0.397008625
6.6518,0.374285173
6.652,0.419667219
6.6522,0.351545359
6.6524,0.487718157
6.6526,0.419599936
6.6528,0.396881337
6.653,0.374165165
6.6532,0.328757674
6.6534,0.396817694
6.6536,0.419487798
6.6538,0.396775265
6.654,0.39675405
6.6542,0.328669799
6.6544,0.396711621
6.6546,0.374005154
6.6548,0.373985153
6.655,0.44201363
6.6552,0.328581924
6.6554,0.441966348
6.6556,0.441942707
6.6558,0.39656312
6.656,0.419218665
6.6562,0.419196238
6.6564,0.396499476
6.6566,0.441824503
6.6568,0.328441324
6.657,0.396435832
6.6572,0.351075655
6.6574,0.441729939
6.6576,0.373705134
6.6578,0.396350974
6.658,0.39632976
6.6582,0.396308545
6.6584,0.396287331
6.6586,0.441588094
6.6588,0.396244902
6.659,0.41888225
6.6592,0.396202473
6.6594,0.396181258
6.6596,0.418814967
6.6598,0.396138829
6.66,0.486727601
6.6602,0.350793833
6.6604,0.418725256
6.6606,0.396053971
6.6608,0.441328044
6.661,0.373365111
6.6612,0.350699892
6.6614,0.395969113
6.6616,0.395947898
6.6618,0.32800195
6.662,0.395905469
6.6622,0.350605951
6.6624,0.350587163
6.6626,0.418478551
6.6628,0.28264305
6.663,0.395799397
6.6632,0.305245839
6.6634,0.395756968
6.6636,0.373105093
6.6638,0.350455646
6.664,0.395693324
6.6642,0.373045089
6.6644,0.327773475
6.6646,0.373005087
6.6648,0.395608466
6.665,0.372965084
6.6652,0.372945083
6.6654,0.350305341
6.6656,0.418142135
6.6658,0.372885079
6.666,0.41809728
6.6662,0.372845076
6.6664,0.39543875
6.6666,0.350192612
6.6668,0.350173823
6.667,0.395375106
6.6672,0.350136247
6.6674,0.395332677
6.6676,0.395311463
6.6678,0.304869517
6.668,0.395269034
6.6682,0.395247819
6.6684,0.350023518
6.6686,0.37260506
6.6688,0.349985942
6.669,0.440358768
6.6692,0.349948365
6.6694,0.395120532
6.6696,0.395099317
6.6698,0.395078103
6.67,0.349873213
6.6702,0.349854425
6.6704,0.372425048
6.6706,0.417581443
6.6708,0.39497203
6.671,0.440122359
6.6712,0.440098718
6.6714,0.372325041
6.6716,0.394887172
6.6718,0.3271232
6.672,0.440004155
6.6722,0.394823528
6.6724,0.417379593
6.6726,0.439933232
6.6728,0.394759885
6.673,0.41731231
6.6732,0.372145029
6.6734,0.349553814
6.6736,0.439815028
6.6738,0.417222599
6.674,0.394632598
6.6742,0.394611383
6.6744,0.394590169
6.6746,0.372005019
6.6748,0.39454774
6.675,0.439649541
6.6752,0.394505311
6.6754,0.417043178
6.6756,0.394462882
6.6758,0.394441667
6.676,0.439531337
6.6762,0.416953467
6.6764,0.394378023
6.6766,0.439460414
6.6768,0.461987363
6.677,0.439413132
6.6772,0.349196839
6.6774,0.349178051
6.6776,0.371704999
6.6778,0.416774045
6.678,0.371664997
6.6782,0.371644995
6.6784,0.371624994
6.6786,0.371604992
6.6788,0.326508076
6.679,0.394102235
6.6792,0.39408102
6.6794,0.439129442
6.6796,0.348971381
6.6798,0.303887809
6.68,0.393996162
6.6802,0.348915016
6.6804,0.37142498
6.6806,0.393932518
6.6808,0.326332326
6.681,0.393890089
6.6812,0.393868875
6.6814,0.438893033
6.6816,0.393826446
6.6818,0.348764711
6.682,0.37126497
6.6822,0.348727135
6.6824,0.461291449
6.6826,0.393720373
6.6828,0.303642382
6.683,0.393677944
6.6832,0.348633194
6.6834,0.348614406
6.6836,0.348595617
6.6838,0.416101214
6.684,0.348558041
6.6842,0.371044955
6.6844,0.348520465
6.6846,0.325998401
6.6848,0.370984951
6.685,0.370964949
6.6852,0.325945676
6.6854,0.348426524
6.6856,0.393402155
6.6858,0.393380941
6.686,0.393359726
6.6862,0.393338512
6.6864,0.393317297
6.6866,0.370804939
6.6868,0.393274868
6.687,0.415742371
6.6872,0.393232439
6.6874,0.393211225
6.6876,0.39319001
6.6878,0.370684931
6.688,0.483078187
6.6882,0.370644928
6.6884,0.393105152
6.6886,0.415562949
6.6888,0.348107125
6.689,0.415518094
6.6892,0.437971038
6.6894,0.392999079
6.6896,0.415450811
6.6898,0.348013184
6.69,0.415405955
6.6902,0.46032214
6.6904,0.392893007
6.6906,0.437805552
6.6908,0.37038491
6.691,0.370364909
6.6912,0.43773463
6.6914,0.415248961
6.6916,0.39276572
6.6918,0.392744505
6.692,0.392723291
6.6922,0.415159251
6.6924,0.392680861
6.6926,0.437569143
6.6928,0.392638432
6.693,0.325260252
6.6932,0.392596003
6.6934,0.347674997
6.6936,0.527245669
6.6938,0.37008489
6.694,0.325172377
6.6942,0.392489931
6.6944,0.392468716
6.6946,0.392447502
6.6948,0.392426287
6.695,0.392405073
6.6952,0.392383858
6.6954,0.347487116
6.6956,0.392341429
6.6958,0.302578865
6.696,0.347430751
6.6962,0.392277785
6.6964,0.369824873
6.6966,0.347374387
6.6968,0.392214142
6.697,0.34733681
6.6972,0.369744867
6.6974,0.324873602
6.6976,0.347280446
6.6978,0.369684863
6.698,0.392086855
6.6982,0.39206564
6.6984,0.347205293
6.6986,0.392023211
6.6988,0.347167717
6.699,0.347148929
6.6992,0.459203708
6.6994,0.369524853
6.6996,0.391917139
6.6998,0.347073776
6.7,0.347054988
6.7002,0.3470362
6.7004,0.324609977
6.7006,0.369404844
6.7008,0.346979835
6.701,0.324557252
6.7012,0.391747422
6.7014,0.346923471
6.7016,0.391704993
6.7018,0.346885894
6.702,0.302071649
6.7022,0.39164135
6.7024,0.34682953
6.7026,0.369204831
6.7028,0.346791954
6.703,0.346773165
6.7032,0.391535277
6.7034,0.346735589
6.7036,0.413880871
6.7038,0.301924392
6.704,0.301908031
6.7042,0.436197972
6.7044,0.346641648
6.7046,0.413768733
6.7048,0.436127049
6.705,0.324205753
6.7052,0.436079768
6.7054,0.346547707
6.7056,0.391280703
6.7058,0.391259488
6.706,0.346491343
6.7062,0.413589311
6.7064,0.346453767
6.7066,0.39117463
6.7068,0.34641619
6.707,0.346397402
6.7072,0.435843359
6.7074,0.346359826
6.7076,0.368704797
6.7078,0.368684796
6.708,0.391026128
6.7082,0.391004914
6.7084,0.390983699
6.7086,0.346247097
6.7088,0.368584789
6.709,0.368564788
6.7092,0.390898841
6.7094,0.346171944
6.7096,0.390856412
6.7098,0.390835198
6.71,0.34611558
6.7102,0.36844478
6.7104,0.390771554
6.7106,0.435441464
6.7108,0.390729125
6.711,0.346021639
6.7112,0.390686696
6.7114,0.345984063
6.7116,0.435323259
6.7118,0.345946486
6.712,0.345927698
6.7122,0.368244766
6.7124,0.345890122
6.7126,0.412871625
6.7128,0.301188111
6.713,0.278840745
6.7132,0.278825597
6.7134,0.278810448
6.7136,0.390432122
6.7138,0.390410907
6.714,0.323414878
6.7142,0.390368478
6.7144,0.368024752
6.7146,0.390326049
6.7148,0.345664664
6.715,0.301008131
6.7152,0.345627087
6.7154,0.323291853
6.7156,0.345589511
6.7158,0.300942684
6.716,0.457115966
6.7162,0.300909961
6.7164,0.323203979
6.7166,0.390113904
6.7168,0.345476782
6.717,0.300844513
6.7172,0.345439206
6.7174,0.345420418
6.7176,0.345401629
6.7178,0.367684729
6.718,0.323063379
6.7182,0.323045804
6.7184,0.300729981
6.7186,0.367604723
6.7188,0.434472187
6.719,0.345270112
6.7192,0.345251324
6.7194,0.345232536
6.7196,0.389795686
6.7198,0.34519496
6.72,0.300599086
6.7202,0.434306701
6.7204,0.345138595
6.7206,0.389689613
6.7208,0.389668399
6.721,0.389647184
6.7212,0.367344706
6.7214,0.389604755
6.7216,0.47869889
6.7218,0.322729454
6.722,0.389541112
6.7222,0.389519897
6.7224,0.344950713
6.7226,0.389477468
6.7228,0.389456254
6.723,0.389435039
6.7232,0.344875561
6.7234,0.38939261
6.7236,0.389371396
6.7238,0.389350181
6.724,0.367064687
6.7242,0.34478162
6.7244,0.389286537
6.7246,0.389265323
6.7248,0.389244108
6.725,0.344706467
6.7252,0.344687679
6.7254,0.389180465
6.7256,0.38915925
6.7258,0.366884675
6.726,0.389116821
6.7262,0.366844672
6.7264,0.366824671
6.7266,0.411301685
6.7268,0.344537374
6.727,0.344518586
6.7272,0.455724138
6.7274,0.299993699
6.7276,0.366704663
6.7278,0.366684662
6.728,0.299944614
6.7282,0.344405857
6.7284,0.344387068
6.7286,0.34436828
6.7288,0.388819818
6.729,0.322096754
6.7292,0.344311916
6.7294,0.344293128
6.7296,0.29981372
6.7298,0.388713745
6.73,0.344236763
6.7302,0.388671316
6.7304,0.299748272
6.7306,0.366404643
6.7308,0.34416161
6.731,0.344142822
6.7312,0.344124034
6.7314,0.344105246
6.7316,0.366304636
6.7318,0.3885016
6.732,0.277401626
6.7322,0.366244632
6.7324,0.344011305
6.7326,0.388416742
6.7328,0.410606426
6.733,0.366164627
6.7332,0.343936153
6.7334,0.343917364
6.7336,0.343898576
6.7338,0.343879788
6.734,0.32165738
6.7342,0.388247026
6.7344,0.366024617
6.7346,0.343804635
6.7348,0.343785847
6.735,0.321569505
6.7352,0.343748271
6.7354,0.36592461
6.7356,0.365904609
6.7358,0.277113802
6.736,0.365864606
6.7362,0.34365433
6.7364,0.343635542
6.7366,0.343616754
6.7368,0.410157872
6.737,0.343579177
6.7372,0.365744598
6.7374,0.276992613
6.7376,0.343522813
6.7378,0.343504025
6.738,0.365664593
6.7382,0.432179022
6.7384,0.432155381
6.7386,0.343428872
6.7388,0.32123558
6.739,0.365564586
6.7392,0.387716663
6.7394,0.387695448
6.7396,0.365504582
6.7398,0.387653019
6.74,0.365464579
6.7402,0.38761059
6.7404,0.387589375
6.7406,0.387568161
6.7408,0.365384574
6.741,0.343203414
6.7412,0.365344571
6.7414,0.387483303
6.7416,0.365304569
6.7418,0.387440874
6.742,0.365264566
6.7422,0.365244565
6.7424,0.38737723
6.7426,0.343053109
6.7428,0.365184561
6.743,0.343015532
6.7432,0.342996744
6.7434,0.365124557
6.7436,0.365104555
6.7438,0.34294038
6.744,0.387207514
6.7442,0.387186299
6.7444,0.298602946
6.7446,0.320725906
6.7448,0.364984547
6.745,0.342827651
6.7452,0.431351591
6.7454,0.342790074
6.7456,0.298504775
6.7458,0.342752498
6.746,0.34273371
6.7462,0.342714922
6.7464,0.342696134
6.7466,0.386931725
6.7468,0.320532581
6.747,0.364764532
6.7472,0.320497431
6.7474,0.342602193
6.7476,0.298341157
6.7478,0.386804438
6.748,0.342545828
6.7482,0.364644524
6.7484,0.342508252
6.7486,0.298259348
6.7488,0.342470676
6.749,0.298226624
6.7492,0.386655936
6.7494,0.364524516
6.7496,0.430831491
6.7498,0.386592293
6.75,0.364464512
6.7502,0.364444511
6.7504,0.386528649
6.7506,0.342301582
6.7508,0.342282794
6.751,0.342264006
6.7512,0.386443791
6.7514,0.364324503
6.7516,0.342207641
6.7518,0.342188853
6.752,0.342170065
6.7522,0.43052416
6.7524,0.320040481
6.7526,0.386295289
6.7528,0.430453237
6.753,0.408341228
6.7532,0.364144491
6.7534,0.364124489
6.7536,0.386189217
6.7538,0.408251517
6.754,0.386146788
6.7542,0.341963395
6.7544,0.43026411
6.7546,0.386083144
6.7548,0.36398448
6.755,0.386040715
6.7552,0.518469638
6.7554,0.363924476
6.7556,0.363904475
6.7558,0.385955857
6.756,0.430074983
6.7562,0.430051342
6.7564,0.407959957
6.7566,0.319671407
6.7568,0.407915102
6.757,0.363764465
6.7572,0.385807355
6.7574,0.429909497
6.7576,0.385764926
6.7578,0.385743712
6.758,0.363664458
6.7582,0.407758108
6.7584,0.429791292
6.7586,0.429767651
6.7588,0.407690825
6.759,0.407668397
6.7592,0.341493691
6.7594,0.407623542
6.7596,0.385552781
6.7598,0.407578686
6.76,0.385510352
6.7602,0.407533831
6.7604,0.407511403
6.7606,0.363404441
6.7608,0.517671817
6.761,0.341324598
6.7612,0.341305809
6.7614,0.38536185
6.7616,0.341268233
6.7618,0.385319421
6.762,0.429365756
6.7622,0.36324443
6.7624,0.407287126
6.7626,0.297114022
6.7628,0.385213349
6.763,0.385192134
6.7632,0.341117928
6.7634,0.34109914
6.7636,0.517272907
6.7638,0.385107276
6.764,0.385086061
6.7642,0.385064847
6.7644,0.341005199
6.7646,0.340986411
6.7648,0.429034784
6.765,0.406995566
6.7652,0.340930046
6.7654,0.362924409
6.7656,0.384916345
6.7658,0.340873682
6.766,0.340854893
6.7662,0.384852702
6.7664,0.472859827
6.7666,0.384810273
6.7668,0.450803034
6.767,0.384767844
6.7672,0.384746629
6.7674,0.428727452
6.7676,0.3847042
6.7678,0.384682985
6.768,0.42865653
6.7682,0.384640556
6.7684,0.406614295
6.7686,0.384598127
6.7688,0.40656944
6.769,0.362564384
6.7692,0.560455287
6.7694,0.428491044
6.7696,0.428467403
6.7698,0.428443762
6.77,0.428420121
6.7702,0.450380514
6.7704,0.45035566
6.7706,0.428349198
6.7708,0.428325557
6.771,0.428301916
6.7712,0.384322339
6.7714,0.406277879
6.7716,0.450206536
6.7718,0.428207353
6.772,0.472129944
6.7722,0.428160071
6.7724,0.42813643
6.7726,0.36220436
6.7728,0.384152622
6.773,0.428065508
6.7732,0.450007703
6.7734,0.449982849
6.7736,0.427994585
6.7738,0.471895339
6.774,0.427947303
6.7742,0.427923662
6.7744,0.471817137
6.7746,0.362004347
6.7748,0.735238579
6.775,0.427829099
6.7752,0.427805458
6.7754,0.471686801
6.7756,0.383855619
6.7758,0.427734535
6.776,0.449659747
6.7762,0.383791975
6.7764,0.427663613
6.7766,0.427639972
6.7768,0.44956033
6.777,0.42759269
6.7772,0.427569049
6.7774,0.427545408
6.7776,0.186191152
6.7778,0.427498126
6.778,0.383601045
6.7782,0.405515337
6.7784,0.449361498
6.7786,0.339671239
6.7788,0.405448054
6.779,0.405425627
6.7792,0.383473758
6.7794,0.383452543
6.7796,0.295723268
6.7798,0.427261717
6.78,0.405313488
6.7802,0.427214436
6.7804,1.391765937
6.7806,0.339483357
6.7808,0.405223777
6.781,0.339445781
6.7812,0.405178922
6.7814,0.361324301
6.7816,0.42704895
6.7818,0.405111639
6.782,0.383176754
6.7822,0.426978027
6.7824,0.426954386
6.7826,0.383113111
6.7828,0.426907104
6.783,0.404977072
6.7832,0.229713222
6.7834,0.426836182
6.7836,0.361104286
6.7838,0.404887362
6.784,0.382964609
6.7842,0.382943394
6.7844,0.426717977
6.7846,0.382900965
6.7848,0.404775223
6.785,0.426647054
6.7852,0.382837322
6.7854,0.470383439
6.7856,0.382794893
6.7858,0.404663085
6.786,1.936814187
6.7862,0.426505209
6.7864,0.360824267
6.7866,0.426457927
6.7868,0.470200968
6.787,0.382646391
6.7872,0.426387005
6.7874,0.470122766
6.7876,0.426339723
6.7878,0.448193357
6.788,0.426292441
6.7882,0.382519104
6.7884,0.46999243
6.7886,0.404349097
6.7888,0.404326669
6.789,0.448044232
6.7892,0.426150596
6.7894,0.447994524
6.7896,0.426103314
6.7898,0.40421453
6.79,0.469783892
6.7902,0.426032391
6.7904,0.469731757
6.7906,0.42598511
6.7908,0.4915387
6.791,0.469653556
6.7912,0.469627488
6.7914,0.469601421
6.7916,1.147056306
6.7918,0.513255309
6.792,0.425819624
6.7922,0.469497152
6.7924,0.447621713
6.7926,0.447596859
6.7928,0.46941895
6.793,0.425701419
6.7932,0.403833259
6.7934,0.491184054
6.7936,0.447472589
6.7938,0.469288614
6.794,0.425583215
6.7942,0.425559574
6.7944,0.469210413
6.7946,0.425512292
6.7948,0.512827905
6.795,0.469132211
6.7952,0.425441369
6.7954,0.425417728
6.7956,0.425394088
6.7958,0.512685437
6.796,0.425346806
6.7962,0.447149486
6.7964,0.447124632
6.7966,0.468923673
6.7968,0.447074924
6.797,0.468871538
6.7972,-0.207582441
6.7974,0.490638446
6.7976,0.468793337
6.7978,0.425134038
6.798,0.468741202
6.7982,0.468715135
6.7984,0.468689068
6.7986,0.381415949
6.7988,0.468636933
6.799,0.468610866
6.7992,0.424968552
6.7994,0.490365642
6.7996,0.468532664
6.7998,0.446702113
6.8,0.424873988
6.8002,0.424850347
6.8004,0.468428395
6.8006,0.468402328
6.8008,0.490174679
6.801,0.446552988
6.8012,0.424732143
6.8014,0.468298059
6.8016,0.468271992
6.8018,0.468245924
6.802,0.468219857
6.8022,0.511773641
6.8024,0.44637901
6.8026,0.511716654
6.8028,-1.666940457
6.803,0.424519375
6.8032,0.468063454
6.8034,0.51160268
6.8036,0.468011319
6.8038,0.467985252
6.804,0.402622163
6.8042,0.42437753
6.8044,0.489683631
6.8046,0.511431718
6.8048,0.48962907
6.805,0.511374731
6.8052,0.511346237
6.8054,0.554858773
6.8056,0.51128925
6.8058,0.533028845
6.806,0.489465388
6.8062,0.467672445
6.8064,0.467646378
6.8066,0.511146782
6.8068,0.554642334
6.807,0.467568176
6.8072,0.532820897
6.8074,0.511032807
6.8076,0.358704125
6.8078,0.532731777
6.808,0.53270207
6.8082,0.510918833
6.8084,-0.185183809
6.8086,0.467359638
6.8088,0.510833352
6.809,0.445558826
6.8092,0.510776365
6.8094,0.467255369
6.8096,0.467229302
6.8098,0.510690884
6.81,0.445434555
6.8102,0.445409701
6.8104,0.467125033
6.8106,0.51057691
6.8108,0.510548416
6.811,0.467046831
6.8112,0.488756096
6.8114,0.510462935
6.8116,0.466968629
6.8118,0.466942562
6.812,0.532107934
6.8122,0.510348961
6.8124,0.46686436
6.8126,0.423384612
6.8128,0.466812226
6.813,0.466786159
6.8132,0.510206493
6.8134,0.445012036
6.8136,0.53187028
6.8138,0.46668189
6.814,-1.270812025
6.8142,0.466629755
6.8144,0.48831961
6.8146,0.466577621
6.8148,0.466551554
6.815,0.444813204
6.8152,0.423077281
6.8154,0.509893063
6.8156,0.423029999
6.8158,0.466421217
6.816,0.509807582
6.8162,0.422959076
6.8164,0.466343016
6.8166,0.509722102
6.8168,0.531394972
6.817,0.487964964
6.8172,0.422840872
6.8174,0.487910403
6.8176,0.466186612
6.8178,0.422769949
6.818,0.466134478
6.8182,0.46610841
6.8184,0.422699027
6.8186,0.444365831
6.8188,0.422651745
6.819,0.466004141
6.8192,0.465978074
6.8194,0.509323191
6.8196,0.140660254
6.8198,0.487583038
6.82,0.487555758
6.8202,0.487528477
6.8204,0.422462618
6.8206,0.530830543
6.8208,0.465769536
6.821,0.487419356
6.8212,0.509066749
6.8214,0.509038255
6.8216,0.465665267
6.8218,0.530652302
6.822,0.487282953
6.8222,0.530592888
6.8224,0.552230576
6.8226,0.530533475
6.8228,0.487173832
6.823,0.530474061
6.8232,0.422131645
6.8234,0.487091991
6.8236,0.530384941
6.8238,0.530355234
6.824,0.443694771
6.8242,0.508639345
6.8244,0.681852953
6.8246,0.465274259
6.8248,0.465248191
6.825,0.551828617
6.8252,0.378594417
6.8254,0.508468383
6.8256,0.551735857
6.8258,0.486764625
6.826,0.573319574
6.8262,0.508354409
6.8264,0.465039653
6.8266,0.378445915
6.8268,0.508268928
6.827,0.486600943
6.8272,0.464935384
6.8274,0.464909317
6.8276,0.529790805
6.8278,0.464857183
6.828,0.551364817
6.8282,0.464805048
6.8284,0.48640998
6.8286,0.551272057
6.8288,0.486355419
6.829,0.464700779
6.8292,0.443048565
6.8294,0.551148378
6.8296,0.464622577
6.8298,0.507841524
6.83,0.551055618
6.8302,0.464544376
6.8304,0.442899441
6.8306,0.464492241
6.8308,0.421233292
6.831,0.486055334
6.8312,0.486028054
6.8314,0.507613575
6.8316,0.442750316
6.8318,0.464335838
6.832,0.46430977
6.8322,0.442675754
6.8324,0.464257636
6.8326,0.464231569
6.8328,0.50741412
6.833,0.48578253
6.8332,0.464153367
6.8334,0.4641273
6.8336,0.572098515
6.8338,0.572066382
6.834,0.507243158
6.8342,0.507214664
6.8344,0.507186171
6.8346,0.528751068
6.8348,0.550313538
6.835,0.50710069
6.8352,0.507072196
6.8354,0.550220779
6.8356,0.528602534
6.8358,0.528572827
6.836,0.506958222
6.8362,0.528513413
6.8364,0.442153819
6.8366,0.550035259
6.8368,0.506844248
6.837,0.506815754
6.8372,0.528364879
6.8374,0.506758767
6.8376,0.528305466
6.8378,0.4851278
6.838,0.506673286
6.8382,0.528216346
6.8384,0.528186639
6.8386,0.506587805
6.8388,0.484991398
6.839,0.506530818
6.8392,0.635895249
6.8394,0.463345282
6.8396,0.506445337
6.8398,0.506416843
6.84,0.484827715
6.8402,0.463241013
6.8404,0.441656738
6.8406,0.506302869
6.8408,0.463162812
6.841,0.54935502
6.8412,0.527770744
6.8414,0.46308461
6.8416,0.54926226
6.8418,0.484582191
6.842,0.506103414
6.8422,0.52762221
6.8424,0.48450035
6.8426,0.54910766
6.8428,0.462902139
6.843,0.505960946
6.8432,0.505932452
6.8434,0.462823937
6.8436,0.54895306
6.8438,0.441234218
6.844,0.505818478
6.8442,0.505789984
6.8444,0.462693601
6.8446,0.570331192
6.8448,0.699488169
6.845,0.50567601
6.8452,0.505647516
6.8454,0.484091144
6.8456,0.527117194
6.8458,0.462511131
6.846,0.505533542
6.8462,0.505505048
6.8464,0.440911116
6.8466,0.505448061
6.8468,0.462380794
6.847,0.462354727
6.8472,0.48384562
6.8474,0.462302593
6.8476,0.440761991
6.8478,0.419223817
6.848,0.462224391
6.8482,0.505220112
6.8484,0.462172256
6.8486,0.483654657
6.8488,0.462120122
6.849,0.505106138
6.8492,0.41905833
6.8494,0.50504915
6.8496,0.526523059
6.8498,0.461989786
6.85,0.461963718
6.8502,0.461937651
6.8504,0.633891979
6.8506,0.504878189
6.8508,0.440364326
6.851,0.461833382
6.8512,0.461807315
6.8514,0.504764214
6.8516,0.46175518
6.8518,0.440240056
6.852,0.48319089
6.8522,0.50465024
6.8524,0.461650911
6.8526,0.483109048
6.8528,0.483081768
6.853,0.504536266
6.8532,0.547468902
6.8534,0.504479278
6.8536,0.525928923
6.8538,0.461468441
6.854,0.504393797
6.8542,0.504365304
6.8544,0.461390239
6.8546,0.547252462
6.8548,0.439867245
6.855,0.461312037
6.8552,0.504222836
6.8554,0.461259903
6.8556,0.482699842
6.8558,0.461207768
6.856,0.589963183
6.8562,0.547005102
6.8564,0.504051874
6.8566,0.546943262
6.8568,0.503994887
6.857,0.525423908
6.8572,0.5039379
6.8574,0.546819582
6.8576,0.546788662
6.8578,0.482399757
6.858,0.525275374
6.8582,0.460894961
6.8584,0.52521596
6.8586,0.525186253
6.8588,0.589496334
6.859,0.503681457
6.8592,0.503652964
6.8594,0.50362447
6.8596,0.503595977
6.8598,0.503567483
6.86,0.546417623
6.8602,0.482072392
6.8604,0.503482002
6.8606,0.546324863
6.8608,0.460556087
6.861,0.46053002
6.8612,0.39620784
6.8614,0.503339534
6.8616,0.439022207
6.8618,0.417568955
6.862,0.524681238
6.8622,0.524651531
6.8624,0.5888961
6.8626,0.503168572
6.8628,0.460295415
6.863,0.503111585
6.8632,0.545922903
6.8634,0.460217213
6.8636,0.545861064
6.8638,0.460165078
6.864,0.481554064
6.8642,0.524354463
6.8644,0.56715001
6.8646,0.502883636
6.8648,0.524265343
6.865,0.502826649
6.8652,0.481390382
6.8654,0.481363101
6.8656,0.566957211
6.8658,0.502712675
6.866,0.502684181
6.8662,0.459852272
6.8664,0.502627194
6.8666,0.481199419
6.8668,0.502570207
6.867,0.459748003
6.8672,0.374139366
6.8674,0.502484726
6.8676,0.502456232
6.8678,0.502427739
6.868,0.459617666
6.8682,0.502370752
6.8684,0.502342258
6.8686,0.459539465
6.8688,0.502285271
6.869,0.502256777
6.8692,0.502228283
6.8694,0.50219979
6.8696,0.52355238
6.8698,0.480762932
6.87,0.437978336
6.8702,0.502085815
6.8704,0.502057322
6.8706,0.523403846
6.8708,0.43787892
6.871,0.523344433
6.8712,0.501943347
6.8714,0.501914854
6.8716,0.50188636
6.8718,0.480490128
6.872,0.501829373
6.8722,0.544531505
6.8724,0.501772386
6.8726,0.544469665
6.8728,0.330822013
6.873,0.544407825
6.8732,0.544376905
6.8734,0.522987951
6.8736,0.587028706
6.8738,0.480217323
6.874,0.501544437
6.8742,0.522869124
6.8744,0.50148745
6.8746,0.501458956
6.8748,0.501430463
6.875,0.480053641
6.8752,0.48002636
6.8754,0.501344982
6.8756,0.458627111
6.8758,0.458601044
6.876,0.543944026
6.8762,0.522572056
6.8764,0.501202514
6.8766,0.50117402
6.8768,0.501145526
6.877,0.501117033
6.8772,0.565093489
6.8774,0.543727586
6.8776,0.458366439
6.8778,0.501003058
6.878,0.479644434
6.8782,0.500946071
6.8784,0.500917578
6.8786,0.458236102
6.8788,0.50086059
6.879,0.500832097
6.8792,0.479480752
6.8794,0.479453471
6.8796,0.500746616
6.8798,0.458079699
6.88,0.543325626
6.8802,0.500661135
6.8804,0.479317069
6.8806,0.500604148
6.8808,0.500575654
6.881,0.457923295
6.8812,0.436586508
6.8814,0.457871161
6.8816,0.50046168
6.8818,0.479126106
6.882,0.457792959
6.8822,0.500376199
6.8824,0.457740825
6.8826,0.500319212
6.8828,0.500290718
6.883,0.478962424
6.8832,0.457636556
6.8834,0.457610488
6.8836,0.457584421
6.8838,0.50014825
6.884,0.457532287
6.8842,0.521383785
6.8844,0.50006277
6.8846,0.500034276
6.8848,0.500005782
6.885,0.436114281
6.8852,0.499948795
6.8854,0.457349816
6.8856,0.521175837
6.8858,0.521146131
6.886,0.499834821
6.8862,0.414684767
6.8864,0.499777833
6.8866,0.521027304
6.8868,0.499720846
6.887,0.457141278
6.8872,0.542212508
6.8874,0.457089144
6.8876,0.499606872
6.8878,0.478307694
6.888,0.499549885
6.8882,0.499521391
6.8884,0.499492897
6.8886,0.499464404
6.8888,0.478171292
6.889,0.478144011
6.8892,0.541903308
6.8894,0.520611409
6.8896,0.435542638
6.8898,0.520551995
6.89,0.478007609
6.8902,0.456724202
6.8904,0.499207961
6.8906,0.499179468
6.8908,0.499150974
6.891,0.499122481
6.8912,0.499093987
6.8914,0.499065493
6.8916,0.541532268
6.8918,0.520254927
6.892,0.498980013
6.8922,0.520195514
6.8924,0.498923025
6.8926,0.5201361
6.8928,0.456385328
6.893,0.498837544
6.8932,0.498809051
6.8934,0.541253989
6.8936,0.456281059
6.8938,0.49872357
6.894,0.498695076
6.8942,0.519898446
6.8944,0.41371549
6.8946,0.456150723
6.8948,0.477352879
6.895,0.456098588
6.8952,0.413620927
6.8954,0.498495621
6.8956,0.456020386
6.8958,0.498438634
6.896,0.519631085
6.8962,0.477161916
6.8964,0.477134635
6.8966,0.45589005
6.8968,0.477080074
6.897,0.455837916
6.8972,0.498239179
6.8974,0.455785781
6.8976,0.455759714
6.8978,0.519363724
6.898,0.45570758
6.8982,0.455681512
6.8984,0.455655445
6.8986,0.498039724
6.8988,0.47680727
6.899,0.455577243
6.8992,0.455551176
6.8994,0.455525109
6.8996,0.413100827
6.8998,0.497868762
6.9,0.497840268
6.9002,0.476616307
6.9004,0.455394773
6.9006,0.455368705
6.9008,0.455342638
6.901,0.455316571
6.9012,0.476479905
6.9014,0.455264436
6.9016,0.476425344
6.9018,0.518769588
6.902,0.455186235
6.9022,0.455160167
6.9024,0.497498345
6.9026,0.497469851
6.9028,0.497441358
6.903,0.455055898
6.9032,0.497384371
6.9034,0.497355877
6.9036,0.497327383
6.9038,0.51847252
6.904,0.518442813
6.9042,0.497241903
6.9044,0.497213409
6.9046,0.476016138
6.9048,0.581826679
6.905,0.497127928
6.9052,0.497099435
6.9054,0.454743091
6.9056,0.518205159
6.9058,0.560498449
6.906,0.49698546
6.9062,0.496956967
6.9064,0.496928473
6.9066,0.496899979
6.9068,0.518026918
6.907,0.496842992
6.9072,0.454508486
6.9074,0.475634212
6.9076,0.496757511
6.9078,0.517878384
6.908,0.496700524
6.9082,0.49667203
6.9084,0.496643537
6.9086,0.496615043
6.9088,0.49658655
6.909,0.496558056
6.9092,0.454247814
6.9094,0.496501069
6.9096,0.475334127
6.9098,0.475306847
6.91,0.496415588
6.9102,0.496387094
6.9104,0.411824219
6.9106,0.454065343
6.9108,0.475170445
6.911,0.411753297
6.9112,0.496244626
6.9114,0.432833544
6.9116,0.496187639
6.9118,0.45390894
6.912,0.453882872
6.9122,0.496102158
6.9124,0.496073665
6.9126,0.453804671
6.9128,0.47489764
6.913,0.411516888
6.9132,0.49595969
6.9134,0.390354209
6.9136,0.495902703
6.9138,0.474761238
6.914,0.4536222
6.9142,0.411375043
6.9144,0.432460733
6.9146,0.411327761
6.9148,0.537945552
6.915,0.411280479
6.9152,0.453465796
6.9154,0.453439729
6.9156,0.411209556
6.9158,0.453387595
6.916,0.411162275
6.9162,0.432237047
6.9164,0.453309393
6.9166,0.432187339
6.9168,0.495446805
6.917,0.453231191
6.9172,0.453205124
6.9174,0.410996789
6.9176,0.495332831
6.9178,0.453126922
6.918,0.410925866
6.9182,0.453074788
6.9184,0.453048721
6.9186,0.495190363
6.9188,0.431913944
6.919,0.389726233
6.9192,0.495104882
6.9194,0.495076389
6.9196,0.431814528
6.9198,0.495019401
6.92,0.473915545
6.9202,0.473888265
6.9204,0.452788048
6.9206,0.473833704
6.9208,0.452735914
6.921,0.452709846
6.9212,0.452683779
6.9214,0.452657712
6.9216,0.41050033
6.9218,0.494734465
6.922,0.431516279
6.9222,0.452553443
6.9224,0.452527376
6.9226,0.4735609
6.9228,0.473533619
6.923,0.452449174
6.9232,0.452423107
6.9234,0.452397039
6.9236,0.473424498
6.9238,0.452344905
6.924,0.452318838
6.9242,0.473342656
6.9244,0.494364048
6.9246,0.452240636
6.9248,0.473260815
6.925,0.431143468
6.9252,0.473206254
6.9254,0.452136367
6.9256,0.4521103
6.9258,0.452084232
6.926,0.4941361
6.9262,0.40995659
6.9264,0.452006031
6.9266,0.451979963
6.9268,0.494022125
6.927,0.47296073
6.9272,0.451901762
6.9274,0.472906169
6.9276,0.493908151
6.9278,0.493879657
6.928,0.451797493
6.9282,0.472797048
6.9284,0.430720949
6.9286,0.493765683
6.9288,0.472715206
6.929,0.451667157
6.9292,0.430621533
6.9294,0.409578335
6.9296,0.430571824
6.9298,0.451562888
6.93,0.409507413
6.9302,0.451510753
6.9304,0.451484686
6.9306,0.451458619
6.9308,0.451432551
6.931,0.430397846
6.9312,0.472387841
6.9314,0.472360561
6.9316,0.451328282
6.9318,0.451302215
6.932,0.388268432
6.9322,0.409247363
6.9324,0.451224013
6.9326,0.430199014
6.9328,0.451171879
6.933,0.451145812
6.9332,0.451119744
6.9334,0.430099597
6.9336,0.409081877
6.9338,0.409058236
6.934,0.409034595
6.9342,0.450989408
6.9344,0.492939368
6.9346,0.450937274
6.9348,0.471896794
6.935,0.408916391
6.9352,0.450859072
6.9354,0.471814952
6.9356,0.450806937
6.9358,0.408821827
6.936,0.429776494
6.9362,0.408774545
6.9364,0.47167855
6.9366,0.450676601
6.9368,0.450650534
6.937,0.450624467
6.9372,0.42962737
6.9374,0.471542148
6.9376,0.492483471
6.9378,0.492454977
6.938,0.51339266
6.9382,0.4295031
6.9384,0.450441996
6.9386,0.450415929
6.9388,0.492312509
6.939,0.450363794
6.9392,0.450337727
6.9394,0.492227028
6.9396,0.450285593
6.9398,0.492170041
6.94,0.408325368
6.9402,0.513065885
6.9404,0.513036178
6.9406,0.492056066
6.9408,0.492027573
6.941,0.491999079
6.9412,0.491970586
6.9414,0.491942092
6.9416,0.45002492
6.9418,0.449998853
6.942,0.470914698
6.9422,0.491828118
6.9424,0.491799624
6.9426,0.42895631
6.9428,0.470805577
6.943,0.470778296
6.9432,0.49168565
6.9434,0.491657156
6.9436,0.470696455
6.9438,0.428807186
6.944,0.491571675
6.9442,0.470614614
6.9444,0.470587333
6.9446,0.491486194
6.9448,0.449607844
6.945,0.449581777
6.9452,0.44955571
6.9454,0.49137222
6.9456,0.407663424
6.9458,0.428558645
6.946,0.47036909
6.9462,0.470341809
6.9464,0.470314529
6.9466,0.512115268
6.9468,0.407521578
6.947,0.428409521
6.9472,0.449295037
6.9474,0.44926897
6.9476,0.449242903
6.9478,0.428310105
6.948,0.449190768
6.9482,0.470069005
6.9484,0.407332451
6.9486,0.449112567
6.9488,0.449086499
6.949,0.42816098
6.9492,0.490830841
6.9494,0.428111272
6.9496,0.44898223
6.9498,0.407166965
6.95,0.448930096
6.9502,0.511580546
6.9504,0.469768921
6.9506,0.448851894
6.9508,0.448825827
6.951,0.44879976
6.9512,0.407001479
6.9514,0.490517412
6.9516,0.448721558
6.9518,0.427813023
6.952,0.490431931
6.9522,0.490403437
6.9524,0.490374944
6.9526,0.448591222
6.9528,0.490317957
6.953,0.469414275
6.9532,0.44851302
6.9534,0.448486953
6.9536,0.469332434
6.9538,0.469305153
6.954,0.406670507
6.9542,0.490118501
6.9544,0.531823399
6.9546,0.531792479
6.9548,0.469168751
6.955,0.490004527
6.9552,0.489976033
6.9554,0.48994754
6.9556,0.510778463
6.9558,0.489890552
6.956,0.489862059
6.9562,0.489833565
6.9564,0.489805072
6.9566,0.448069877
6.9568,0.322930984
6.957,0.448017742
6.9572,0.489691097
6.9574,0.489662604
6.9576,0.468786825
6.9578,0.447913473
6.958,0.489577123
6.9582,0.510392274
6.9584,0.510362568
6.9586,0.489491642
6.9588,0.468623143
6.959,0.53111224
6.9592,0.468568582
6.9594,0.468541301
6.9596,0.426843715
6.9598,0.468486741
6.96,0.489292187
6.9602,0.447600666
6.9604,0.4892352
6.9606,0.489206706
6.9608,0.405866716
6.961,0.447496397
6.9612,0.468295778
6.9614,0.489092732
6.9616,0.509887259
6.9618,0.405748512
6.962,0.468186656
6.9622,0.426520612
6.9624,0.322404915
6.9626,0.48892177
6.9628,0.468077534
6.963,0.468050254
6.9632,0.488836289
6.9634,0.44718359
6.9636,0.426346633
6.9638,0.447131456
6.964,0.426296925
6.9642,0.467886571
6.9644,0.426247217
6.9646,0.447027187
6.9648,0.44700112
6.965,0.46777745
6.9652,0.342943065
6.9654,0.467722889
6.9656,0.446896851
6.9658,0.426073239
6.966,0.446844716
6.9662,0.446818649
6.9664,0.405204772
6.9666,0.467559206
6.9668,0.425948968
6.967,0.467504645
6.9672,0.446688313
6.9674,0.446662245
6.9676,0.425849552
6.9678,0.446610111
6.968,0.238742049
6.9682,0.446557976
6.9684,0.529659002
6.9686,0.446505842
6.9688,0.488038468
6.969,0.467231841
6.9692,0.44642764
6.9694,0.487952987
6.9696,0.487924494
6.9698,0.446349439
6.97,0.446323371
6.9702,0.446297304
6.9704,0.487810519
6.9706,0.487782026
6.9708,0.425451887
6.971,0.446193035
6.9712,0.425402179
6.9714,0.529195202
6.9716,0.446114833
6.9718,0.529133362
6.972,0.508342506
6.9722,0.404519186
6.9724,0.529040603
6.9726,0.48749709
6.9728,0.466713513
6.973,0.508193972
6.9732,0.508164266
6.9734,0.508134559
6.9736,0.279852317
6.9738,0.487326128
6.974,0.487297634
6.9742,0.445775959
6.9744,0.528731403
6.9746,0.487212154
6.9748,0.445697757
6.975,0.507896905
6.9752,0.487126673
6.9754,0.528576803
6.9756,0.507807784
6.9758,0.466304307
6.976,0.528484043
6.9762,0.466249746
6.9764,0.445489219
6.9766,0.50765925
6.9768,0.486898724
6.977,0.48687023
6.9772,0.44538495
6.9774,0.466086063
6.9776,0.48678475
6.9778,0.486756256
6.978,0.548898384
6.9782,0.486699269
6.9784,0.445228547
6.9786,0.44520248
6.9788,0.445176413
6.979,0.46586782
6.9792,0.258677925
6.9794,0.507243355
6.9796,0.445072144
6.9798,0.445046076
6.98,0.486442826
6.9802,0.424283746
6.9804,0.444967875
6.9806,0.486357345
6.9808,0.486328852
6.981,0.507005701
6.9812,0.403455346
6.9814,0.465540455
6.9816,0.486214877
6.9818,0.486186384
6.982,0.424060059
6.9822,0.444733269
6.9824,0.486100903
6.9826,0.444681135
6.9828,0.444655068
6.983,0.527401844
6.9832,0.465294931
6.9834,0.485958435
6.9836,0.485929941
6.9838,0.444524731
6.984,0.485872954
6.9842,0.485844461
6.9844,0.485815967
6.9846,0.485787473
6.9848,0.216889179
6.985,0.485730486
6.9852,0.485701993
6.9854,0.464994846
6.9856,0.526999885
6.9858,0.506292738
6.986,0.485588018
6.9862,0.444211924
6.9864,0.526876205
6.9866,0.506173911
6.9868,0.485474044
6.987,0.547452392
6.9872,0.464749322
6.9874,0.485388563
6.9876,0.444029454
6.9878,0.485331576
6.988,0.526628845
6.9882,0.485274588
6.9884,0.46458564
6.9886,0.567854569
6.9888,0.44387305
6.989,0.526474245
6.9892,0.48513212
6.9894,0.526412405
6.9896,0.526381486
6.9898,0.443742714
6.99,0.526319646
6.9902,0.484989652
6.9904,0.299126249
6.9906,0.484932665
6.9908,0.464258275
6.991,0.505520362
6.9912,0.443560243
6.9914,0.422891918
6.9916,0.54671333
6.9918,0.484761704
6.992,0.48473321
6.9922,0.443429907
6.9924,0.525948606
6.9926,0.505282707
6.9928,0.525886766
6.993,0.443325638
6.9932,0.484562248
6.9934,0.525794006
6.9936,0.525763086
6.9938,0.484476768
6.994,0.484448274
6.9942,0.48441978
6.9944,0.525639406
6.9946,0.484362793
6.9948,0.484334299
6.995,0.484305806
6.9952,0.443038898
6.9954,0.463630825
6.9956,0.463603544
6.9958,0.422345129
6.996,0.360477212
6.9962,0.442908562
6.9964,0.442882495
6.9966,0.463467142
6.9968,0.44283036
6.997,0.48402087
6.9972,0.483992376
6.9974,0.483963883
6.9976,0.46333074
6.9978,0.442700024
6.998,0.504480624
6.9982,0.483849908
6.9984,0.483821415
6.9986,0.442595755
6.9988,0.442569688
6.999,0.483735934
6.9992,0.442517553
6.9994,0.504272677
6.9996,0.483650453
6.9998,0.463030656
7,0.483593466
7.0002,0.483564972
7.0004,0.44236115
7.0006,0.483507985
7.0008,0.462894253
7.001,0.442282948
7.0012,0.462839693
7.0014,0.483394011
7.0016,0.256981279
7.0018,0.462757851
7.002,0.462730571
7.0022,0.400973053
7.0024,0.442100478
7.0026,0.44207441
7.0028,0.483194555
7.003,0.524309848
7.0032,0.483137568
7.0034,0.483109074
7.0036,0.441944074
7.0038,0.483052087
7.004,0.503589421
7.0042,0.441865872
7.0044,0.441839805
7.0046,0.462375925
7.0048,0.482909619
7.005,0.524000648
7.0052,0.441735536
7.0054,0.482824138
7.0056,0.503351766
7.0058,0.462212243
7.006,0.503292353
7.0062,0.482710164
7.0064,0.503232939
7.0066,0.503203232
7.0068,0.482624683
7.007,0.523691449
7.0072,0.277103534
7.0074,0.523629609
7.0076,0.482510709
7.0078,0.523567769
7.008,0.482453722
7.0082,0.482425228
7.0084,0.482396734
7.0086,0.523444089
7.0088,0.482339747
7.009,0.482311254
7.0092,0.461748476
7.0094,0.461721195
7.0096,0.482225773
7.0098,0.502727924
7.01,0.400051059
7.0102,0.482140292
7.0104,0.523165809
7.0106,0.441031721
7.0108,0.482054811
7.011,0.440979586
7.0112,0.440953519
7.0114,0.48196933
7.0116,0.440901384
7.0118,0.420356804
7.012,0.44084925
7.0122,0.440823183
7.0124,0.440797115
7.0126,0.481798369
7.0128,0.215108062
7.013,0.440718914
7.0132,0.481712888
7.0134,0.440666779
7.0136,0.502163495
7.0138,0.461121026
7.014,0.440588577
7.0142,0.48157042
7.0144,0.52254741
7.0146,0.52251649
7.0148,0.52248557
7.015,0.460957343
7.0152,0.52242373
7.0154,0.481399458
7.0156,0.52236189
7.0158,0.440353972
7.016,0.481313977
7.0162,0.440301838
7.0164,0.44027577
7.0166,0.440249703
7.0168,0.440223636
7.017,0.399223628
7.0172,0.399199987
7.0174,0.399176346
7.0176,0.399152705
7.0178,0.4400933
7.018,0.440067232
7.0182,0.399081782
7.0184,0.255708794
7.0186,0.439989031
7.0188,0.439962963
7.019,0.480886573
7.0192,0.48085808
7.0194,0.439884762
7.0196,0.480801092
7.0198,0.439832627
7.02,0.501212878
7.0202,0.54211829
7.0204,0.480687118
7.0206,0.521588891
7.0208,0.439702291
7.021,0.541989758
7.0212,0.46011165
7.0214,0.521465211
7.0216,0.439598022
7.0218,0.480487663
7.022,0.480459169
7.0222,0.521341531
7.0224,0.480402182
7.0226,0.439467686
7.0228,0.439441619
7.023,0.459866126
7.0232,0.480288208
7.0234,0.459811565
7.0236,0.500678156
7.0238,0.480202727
7.024,0.275729142
7.0242,0.459702444
7.0244,0.439233081
7.0246,0.459647883
7.0248,0.459620602
7.025,0.418716435
7.0252,0.439128812
7.0254,0.398230711
7.0256,0.479946284
7.0258,0.43905061
7.026,0.418592165
7.0262,0.500291968
7.0264,0.418542457
7.0266,0.438946341
7.0268,0.357210175
7.027,0.438894206
7.0272,0.398017943
7.0274,0.438842072
7.0276,0.438816005
7.0278,0.39794702
7.028,0.43876387
7.0282,0.438737803
7.0284,0.438711736
7.0286,0.499935486
7.0288,0.479490387
7.029,0.479461893
7.0292,0.479433399
7.0294,0.438581399
7.0296,0.438555332
7.0298,0.438529265
7.03,0.39768697
7.0302,0.43847713
7.0304,0.397639688
7.0306,0.397616048
7.0308,0.397592407
7.031,0.377166718
7.0312,0.438346794
7.0314,0.356722241
7.0316,0.336302618
7.0318,0.356679812
7.032,0.377054579
7.0322,0.377032152
7.0324,0.315829057
7.0326,0.376987296
7.0328,0.417747127
7.033,0.397332357
7.0332,0.438086122
7.0334,0.397285075
7.0336,0.417647711
7.0338,0.397237793
7.034,0.417598002
7.0342,0.397190512
7.0344,0.437929718
7.0346,0.41752344
7.0348,0.397119589
7.035,0.437851517
7.0352,0.417448878
7.0354,0.437799382
7.0356,0.437773315
7.0358,0.417374316
7.036,0.43772118
7.0362,0.437695113
7.0364,0.37656117
7.0366,0.478379136
7.0368,0.437616911
7.037,0.417225192
7.0372,0.417200337
7.0374,0.43753871
7.0376,0.457874655
7.0378,0.437486575
7.038,0.376381748
7.0382,0.417076067
7.0384,0.437408373
7.0386,0.396670412
7.0388,0.396646771
7.039,0.437330172
7.0392,0.396599489
7.0394,0.396575849
7.0396,0.416902089
7.0398,0.457574571
7.04,0.396504926
7.0402,0.437173768
7.0404,0.416802672
7.0406,0.477809264
7.0408,0.437095567
7.041,0.41672811
7.0412,0.437043432
7.0414,0.437017365
7.0416,0.416653548
7.0418,0.457301766
7.042,0.436939163
7.0422,0.436913096
7.0424,0.416554132
7.0426,0.396197594
7.0428,0.436834894
7.043,0.41647957
7.0432,0.477438847
7.0434,0.436756692
7.0436,0.457056242
7.0438,0.477353366
7.044,0.436678491
7.0442,0.477296379
7.0444,0.436626356
7.0446,0.395961186
7.0448,0.436574222
7.045,0.416231029
7.0452,0.416206175
7.0454,0.456810719
7.0456,0.477096924
7.0458,0.39581934
7.046,0.395795699
7.0462,0.436391751
7.0464,0.375439785
7.0466,0.416032196
7.0468,0.355088723
7.047,0.395677495
7.0472,0.375350074
7.0474,0.355025079
7.0476,0.395606572
7.0478,0.395582931
7.048,0.334662508
7.0482,0.375237935
7.0484,0.375215508
7.0486,0.415783656
7.0488,0.415758802
7.049,0.395441086
7.0492,0.456292391
7.0494,0.395393804
7.0496,0.375080941
7.0498,0.415634531
7.05,0.395322882
7.0502,0.395299241
7.0504,0.3952756
7.0506,0.476384584
7.0508,0.435792204
7.051,0.395204677
7.0512,0.395181036
7.0514,0.395157395
7.0516,0.374856664
7.0518,0.435661868
7.052,0.435635801
7.0522,0.435609734
7.0524,0.415311428
7.0526,0.435557599
7.0528,0.41526172
7.053,0.435505465
7.0532,0.435479397
7.0534,0.415187158
7.0536,0.435427263
7.0538,0.394873705
7.054,0.374587532
7.0542,0.475871699
7.0544,0.394802782
7.0546,0.475814712
7.0548,0.435270859
7.055,0.39473186
7.0552,0.455473978
7.0554,0.374430538
7.0556,0.43516659
7.0558,0.47564375
7.056,0.435114456
7.0562,0.455337576
7.0564,0.475558269
7.0566,0.455283015
7.0568,0.455255734
7.057,0.414739785
7.0572,0.434958052
7.0574,0.394448169
7.0576,0.434905918
7.0578,0.434879851
7.058,0.434853783
7.0582,0.455064771
7.0584,0.394329964
7.0586,0.434775582
7.0588,0.434749514
7.059,0.475187852
7.0592,0.475159359
7.0594,0.39421176
7.0596,0.475102371
7.0598,0.414391828
7.06,0.394140837
7.0602,0.434567044
7.0604,0.394093556
7.0606,0.434514909
7.0608,0.394046274
7.061,0.373802562
7.0612,0.41421785
7.0614,0.393975351
7.0616,0.39395171
7.0618,0.414143287
7.062,0.393904429
7.0622,0.414093579
7.0624,0.373645568
7.0626,0.414043871
7.0628,0.393809865
7.063,0.393786224
7.0632,0.413969309
7.0634,0.434149968
7.0636,0.413919601
7.0638,0.434097833
7.064,0.373466147
7.0642,0.413845039
7.0644,0.393620738
7.0646,0.433993564
7.0648,0.373376436
7.065,0.353158201
7.0652,0.37333158
7.0654,0.373309153
7.0656,0.41367106
7.0658,0.413646206
7.066,0.37324187
7.0662,0.39340797
7.0664,0.393384329
7.0666,0.433732892
7.0668,0.433706825
7.067,0.393313406
7.0672,0.43365469
7.0674,0.413447374
7.0676,0.433602556
7.0678,0.393218843
7.068,0.373017593
7.0682,0.413347957
7.0684,0.413323103
7.0686,0.433472219
7.0688,0.433446152
7.069,0.393076998
7.0692,0.393053357
7.0694,0.393029716
7.0696,0.393006075
7.0698,0.413149125
7.07,0.433289749
7.0702,0.392935152
7.0704,0.433237614
7.0706,0.433211547
7.0708,0.39286423
7.071,0.433159412
7.0712,0.433133345
7.0714,0.433107278
7.0716,0.412925438
7.0718,0.433055144
7.072,0.433029076
7.0722,0.433003009
7.0724,0.453127861
7.0726,0.432950875
7.0728,0.412776314
7.073,0.43289874
7.0732,0.432872673
7.0734,0.432846606
7.0736,0.432820538
7.0738,0.392509616
7.074,0.432768404
7.0742,0.412602335
7.0744,0.271605967
7.0746,0.412552627
7.0748,0.432664135
7.075,0.432638068
7.0752,0.452745935
7.0754,0.412453211
7.0756,0.432559866
7.0758,0.452664094
7.076,0.392249567
7.0762,0.412353795
7.0764,0.412328941
7.0766,0.43242953
7.0768,0.432403462
7.077,0.392131362
7.0772,0.371985918
7.0774,0.39208408
7.0776,0.392060439
7.0778,0.45239129
7.078,0.432247059
7.0782,0.472452466
7.0784,0.432194924
7.0786,0.412055546
7.0788,0.391918594
7.079,0.432116723
7.0792,0.432090655
7.0794,0.41195613
7.0796,0.432038521
7.0798,0.432012454
7.08,0.251043018
7.0802,0.452063925
7.0804,0.452036644
7.0806,0.431908185
7.0808,0.431882117
7.081,0.371559792
7.0812,0.411732443
7.0814,0.391611263
7.0816,0.391587622
7.0818,0.411657881
7.082,0.411633027
7.0822,0.391516699
7.0824,0.371402798
7.0826,0.391469417
7.0828,0.431621445
7.083,0.411508757
7.0832,0.391398495
7.0834,0.351206465
7.0836,0.391351213
7.0838,0.451572877
7.084,0.431465042
7.0842,0.411359632
7.0844,0.391256649
7.0846,0.43138684
7.0848,0.391209368
7.085,0.391185727
7.0852,0.37108881
7.0854,0.431282571
7.0856,0.290760556
7.0858,0.330882254
7.086,0.411135946
7.0862,0.451245512
7.0864,0.391020241
7.0866,0.411061383
7.0868,0.4311001
7.087,0.411011675
7.0872,0.410986821
7.0874,0.370842105
7.0876,0.471113267
7.0878,0.410912259
7.088,0.410887405
7.0882,0.390807473
7.0884,0.430891562
7.0886,0.390760191
7.0888,0.430839428
7.089,0.390712909
7.0892,0.390689268
7.0894,0.370617828
7.0896,0.390641986
7.0898,0.430709091
7.09,0.430683024
7.0902,0.430656957
7.0904,0.43063089
7.0906,0.390523782
7.0908,0.430578755
7.091,0.410514594
7.0912,0.270231576
7.0914,0.430500553
7.0916,0.430474486
7.0918,0.430448419
7.092,0.430422352
7.0922,0.41036547
7.0924,0.430370217
7.0926,0.410315761
7.0928,0.430318083
7.093,0.390240091
7.0932,0.430265948
7.0934,0.410216345
7.0936,0.470258459
7.0938,0.390145528
7.094,0.53026116
7.0942,0.390098246
7.0944,0.390074605
7.0946,0.350018451
7.0948,0.390027323
7.095,0.390003682
7.0952,0.409992659
7.0954,0.429979209
7.0956,0.38993276
7.0958,0.429927074
7.096,0.389885478
7.0962,0.389861837
7.0964,0.429848872
7.0966,0.369810431
7.0968,0.509808384
7.097,0.409768972
7.0972,0.389743633
7.0974,0.36972072
7.0976,0.349700233
7.0978,0.429666402
7.098,0.389649069
7.0982,0.34963659
7.0984,0.389601787
7.0986,0.389578147
7.0988,0.409545285
7.099,0.369541298
7.0992,0.389507224
7.0994,0.389483583
7.0996,0.409445869
7.0998,0.389436301
7.1,0.38941266
7.1002,0.369406732
7.1004,0.389365379
7.1006,0.389341738
7.1008,0.389318097
7.101,0.429249326
7.1012,0.369294593
7.1014,0.369272166
7.1016,0.369249738
7.1018,0.329282146
7.102,0.40914762
7.1022,0.369182455
7.1024,0.508942625
7.1026,0.389105329
7.1028,0.389081688
7.103,0.329162138
7.1032,0.349106227
7.1034,0.349085012
7.1036,0.388987124
7.1038,0.408923934
7.104,0.368980606
7.1042,0.408874226
7.1044,0.408849372
7.1046,0.368913323
7.1048,0.428754048
7.105,0.388821638
7.1052,0.388797997
7.1054,0.428675846
7.1056,0.368801184
7.1058,0.388727075
7.106,0.348809223
7.1062,0.408625685
7.1064,0.408600831
7.1066,0.388632511
7.1068,0.38860887
7.107,0.388585229
7.1072,0.448381067
7.1074,0.428415174
7.1076,0.408451707
7.1078,0.408426852
7.108,0.468206919
7.1082,0.388443384
7.1084,0.388419743
7.1086,0.368464768
7.1088,0.428232703
7.109,0.388348821
7.1092,0.348469791
7.1094,0.348448576
7.1096,0.388277898
7.1098,0.388254257
7.11,0.388230616
7.1102,0.388206975
7.1104,0.388183334
7.1106,0.368240491
7.1108,0.288546108
7.111,0.408029187
7.1112,0.348257646
7.1114,0.368150781
7.1116,0.32830208
7.1118,0.348194002
7.112,0.387994207
7.1122,0.308332579
7.1124,0.348130359
7.1126,0.348109144
7.1128,0.348087929
7.113,0.348066715
7.1132,0.387852362
7.1134,0.348024286
7.1136,0.348003071
7.1138,0.347981857
7.114,0.36785922
7.1142,0.268349968
7.1144,0.42750282
7.1146,0.347896999
7.1148,0.36776951
7.115,0.367747082
7.1152,0.367724654
7.1154,0.367702226
7.1156,0.387568671
7.1158,0.38754503
7.116,0.347748497
7.1162,0.387497749
7.1164,0.307938028
7.1166,0.327802046
7.1168,0.347663639
7.117,0.387403185
7.1172,0.367500377
7.1174,0.387355903
7.1176,0.307825299
7.1178,0.387308622
7.118,0.347536352
7.1182,0.347515137
7.1184,0.367365811
7.1186,0.347472708
7.1188,0.367320955
7.119,0.387166776
7.1192,0.387143135
7.1194,0.34738785
7.1196,0.347366636
7.1198,0.347345421
7.12,0.347324207
7.1202,0.387024931
7.1204,0.38700129
7.1206,0.307543476
7.1208,0.406811338
7.121,0.3075059
7.1212,0.426616534
7.1214,0.386883086
7.1216,0.34715449
7.1218,0.36698454
7.122,0.406662214
7.1222,0.366939684
7.1224,0.42646013
7.1226,0.406587652
7.1228,0.426407996
7.123,0.386693959
7.1232,0.386670318
7.1234,0.386646677
7.1236,0.346942345
7.1238,0.42627766
7.124,0.406413673
7.1242,0.366715407
7.1244,0.386528472
7.1246,0.406339111
7.1248,0.44598039
7.125,0.346793843
7.1252,0.406264549
7.1254,0.386410268
7.1256,0.326901986
7.1258,0.366535986
7.126,0.366513558
7.1262,0.346666556
7.1264,0.406115424
7.1266,0.386268423
7.1268,0.346602913
7.127,0.36640142
7.1272,0.346560484
7.1274,0.386173859
7.1276,-1.159504168
7.1278,0.386126577
7.128,0.386102936
7.1282,0.386079296
7.1284,0.346433197
7.1286,0.326601966
7.1288,0.405817176
7.129,0.385984732
7.1292,0.346348338
7.1294,0.38593745
7.1296,0.385913809
7.1298,0.346284695
7.13,0.34626348
7.1302,0.385842887
7.1304,0.366020149
7.1306,0.405593489
7.1308,0.365975293
7.131,0.346157408
7.1312,0.365930438
7.1314,0.385701041
7.1316,0.326301946
7.1318,0.34607255
7.132,0.365840727
7.1322,0.385606478
7.1324,0.405369802
7.1326,0.345987691
7.1328,0.365751016
7.133,0.30637861
7.1332,-0.386014127
7.1334,0.345902833
7.1336,0.345881619
7.1338,0.345860404
7.134,0.326061929
7.1342,0.365594022
7.1344,0.345796761
7.1346,0.306228305
7.1348,0.365526739
7.135,0.365504311
7.1352,0.385251865
7.1354,0.306153152
7.1356,0.345669474
7.1358,0.345648259
7.136,0.266566531
7.1362,0.38513366
7.1364,0.325821913
7.1366,0.36532489
7.1368,0.385062737
7.137,0.345520972
7.1372,0.365257607
7.1374,0.384991815
7.1376,0.305946482
7.1378,0.384944533
7.138,0.345414899
7.1382,0.365145468
7.1384,0.38487361
7.1386,0.345351256
7.1388,1.411729806
7.139,0.384802688
7.1392,0.384779047
7.1394,0.365010902
7.1396,0.404475056
7.1398,0.384708124
7.14,0.364943619
7.1402,0.364921191
7.1404,0.384637202
7.1406,0.34513911
7.1408,0.404325932
7.141,0.384566279
7.1412,0.345075467
7.1414,0.345054252
7.1416,0.167452604
7.1418,0.325281877
7.142,0.384448074
7.1422,0.344969394
7.1424,0.364674486
7.1426,0.344926965
7.1428,0.344905751
7.143,0.344884536
7.1432,0.384306229
7.1434,0.404002829
7.1436,0.384258947
7.1438,0.423670935
7.144,0.305345261
7.1442,0.344757249
7.1444,0.837590403
7.1446,0.384140743
7.1448,0.384117102
7.145,0.344672391
7.1452,0.344651176
7.1454,0.384046179
7.1456,0.384022539
7.1458,0.265764803
7.146,0.344566318
7.1462,0.324841847
7.1464,0.364225932
7.1466,0.344502675
7.1468,0.383880693
7.147,0.383857052
7.1472,0.403530602
7.1474,0.305025862
7.1476,0.324701838
7.1478,0.344375388
7.148,0.344354173
7.1482,0.30495071
7.1484,0.383691566
7.1486,0.344290529
7.1488,0.265519376
7.149,0.285189285
7.1492,0.363911944
7.1494,0.344205671
7.1496,0.304819193
7.1498,0.324481823
7.15,0.501583674
7.1502,0.304762828
7.1504,0.383455157
7.1506,0.383431516
7.1508,0.34405717
7.151,0.304687675
7.1512,0.363687667
7.1514,0.343993526
7.1516,0.304631311
7.1518,0.383289671
7.152,0.324261808
7.1522,0.304574946
7.1524,0.363553101
7.1526,0.343866239
7.1528,0.44216113
7.153,0.34382381
7.1532,0.383124185
7.1534,0.383100544
7.1536,0.383076903
7.1538,0.383053262
7.154,0.383029621
7.1542,0.38300598
7.1544,0.441942887
7.1546,0.422263304
7.1548,0.3043307
7.155,0.363261541
7.1552,0.382887776
7.1554,0.323921786
7.1556,0.500717915
7.1558,0.382816853
7.156,0.323861781
7.1562,0.343484378
7.1564,0.343463163
7.1566,0.38272229
7.1568,0.363059691
7.157,0.363037264
7.1572,0.42192443
7.1574,0.382627726
7.1576,0.362969981
7.1578,0.343314661
7.158,0.362925125
7.1582,0.382533163
7.1584,0.480655783
7.1586,0.362857842
7.1588,0.38246224
7.159,0.382438599
7.1592,0.382414958
7.1594,0.382391317
7.1596,0.382367677
7.1598,0.362723276
7.16,0.382320395
7.1602,0.36267842
7.1604,0.343038872
7.1606,0.362633565
7.1608,0.382225831
7.161,0.38220219
7.1612,0.382178549
7.1614,0.303710691
7.1616,0.342911585
7.1618,0.362498999
7.162,0.401691401
7.1622,0.401666547
7.1624,0.342826727
7.1626,0.382013063
7.1628,0.303579174
7.163,0.303560385
7.1632,0.362342005
7.1634,0.342720655
7.1636,0.401492568
7.1638,0.381871218
7.164,0.421038144
7.1642,0.362229866
7.1644,0.342614582
7.1646,0.342593367
7.1648,0.362162583
7.165,0.342550938
7.1652,0.362117728
7.1654,0.3620953
7.1656,0.342487295
7.1658,0.303297351
7.166,0.381611168
7.1662,0.362005589
7.1664,0.322821712
7.1666,0.401119757
7.1668,0.381516605
7.167,0.381492964
7.1672,0.361893451
7.1674,0.342296364
7.1676,0.361848595
7.1678,0.303109469
7.168,0.342232721
7.1682,0.303071893
7.1684,0.322621698
7.1686,0.361736457
7.1688,0.303015529
7.169,0.342126648
7.1692,0.361669174
7.1694,0.361646746
7.1696,0.459430889
7.1698,0.302921588
7.17,0.361579463
7.1702,0.341999361
7.1704,0.381091069
7.1706,0.420177924
7.1708,0.322381682
7.171,0.381020146
7.1712,0.361444897
7.1714,0.361422469
7.1716,0.400498406
7.1718,0.420021521
7.172,0.380901942
7.1722,0.361332758
7.1724,0.341766001
7.1726,0.400374135
7.1728,0.341723572
7.173,0.380783737
7.1732,0.36122062
7.1734,0.400274719
7.1736,0.419786916
7.1738,0.380689174
7.174,0.380665533
7.1742,0.380641892
7.1744,0.380618251
7.1746,0.341532641
7.1748,0.341511427
7.175,0.400075887
7.1752,0.419578378
7.1754,0.341447783
7.1756,0.380476406
7.1758,0.360929059
7.176,0.34138414
7.1762,0.360884204
7.1764,0.321821644
7.1766,0.341320496
7.1768,0.341299281
7.177,0.32176164
7.1772,0.360772066
7.1774,0.321721638
7.1776,0.341214423
7.1778,0.341193209
7.178,0.360682355
7.1782,0.34115078
7.1784,0.341129565
7.1786,0.360615072
7.1788,0.321581628
7.179,0.321561627
7.1792,0.341044707
7.1794,0.341023493
7.1796,0.380003588
7.1798,0.379979947
7.18,0.360458078
7.1802,0.36043565
7.1804,0.360413222
7.1806,0.379885384
7.1808,0.418848495
7.181,0.340853776
7.1812,0.379814461
7.1814,0.360301084
7.1816,0.340790133
7.1818,0.340768918
7.182,0.340747704
7.1822,0.340726489
7.1824,0.301737933
7.1826,0.360166517
7.1828,0.301700357
7.183,0.3211616
7.1832,0.340620417
7.1834,0.340599202
7.1836,0.340577988
7.1838,0.282131238
7.184,0.340535559
7.1842,0.282096088
7.1844,0.359964668
7.1846,0.301531264
7.1848,0.282043363
7.185,0.379365284
7.1852,0.379341643
7.1854,0.379318002
7.1856,0.359830102
7.1858,0.320881581
7.186,0.359785246
7.1862,0.340302199
7.1864,0.437578019
7.1866,0.34025977
7.1868,0.379152516
7.187,0.340217341
7.1872,0.320741572
7.1874,0.340174912
7.1876,0.39851008
7.1878,0.379034312
7.188,0.340111268
7.1882,0.359538542
7.1884,0.340068839
7.1886,0.359493686
7.1888,0.378916107
7.189,0.398336102
7.1892,0.301099136
7.1894,0.339962766
7.1896,0.417701536
7.1898,0.35935912
7.19,0.339899123
7.1902,0.359314265
7.1904,0.37872698
7.1906,0.359269409
7.1908,0.30094883
7.191,0.33979305
7.1912,0.339771836
7.1914,0.339750621
7.1916,0.417440864
7.1918,0.339708192
7.192,0.495090481
7.1922,0.378514212
7.1924,0.35906756
7.1926,0.378466931
7.1928,0.339602119
7.193,0.378419649
7.1932,0.33955969
7.1934,0.339538476
7.1936,0.378348726
7.1938,0.358910566
7.194,0.320061526
7.1942,0.378277803
7.1944,0.339432403
7.1946,0.378230522
7.1948,0.261756161
7.195,0.358776
7.1952,0.358753572
7.1954,0.378135958
7.1956,0.397515918
7.1958,0.300479126
7.196,0.358663861
7.1962,0.30044155
7.1964,0.358619006
7.1966,0.339199043
7.1968,0.35857415
7.197,0.300366397
7.1972,0.300347609
7.1974,0.300328821
7.1976,0.416658846
7.1978,0.300291245
7.198,0.339050542
7.1982,0.339029327
7.1984,0.319621496
7.1986,0.338986898
7.1988,0.319581494
7.199,0.338944469
7.1992,0.319541491
7.1994,0.37766314
7.1996,0.338880826
7.1998,0.319481487
7.2,0.338838396
7.2002,0.338817182
7.2004,0.280672514
7.2006,0.358148024
7.2008,0.300009422
7.201,0.377474013
7.2012,0.377450372
7.2014,0.338689895
7.2016,0.377403091
7.2018,0.319281473
7.202,0.377355809
7.2022,0.338605037
7.2024,0.39667088
7.2026,0.377284886
7.2028,0.338541393
7.203,0.415955031
7.2032,0.493358963
7.2034,0.33847775
7.2036,0.299746388
7.2038,0.28037374
7.204,0.415824694
7.2042,0.319041457
7.2044,0.357721898
7.2046,0.338350462
7.2048,0.396372631
7.205,0.377001196
7.2052,0.338286819
7.2054,0.338265604
7.2056,0.376930273
7.2058,0.299539718
7.206,0.29952093
7.2062,0.37685935
7.2064,0.357497621
7.2066,0.396148944
7.2068,0.338117103
7.207,0.376764787
7.2072,0.376741146
7.2074,0.357385482
7.2076,0.357363054
7.2078,0.376670223
7.208,0.376646582
7.2082,0.376622941
7.2084,0.395925258
7.2086,0.395900404
7.2088,0.473169673
7.209,0.376528378
7.2092,0.337862528
7.2094,0.376481096
7.2096,0.337820099
7.2098,0.376433814
7.21,0.357093922
7.2102,0.376386533
7.2104,0.337735241
7.2106,0.357026639
7.2108,0.318381413
7.211,0.356981783
7.2112,0.337650383
7.2114,0.395552447
7.2116,0.530673417
7.2118,0.298976073
7.212,0.337565525
7.2122,0.318241403
7.2124,0.318221402
7.2126,0.318201401
7.2128,0.337480667
7.213,0.337459452
7.2132,0.298844556
7.2134,0.414599534
7.2136,0.337395809
7.2138,0.356667795
7.214,0.356645368
7.2142,0.337332165
7.2144,0.279442265
7.2146,0.337289736
7.2148,0.337268522
7.215,0.356533229
7.2152,0.337226093
7.2154,0.337204878
7.2156,0.356465946
7.2158,0.29860031
7.216,0.337141234
7.2162,0.317841377
7.2164,0.317821375
7.2166,0.317801374
7.2168,0.317781373
7.217,0.375582743
7.2172,0.857373533
7.2174,0.336992733
7.2176,0.37551182
7.2178,0.375488179
7.218,0.336929089
7.2182,0.356174386
7.2184,0.33688666
7.2186,0.31760136
7.2188,0.259792744
7.219,0.336823017
7.2192,0.317541356
7.2194,0.298262123
7.2196,0.336759373
7.2198,0.298224547
7.22,0.124905424
7.2202,0.31744135
7.2204,0.375180847
7.2206,0.355905254
7.2208,0.355882826
7.221,0.375109925
7.2212,0.375086284
7.2214,0.375062643
7.2216,0.375039002
7.2218,0.355770687
7.222,0.35574826
7.2222,0.336483584
7.2224,0.355703404
7.2226,0.336441155
7.2228,1.259873134
7.223,0.374873516
7.2232,0.355613693
7.2234,0.317121328
7.2236,0.374802593
7.2238,0.374778952
7.224,0.336292653
7.2242,0.374731671
7.2244,0.37470803
7.2246,0.355456699
7.2248,0.355434272
7.225,0.336186581
7.2252,0.336165366
7.2254,0.355366989
7.2256,0.336122937
7.2258,0.374542544
7.226,0.355299705
7.2262,0.374495262
7.2264,0.336038079
7.2266,0.278370191
7.2268,0.316781305
7.227,0.297548173
7.2272,0.335953221
7.2274,0.316721301
7.2276,0.355120284
7.2278,0.29747302
7.228,0.335868363
7.2282,0.316641296
7.2284,-0.221108602
7.2286,0.316601293
7.2288,0.316581292
7.229,0.374164289
7.2292,0.354940862
7.2294,0.374117008
7.2296,0.316501286
7.2298,0.297285138
7.23,0.335656218
7.2302,0.335635003
7.2304,0.354806296
7.2306,0.335592574
7.2308,0.33557136
7.231,0.354739013
7.2312,0.412279549
7.2314,0.316321274
7.2316,0.277930817
7.2318,0.297097257
7.232,0.373809676
7.2322,0.392967624
7.2324,0.335401643
7.2326,0.297022104
7.2328,0.277825367
7.233,0.296984528
7.2332,0.296965739
7.2334,0.316121261
7.2336,0.296928163
7.2338,0.335253142
7.234,0.009330535
7.2342,0.277702342
7.2344,0.316021254
7.2346,0.316001253
7.2348,0.335147069
7.235,0.31596125
7.2352,0.315941249
7.2354,0.373407781
7.2356,0.354223176
7.2358,0.335040996
7.236,0.315861243
7.2362,0.334998567
7.2364,0.315821241
7.2366,0.373265936
7.2368,0.39239598
7.237,0.373218654
7.2372,0.373195013
7.2374,0.33487128
7.2376,0.334850066
7.2378,0.41141933
7.238,0.37310045
7.2382,0.334786422
7.2384,0.373053168
7.2386,0.373029527
7.2388,0.353864332
7.239,0.334701564
7.2392,0.392097732
7.2394,0.353797049
7.2396,-0.622197134
7.2398,0.29634573
7.24,0.334595491
7.2402,0.334574277
7.2404,0.334553062
7.2406,0.372793118
7.2408,0.372769477
7.241,0.334489419
7.2412,0.334468204
7.2414,0.33444699
7.2416,0.353550344
7.2418,0.315281204
7.242,0.334383346
7.2422,0.353483061
7.2424,0.37258035
7.2426,0.296082696
7.2428,0.353415778
7.243,0.334277274
7.2432,0.296026331
7.2434,0.372462146
7.2436,0.372438505
7.2438,0.334192415
7.244,0.372391223
7.2442,0.334149986
7.2444,0.372343941
7.2446,0.3723203
7.2448,0.353191501
7.245,0.334065128
7.2452,0.200324789
7.2454,0.372225737
7.2456,0.314901179
7.2458,0.33398027
7.246,0.333959056
7.2462,0.333937841
7.2464,0.333916627
7.2466,0.295706932
7.2468,0.295688144
7.247,0.295669356
7.2472,0.314741168
7.2474,0.257453006
7.2476,0.295612992
7.2478,0.352855086
7.248,0.352832658
7.2482,0.295556627
7.2484,0.333704481
7.2486,0.295519051
7.2488,0.314581157
7.249,0.276401793
7.2492,0.314541155
7.2494,0.333598409
7.2496,0.333577194
7.2498,0.33355598
7.25,0.295387534
7.2502,0.352585953
7.2504,0.333492336
7.2506,0.352541098
7.2508,0.180899803
7.251,0.333428693
7.2512,0.352473815
7.2514,0.31432114
7.2516,0.295237228
7.2518,0.409594623
7.252,0.295199652
7.2522,0.333301405
7.2524,0.333280191
7.2526,0.314201132
7.2528,0.333237762
7.253,0.295105711
7.2532,0.352249538
7.2534,0.295068135
7.2536,0.371256461
7.2538,0.333131689
7.254,0.314061122
7.2542,0.352137399
7.2544,0.31402112
7.2546,0.333046831
7.2548,0.313981117
7.255,0.313961116
7.2552,0.371067333
7.2554,0.313921113
7.2556,0.313901112
7.2558,0.332919544
7.256,0.294823889
7.2562,0.332877115
7.2564,0.313821106
7.2566,0.351868267
7.2568,0.389910574
7.257,0.332792257
7.2572,0.370830925
7.2574,0.332749828
7.2576,0.313701098
7.2578,0.370760002
7.258,0.38976145
7.2582,0.313641094
7.2584,0.294598431
7.2586,0.370665438
7.2588,0.332601326
7.259,0.332580112
7.2592,0.370594516
7.2594,0.332537683
7.2596,0.332516468
7.2598,0.370523593
7.26,0.332474039
7.2602,0.294429337
7.2604,0.37045267
7.2606,0.332410395
7.2608,0.370405389
7.261,0.332367966
7.2612,0.313341074
7.2614,0.294316608
7.2616,0.275294569
7.2618,0.294279032
7.262,-0.009752955
7.2622,0.313241067
7.2624,0.275224269
7.2626,0.33219825
7.2628,0.332177036
7.263,0.332155821
7.2632,0.294147515
7.2634,0.332113392
7.2636,0.332092177
7.2638,0.313081056
7.264,0.313061055
7.2642,0.332028534
7.2644,0.294034786
7.2646,0.331986105
7.2648,0.369932571
7.265,0.256013167
7.2652,0.350903875
7.2654,0.293940845
7.2656,0.331880032
7.2658,0.312881043
7.266,0.331837603
7.2662,0.293865692
7.2664,0.293846904
7.2666,0.293828116
7.2668,0.312781036
7.267,0.331731531
7.2672,0.293771751
7.2674,0.331689102
7.2676,0.047165049
7.2678,0.31268103
7.268,0.293696599
7.2682,0.331604243
7.2684,0.293659022
7.2686,0.331561814
7.2688,0.3315406
7.269,0.293602658
7.2692,0.331498171
7.2694,0.331476956
7.2696,0.312501017
7.2698,0.293527505
7.27,0.293508717
7.2702,0.331392098
7.2704,0.369270626
7.2706,0.293452353
7.2708,0.331328455
7.271,0.33130724
7.2712,0.331286026
7.2714,0.2933772
7.2716,0.369128781
7.2718,0.331222382
7.272,0.331201167
7.2722,0.331179953
7.2724,0.293283259
7.2726,0.312200997
7.2728,0.368986936
7.273,0.331095095
7.2732,0.160677898
7.2734,0.349984339
7.2736,0.29317053
7.2738,0.349939484
7.274,0.330989022
7.2742,0.368821449
7.2744,0.312020985
7.2746,0.330925379
7.2748,0.311980982
7.275,0.293039013
7.2752,0.330861735
7.2754,0.311920978
7.2756,0.330819306
7.2758,0.368632322
7.276,0.330776877
7.2762,0.368585041
7.2764,0.330734448
7.2766,0.292888708
7.2768,0.368514118
7.277,0.311760968
7.2772,0.33064959
7.2774,0.292813555
7.2776,0.292794767
7.2778,0.292775979
7.278,0.29275719
7.2782,0.330543517
7.2784,0.330522303
7.2786,0.292700826
7.2788,0.160389613
7.279,0.254867841
7.2792,0.311540953
7.2794,0.292625673
7.2796,0.330395015
7.2798,0.330373801
7.28,0.292569309
7.2802,0.311440946
7.2804,0.330310157
7.2806,0.330288943
7.2808,0.311380942
7.281,0.292475368
7.2812,0.29245658
7.2814,0.292437792
7.2816,0.33018287
7.2818,0.330161656
7.282,0.292381427
7.2822,0.292362639
7.2824,0.25458969
7.2826,0.292325063
7.2828,0.311180929
7.283,0.330034369
7.2832,0.311140926
7.2834,0.329991939
7.2836,0.311100923
7.2838,0.32994951
7.284,0.311060921
7.2842,0.311040919
7.2844,-0.575631674
7.2846,0.292137181
7.2848,0.292118393
7.285,0.292099605
7.2852,0.348661105
7.2854,0.329779794
7.2856,0.31090091
7.2858,0.310880908
7.286,0.329716151
7.2862,0.310840906
7.2864,0.329673722
7.2866,0.329652507
7.2868,0.367332074
7.287,0.329610078
7.2872,0.329588864
7.2874,0.367261151
7.2876,0.329546434
7.2878,0.386058194
7.288,0.329504005
7.2882,0.310640892
7.2884,0.329461576
7.2886,0.31060089
7.2888,0.329419147
7.289,0.348234978
7.2892,0.329376718
7.2894,0.329355504
7.2896,0.385834507
7.2898,0.329313075
7.29,-1.534975133
7.2902,0.310440879
7.2904,0.366906538
7.2906,0.329228217
7.2908,0.329207002
7.291,0.310360873
7.2912,0.329164573
7.2914,0.366788333
7.2916,0.329122144
7.2918,0.329100929
7.292,0.329079715
7.2922,0.291423231
7.2924,0.329037286
7.2926,0.329016071
7.2928,0.310180861
7.293,0.328973642
7.2932,0.328952428
7.2934,0.328931213
7.2936,0.366528284
7.2938,0.310080855
7.294,0.366481002
7.2942,0.328846355
7.2944,0.328825141
7.2946,0.328803926
7.2948,0.328782712
7.295,0.366362797
7.2952,0.328740282
7.2954,0.328719068
7.2956,-0.874310831
7.2958,0.328676639
7.296,0.291066256
7.2962,0.291047467
7.2964,0.272236521
7.2966,0.272218946
7.2968,0.272201371
7.297,0.366126388
7.2972,0.290953527
7.2974,0.290934738
7.2976,0.29091595
7.2978,0.290897162
7.298,0.309660826
7.2982,0.328422065
7.2984,0.290840798
7.2986,0.290822009
7.2988,0.309580821
7.299,0.290784433
7.2992,0.309540818
7.2994,0.290746857
7.2996,0.290728069
7.2998,0.328252348
7.3,0.328231134
